outletRiverId,groupId
110003934,103
110013122,102
110015741,103
110015837,102
110018441,102
110018504,102
110019725,102
110019770,102
110019822,102
110021123,102
110021148,102
110021155,102
110022402,102
110022454,102
110023635,102
110023786,102
110024974,102
110025024,102
110026261,102
110026317,102
110026331,102
110026404,102
110027548,103
110027629,102
110028888,102
110028950,102
110028977,102
110028985,102
110029017,102
110030180,102
110030294,102
110030303,102
110030308,102
110030337,102
110031501,102
110031567,102
110031587,102
110031607,102
110031796,102
110032910,102
110032917,102
110032924,102
110032938,102
110032946,102
110032947,102
110034261,102
110034272,102
110034280,102
110034420,102
110035419,103
110035430,102
110035431,102
110035507,102
110036804,102
110036817,102
110036819,102
110036842,102
110036859,102
110036896,102
110038124,102
110038136,102
110038154,102
110039542,102
110039671,102
110040813,102
110040849,102
110042288,102
110043336,102
110043348,102
110043603,102
110043605,102
110043708,102
110044636,102
110044723,102
110045933,102
110046087,102
110046095,102
110046216,102
110046231,102
110046232,102
110047410,102
110049905,102
110050041,102
110050156,102
110051208,102
110051302,102
110052509,102
110052785,102
110053896,102
110055098,103
110055175,102
110055261,102
110055293,102
110056410,103
110056455,102
110056626,102
110058044,102
110059088,102
110059338,102
110060389,102
110060394,102
110060410,102
110060671,102
110061951,102
110061956,102
110061965,102
110064474,102
110064583,102
110064602,102
110066975,102
110067092,102
110068416,102
110068641,102
110069834,102
110069837,102
110069947,102
110069956,102
110072171,102
110072361,102
110073761,102
110074795,102
110075208,102
110076111,102
110076535,102
110079009,102
110079018,102
110080226,102
110080322,102
110080405,102
110082882,102
110083066,102
110084165,102
110084181,102
110084403,102
110085482,102
110085495,102
110086809,102
110086870,102
110087959,102
110088111,102
110088121,102
110088317,102
110088328,102
110089415,102
110089428,102
110089433,102
110089434,102
110090730,102
110090746,102
110090750,102
110091826,103
110092060,102
110092162,102
110092167,102
110093357,102
110093375,102
110093477,102
110093571,102
110094449,103
110094656,102
110094741,102
110094750,102
110094788,102
110094886,102
110095979,102
110097070,103
110097373,102
110097412,102
110097502,102
110098671,102
110098725,102
110098828,102
110099924,102
110099942,102
110101220,102
110101299,102
110101348,102
110101443,102
110102766,102
110103641,103
110105163,102
110106500,102
110106693,102
110107819,102
110107912,102
110109093,102
110110644,102
110111868,102
110113084,102
110113101,102
110113164,102
110114550,102
110114566,102
110115436,103
110115890,102
110117205,102
110118042,103
110118062,103
110118346,102
110118521,102
110118527,102
110119623,102
110119811,102
110119836,102
110122270,102
110122279,102
110122292,102
110122449,102
110123747,102
110123770,102
110124889,102
110126281,102
110127236,103
110127497,102
110127502,102
110127513,102
110128842,102
110128951,102
110129867,103
110130133,102
110130233,102
110131174,103
110131542,102
110132474,103
110132768,102
110132872,102
110134070,102
110134072,102
110134157,102
110134159,102
110134251,102
110135494,102
110135503,102
110135579,102
110136703,102
110136851,102
110138093,102
110138157,102
110138208,102
110139409,102
110139415,102
110139417,102
110139449,102
110139455,102
110139514,102
110140623,102
110140747,102
110140828,102
110143388,102
110143402,102
110143405,102
110144294,103
110144656,102
110144658,102
110144696,102
110144780,102
110147296,102
110147322,102
110147326,102
110148644,102
110148704,102
110149811,102
110149957,102
110150023,102
110151239,102
110152161,103
110152561,102
110152564,102
110152599,102
110153944,102
110155074,102
110155223,102
110156490,102
110156517,102
110156568,102
110156621,102
110157787,102
110157959,102
110159108,102
110159144,102
110159209,102
110162638,103
110164360,102
110165761,102
110166591,103
110168287,102
110169212,103
110169745,102
110170960,102
110172265,102
110173140,103
110173624,102
110176148,102
110176201,102
110177579,102
110178400,103
110179517,103
110179704,103
110181531,102
110182772,102
110183457,103
110185488,102
110186657,102
110186800,102
110186805,102
110188086,102
110190733,102
110191513,103
110193333,102
110193363,102
110195435,103
110195880,102
110196579,103
110199890,102
110205542,101
110207767,102
110209078,102
110211123,103
110211713,102
110213014,102
110214324,102
110215067,103
110218259,102
110218263,102
110218267,102
110218276,102
110218281,102
110218888,103
110221296,101
110222207,102
110222985,103
110223512,102
110223547,102
110224135,103
110224180,103
110224833,102
110226136,102
110226145,102
110226161,102
110226164,102
110226171,102
110228071,103
110228763,102
110228773,102
110230073,102
110230077,102
110230086,102
110230094,102
110230692,103
110232719,102
110232725,102
110233986,102
110234004,102
110234006,102
110234010,102
110234021,102
110234037,102
110235335,102
110235950,103
110236106,103
110236654,102
110237261,103
110237359,103
110237381,103
110237934,102
110237940,102
110239266,102
110239294,102
110240594,102
110240597,102
110240604,102
110241073,101
110241207,103
110241308,103
110242306,101
110242489,103
110242632,103
110243195,102
110243212,102
110243227,102
110245196,103
110248473,102
110249123,103
110249232,103
110249753,102
110249787,102
110250240,101
110252400,102
110252992,103
110253002,103
110253693,102
110254194,101
110255010,102
110256912,103
110256974,103
110257011,103
110258051,101
110258130,101
110258947,102
110259601,103
110259675,103
110259698,103
110259729,103
110261568,102
110261577,102
110261586,102
110263647,103
110265891,101
110265894,101
110267466,103
110268137,102
110269458,102
110269841,101
110270160,103
110271448,103
110271522,103
110272094,102
110272449,101
110272564,101
110272828,103
110273837,101
110273865,101
110273874,101
110274053,103
110274119,103
110274147,103
110274685,102
110275061,101
110275069,101
110275099,101
110275996,102
110276469,101
110276651,103
110277343,102
110277821,101
110278020,103
110278022,103
110278028,103
110278620,102
110278624,102
110279022,101
110279259,103
110279268,103
110280343,101
110281247,102
110281623,101
110281647,101
110281872,103
110282560,102
110283061,101
110283876,102
110285542,101
110285871,103
110286495,102
110286521,102
110287003,101
110287124,103
110287200,103
110287222,103
110287834,102
110288269,101
110289535,101
110290810,101
110290934,101
110292150,101
110292152,101
110293414,101
110293477,101
110293540,101
110293692,103
110294399,102
110294833,101
110295100,103
110296116,101
110296304,103
110297026,102
110297402,101
110299017,103
110301343,101
110301434,101
110301628,103
110301649,103
110301680,103
110302625,101
110302899,103
110302996,103
110303577,102
110303591,102
110303883,101
110304065,101
110304069,101
110304206,103
110304889,102
110305200,101
110305282,101
110305283,101
110305534,103
110306822,103
110306880,103
110307888,101
110307899,101
110307987,101
110307993,101
110308134,103
110309190,101
110310508,101
110310791,103
110312171,103
110313242,101
110314440,101
110314469,101
110315746,101
110315818,101
110317079,101
110318657,103
110319292,102
110319684,101
110319775,101
110319783,101
110319986,103
110320048,103
110320606,102
110320616,102
110321238,103
110321954,102
110322483,103
110322679,103
110323734,101
110326250,101
110327871,103
110328516,102
110330433,103
110330479,103
110331136,102
110331512,101
110331595,101
110331852,103
110333011,103
110334118,101
110335446,101
110336858,101
110337694,102
110337695,102
110338022,101
110338128,101
110340759,101
110340804,101
110341949,101
110343349,101
110343387,101
110345570,102
110346008,101
110347309,101
110347312,101
110348578,101
110348836,103
110349508,102
110349814,101
110350014,103
110350018,103
110351298,101
110352443,101
110353758,101
110354759,102
110355183,101
110356402,101
110357768,101
110357808,101
110360430,101
110361318,102
110361627,101
110363045,101
110363936,102
110364338,101
110365248,102
110366863,101
110367002,101
110368296,101
110370929,101
110371000,103
110371809,102
110372111,101
110372345,103
110373591,101
110377058,102
110377514,101
110380077,101
110380090,101
110380092,101
110382757,101
110382782,101
110383989,101
110384026,101
110384045,101
110388087,103
110389255,101
110391490,102
110391738,101
110391935,101
110392805,102
110394115,102
110394520,101
110395429,102
110395752,101
110395837,101
110395855,101
110397165,101
110397286,103
110398054,102
110401100,101
110404608,102
110404611,102
110404619,102
110404621,102
110407235,102
110407544,101
110408544,102
110411500,101
110412486,102
110412894,101
110413794,102
110413803,102
110414204,101
110415116,102
110417729,102
110417737,102
110419049,102
110419330,101
110419564,103
110420353,102
110422978,102
110424698,101
110426134,103
110427316,101
110428628,101
110429548,102
110429834,101
110431377,103
110436498,101
110437415,102
110442659,102
110443068,101
110443979,102
110444384,101
110444460,103
110446595,102
110451843,102
110453168,102
110454975,103
110466277,102
110466561,101
110482024,102
110483335,102
110485181,103
110485959,102
110492537,102
110492736,102
110493834,102
110494343,103
110496459,102
110496938,103
110496967,103
110498275,103
110504820,103
110509586,102
110514020,103
110518768,102
110527989,102
110529278,102
110532420,103
110535822,102
110539759,102
110542390,102
110544170,103
110545005,102
110555505,102
110558618,103
110559437,102
110560758,102
110564764,102
110566116,102
110570000,102
110575184,102
110581962,102
110583064,102
110584376,102
110587151,102
110592245,102
110598804,102
110600121,102
110601494,102
110609294,102
110609529,102
110610790,101
110614695,102
110616010,102
110619803,102
110619868,102
110619994,102
110622493,102
110623726,102
110625049,102
110625059,102
110631607,102
110631608,102
110631653,102
110632920,102
110632955,102
110636856,102
110636857,102
110639473,102
110639652,101
110639664,101
110640972,101
110641003,102
110646040,102
110647352,102
110647528,102
110651508,101
110656684,101
110659160,102
110660646,101
110661998,102
110663113,102
110667025,102
110667031,102
110667090,102
110668340,102
110669684,102
110670959,102
110672271,102
110673766,101
110673808,102
110676259,102
110678886,102
110680360,102
110685404,102
110688025,102
110688199,102
110689484,102
110690738,102
110690750,102
110695910,102
110696080,102
110701222,102
110701301,102
110703768,102
110703954,101
110706389,102
110706463,102
110707772,102
110709013,102
110709037,102
110709065,102
110710365,102
110710382,102
110711643,102
110715722,102
110716955,102
110717063,102
110719509,102
110721032,102
110724763,102
110726093,102
110730185,101
110731469,102
110732808,101
110735438,102
110738060,102
110740503,102
110741925,102
110748568,101
110751038,102
110751050,102
110752408,102
110753623,102
110753722,102
110759017,102
110760266,102
110762913,102
110762955,101
110765637,101
110768126,102
110768231,101
110769491,102
110770741,102
110773344,102
110774749,101
110774803,102
110777283,102
110778645,102
110778663,102
110779998,102
110780054,101
110782580,102
110783923,102
110783959,102
110787906,102
110789101,102
110790391,102
110791737,102
110794448,102
110794467,102
110798388,102
110799729,101
110800855,102
110803570,102
110808889,102
110818063,101
110819312,102
110819357,101
110823163,102
110823306,102
110824544,102
110828485,102
110829894,102
110831079,102
110842994,101
110850875,102
110852170,102
110853412,102
110853500,102
110858692,102
110862667,101
110866626,101
110870540,102
110873059,102
110879715,102
110912515,102
120011639,107
120018292,107
120024945,107
120049901,107
120051551,107
120054881,107
120059873,107
120081502,107
120093133,107
120094797,107
120094812,107
120099801,107
120101456,107
120104782,107
120104783,107
120104797,107
120106450,107
120114763,107
120118085,107
120121418,107
120128080,107
120131402,107
120134731,107
120138053,107
120146379,107
120153032,107
120154691,107
120154696,107
120158028,107
120161353,107
120163017,107
120169673,107
120171333,107
120177990,107
120179656,107
120184629,107
120184646,107
120186292,107
120187974,107
120189622,107
120189636,107
120194617,107
120194631,107
120211215,107
120211237,107
120214599,107
120219571,107
120221245,107
120226227,107
120229572,107
120231233,107
120232894,107
120234541,107
120237818,107
120244527,107
120247837,107
120249500,107
120254502,107
120257659,107
120257741,107
120261151,107
120269418,107
120269484,107
120272758,107
120272820,107
120276085,107
120277763,107
120279451,107
120281034,107
120281068,107
120281102,107
120282651,107
120284436,107
120286113,107
120289459,107
120292738,107
120296070,107
120302758,107
120305993,107
120306020,107
120307556,107
120307660,107
120310806,105
120310902,107
120310970,107
120314210,105
120317704,107
120319097,105
120319160,107
120319236,107
120319384,107
120320957,107
120320992,107
120321004,107
120321006,107
120322651,107
120324196,107
120324304,107
120325799,105
120326016,107
120326019,107
120329181,105
120332437,107
120332511,107
120334329,107
120337634,107
120337672,107
120339162,107
120340935,107
120344057,105
120344086,106
120344131,105
120344275,107
120344332,107
120347410,105
120347473,105
120347598,107
120349276,107
120350595,105
120350890,107
120350915,107
120352406,107
120352418,105
120352547,107
120353983,105
120354141,107
120354147,106
120355620,105
120357261,105
120357338,105
120357452,105
120357503,107
120358939,105
120359207,107
120360762,107
120360897,107
120362517,107
120365563,105
120365733,105
120365800,107
120365916,107
120367449,106
120368896,105
120368993,105
120369039,105
120370572,105
120370679,107
120372590,107
120373927,107
120374005,105
120374102,107
120374108,107
120377386,106
120377387,105
120377394,107
120377438,107
120377493,107
120378823,105
120379147,107
120379152,107
120380590,105
120380738,105
120380776,107
120382381,105
120382433,105
120382490,107
120385704,105
120390638,107
120390761,107
120390774,107
120390839,107
120392163,105
120392204,105
120392498,107
120394078,107
120394091,107
120395484,105
120395508,105
120397363,106
120397427,107
120398921,105
120398991,105
120400833,107
120402270,105
120402293,106
120403841,105
120403876,105
120403945,105
120403975,105
120405592,105
120405617,105
120405706,107
120407281,105
120407468,107
120408773,105
120409050,107
120409133,107
120410471,105
120410593,105
120410641,105
120410663,105
120410721,105
120412261,105
120412383,107
120413785,105
120414010,107
120414034,106
120415364,105
120415493,105
120417147,105
120417194,105
120417225,105
120417236,105
120417353,105
120418686,104
120418821,105
120418937,106
120418991,106
120419006,107
120419010,107
120419019,107
120419044,107
120420409,105
120420514,105
120420604,105
120421863,105
120422380,107
120423962,105
120423979,105
120424036,107
120425447,105
120425563,105
120425640,107
120427026,105
120427272,105
120427332,107
120427334,107
120428679,105
120428806,106
120428817,105
120428861,105
120428864,105
120429106,107
120430348,105
120430677,107
120430731,107
120432264,106
120433800,105
120433954,107
120433962,107
120434016,107
120435385,105
120435664,107
120436939,104
120437059,105
120437198,105
120437214,105
120437277,107
120437321,105
120438797,105
120438846,105
120438936,106
120438982,106
120440375,105
120440402,107
120440467,105
120440474,105
120440496,105
120440500,105
120440590,106
120440638,107
120442054,105
120442148,106
120442287,107
120443703,105
120443737,106
120443929,106
120444071,107
120445440,106
120445451,105
120445636,107
120445653,106
120446857,104
120447064,105
120447199,105
120447206,105
120447279,107
120448675,105
120448842,105
120448864,105
120448891,105
120448935,106
120452124,107
120452173,105
120452195,105
120452227,105
120453918,107
120453970,106
120455346,105
120455512,105
120455531,105
120456968,104
120456984,104
120457053,105
120457131,106
120458571,104
120458713,105
120458787,105
120458938,107
120458967,107
120460303,105
120460417,105
120460468,105
120460504,105
120460666,107
120461801,105
120463691,105
120463778,106
120463793,105
120463797,106
120467065,106
120467088,105
120467131,105
120467204,106
120467215,106
120468572,104
120468633,105
120468725,105
120468739,105
120468840,106
120470200,105
120470377,105
120470500,106
120472068,105
120472117,105
120473578,104
120473723,105
120473867,107
120473903,107
120473940,107
120475509,106
120475608,107
120477041,105
120478604,105
120478732,105
120478835,105
120478932,107
120478955,107
120480487,105
120480584,106
120481927,105
120481977,105
120482204,106
120482264,107
120482314,107
120483472,105
120483562,104
120483679,105
120483701,105
120483725,105
120483842,107
120483920,107
120485313,106
120485363,105
120487123,105
120488826,106
120488917,107
120490397,106
120491903,105
120491915,105
120493607,105
120493650,105
120493912,107
120495093,104
120495434,105
120495448,105
120496985,106
120498070,105
120498445,104
120498586,105
120500275,105
120501881,104
120501896,105
120502101,106
120503279,104
120503472,105
120503600,105
120505026,104
120505391,106
120505396,106
120505438,107
120505490,107
120505555,107
120506981,105
120507131,106
120508233,104
120508642,105
120508681,106
120509983,105
120512027,107
120512044,105
120513570,105
120513615,105
120513638,106
120513693,106
120515217,105
120515376,106
120517005,105
120517016,105
120518580,105
120518637,105
120518766,106
120520047,104
120520094,105
120520213,105
120520259,107
120520386,105
120520392,105
120523191,105
120523440,104
120523453,104
120523665,106
120523704,105
120526929,106
120527039,105
120528260,105
120528707,106
120530406,106
120531962,105
120533369,104
120533467,104
120533498,105
120533672,105
120533679,106
120535027,105
120535279,106
120536942,105
120537020,105
120538440,104
120538590,106
120539780,105
120539819,105
120539928,105
120540034,104
120540136,106
120540176,105
120540209,106
120540287,106
120540306,105
120541653,105
120541885,105
120542003,105
120543010,105
120543274,105
120543392,104
120543422,105
120543532,105
120545279,105
120546907,105
120546914,106
120548351,104
120548625,106
120548756,107
120549773,105
120549849,104
120551796,104
120551810,105
120551858,106
120552001,106
120553397,104
120553504,105
120554924,104
120555093,105
120555299,105
120556768,105
120558129,105
120558521,104
120558591,107
120558605,105
120558647,105
120560230,107
120560338,105
120561727,105
120561779,105
120561881,107
120561924,106
120561981,105
120563209,104
120563517,105
120564986,104
120566586,105
120567035,107
120568065,104
120568169,105
120570111,105
120571291,105
120571415,104
120571763,104
120573436,104
120575255,105
120576786,104
120578517,105
120578592,106
120580077,104
120581650,105
120581731,105
120581842,107
120581966,105
120584948,104
120586560,105
120586598,105
120586622,105
120586715,105
120586717,105
120588027,104
120588239,105
120588248,105
120589729,104
120590185,106
120594998,105
120596846,106
120596924,106
120598525,105
120598583,106
120599857,105
120600130,106
120601717,105
120601811,106
120604684,105
120604777,104
120604820,105
120606558,105
120606625,104
120606907,106
120609629,104
120609706,105
120609757,105
120611557,105
120613038,105
120613356,105
120614687,105
120614776,104
120616433,104
120616693,105
120617969,105
120618033,104
120618093,105
120619642,105
120619857,105
120621523,104
120621806,106
120623183,104
120623443,106
120626204,105
120626250,104
120626428,105
120628005,105
120631454,105
120633149,105
120634664,104
120636359,105
120638209,105
120639543,105
120639639,105
120639813,104
120641494,105
120641567,105
120644963,105
120647922,105
120649676,105
120649905,104
120651318,104
120651414,105
120652944,105
120654707,105
120657948,104
120658072,104
120659774,105
120661435,105
120663124,104
120663152,105
120666287,104
120666395,105
120666422,105
120668046,105
120669793,105
120672975,105
120674760,105
120676490,104
120677895,105
120681320,105
120681345,105
120683065,105
120683112,104
120684511,104
120686283,105
120689714,105
120689860,104
120691226,104
120691348,104
120696331,104
120696389,105
120701244,105
120703142,104
120704613,104
120704638,105
120706305,104
120709498,104
120714624,105
120717884,104
120719453,105
120719457,104
120721412,105
120724513,105
120731129,105
120734608,105
120736081,104
120737786,105
120746149,104
120746190,104
120749536,105
120759466,104
120766111,104
120772729,105
120774411,104
120792679,104
130054736,110
130063239,110
130066711,110
130075129,110
130080308,110
130080355,110
130081972,110
130083795,110
130087079,110
130092274,110
130094013,110
130094048,110
130095615,110
130097338,110
130097426,110
130099182,110
130100781,110
130100857,110
130100929,110
130100931,110
130102496,110
130107794,110
130111157,110
130112728,110
130112905,110
130114411,110
130114622,110
130116197,110
130116319,110
130117952,110
130119602,110
130121500,110
130123012,110
130128189,110
130128212,110
130131531,110
130135053,110
130136685,110
130136688,110
130141795,110
130143641,110
130146910,110
130152085,110
130152186,110
130153771,110
130160617,110
130177729,110
130189733,110
130193114,110
130196537,110
130196538,110
130199962,110
130201677,110
130203401,110
130211955,110
130211982,110
130239313,110
130278703,110
130282097,110
130299223,110
130300899,110
130352277,110
130406866,110
130434224,110
130434418,110
130437804,110
130442985,110
130448825,109
130465093,110
130470127,110
130477137,110
130479905,109
130488939,110
130490842,110
130495084,109
130495814,110
130497234,109
130497666,110
130498950,109
130499255,110
130502756,110
130505891,109
130507726,110
130519740,110
130523159,110
130523409,110
130524159,109
130524444,109
130526723,110
130528425,110
130531012,109
130531087,109
130531774,110
130531791,110
130531830,110
130538829,110
130539607,109
130540014,109
130540507,110
130541268,109
130541558,109
130544701,109
130545365,109
130552142,109
130554069,110
130555621,109
130555757,110
130559055,109
130560952,110
130563543,109
130565524,109
130568699,109
130574534,110
130576178,109
130578116,110
130580988,109
130582442,109
130582577,109
130584093,109
130584714,109
130584771,110
130584872,110
130587808,109
130588133,108
130588145,109
130599832,109
130600398,110
130603190,109
130603654,110
130606674,109
130610099,109
130610258,109
130610574,110
130613519,109
130615603,110
130622633,110
130625411,109
130628578,109
130630999,110
130632490,109
130633719,109
130633753,109
130637970,110
130644211,109
130646216,109
130655207,110
130657771,109
130657950,109
130659539,109
130661291,109
130661995,110
130662882,109
130663085,109
130665094,109
130666484,109
130666596,109
130667963,109
130668011,109
130668447,109
130676841,109
130678348,109
130678418,109
130681709,109
130683385,109
130683577,109
130683637,109
130687343,109
130690633,109
130690892,109
130695809,109
130697332,109
130704012,109
130711047,109
130711124,109
130715909,109
130722864,109
130724835,109
130729654,109
130731366,109
130736449,109
130742191,109
130745580,109
130747391,108
130748422,109
130748594,109
130748624,109
130750761,109
130753607,109
130762167,109
130765697,109
130770757,109
130789607,109
140004362,111
140005819,111
140014552,111
140017462,111
140021829,113
140023281,113
140024741,111
140026197,112
140027655,111
140030561,112
140037836,112
140037843,112
140042210,111
140043667,111
140048030,113
140049484,111
140052399,111
140053850,111
140055310,111
140056766,111
140058223,112
140059674,112
140061127,113
140065495,112
140066953,113
140068407,112
140071581,111
140072776,112
140072779,111
140072976,111
140074229,111
140075953,111
140077143,111
140080321,111
140081777,111
140087317,112
140088779,113
140096069,112
140097520,112
140097808,111
140098970,112
140098971,112
140098975,112
140101877,112
140104797,112
140107688,113
140109160,112
140109436,111
140110893,111
140112346,111
140112351,111
140113522,113
140114980,112
140114988,112
140116423,113
140116724,111
140119343,113
140119346,112
140119351,113
140119636,111
140126621,112
140132444,113
140133894,113
140139722,113
140140015,111
140141180,113
140142634,112
140142955,111
140145556,113
140147370,111
140147464,111
140149910,112
140154606,111
140160102,112
140160105,112
140160466,111
140161916,111
140163003,113
140174991,111
140177570,113
140179028,113
140179452,111
140183392,112
140184844,112
140186303,113
140186670,111
140188129,111
140190656,113
140190668,113
140195034,112
140195038,112
140202316,113
140208511,111
140209596,113
140211047,113
140213953,112
140215415,113
140227028,112
140227053,113
140227620,112
140228478,113
140231944,112
140234867,111
140240136,113
140240151,113
140242152,111
140254707,113
140256701,112
140257614,113
140257628,113
140260522,113
140263966,112
140264873,113
140264906,112
140268352,111
140268381,111
140268389,112
140269286,112
140269832,112
140269835,111
140273651,113
140274157,111
140280048,111
140287306,111
140291096,112
140292558,113
140293121,111
140294026,113
140296020,111
140298364,113
140301842,111
140301888,111
140307105,112
140307689,111
140310037,112
140317880,111
140317921,111
140320799,111
140321659,112
140336225,113
140339122,112
140339739,112
140344917,112
140344930,112
140348478,111
140356603,113
140358679,112
140359497,113
140363442,112
140365947,112
140365969,111
140368216,113
140371776,111
140376163,111
140379038,111
140379085,111
140380576,111
140382813,113
140396548,111
140397984,111
140404619,113
140408235,112
140416262,113
140418619,112
140421565,112
140421696,112
140422065,112
140424221,111
140432984,112
140435895,112
140437683,112
140443522,112
140447883,112
140452046,112
140454109,113
140456636,112
140458433,112
140459170,111
140465355,112
140468233,112
140469655,112
140472628,112
140476746,111
140478864,112
140479912,112
140481776,113
140482765,112
140482902,112
140483223,112
140488655,112
140491309,111
140491432,112
140493397,112
140495925,112
140497066,111
140497219,112
140497762,112
140503211,112
140503305,112
140504280,112
140504338,112
140505788,112
140505996,112
140507625,112
140508703,112
140510808,112
140512022,112
140513143,112
140513354,112
140516313,112
140518026,112
140520464,112
140521044,112
140521798,112
140526391,112
140531006,112
140533825,112
140537006,112
140539690,112
140540917,112
140542222,112
140545424,112
140546550,112
140548337,112
140551408,112
140553932,112
140554162,112
140554239,112
140554385,112
140558207,112
140558392,112
140560313,112
140561838,112
140564119,112
140565881,112
140567003,112
140567337,112
140568946,112
140570243,112
140571622,112
140571944,112
140575905,112
140580620,112
140581496,111
140583655,112
140584860,112
140584871,111
140584981,112
140586017,112
140586051,112
140586327,111
140587327,112
140588776,111
140596617,112
140597762,112
140599042,112
140599080,112
140599371,112
140599519,112
140602214,112
140602523,112
140606742,112
140608036,112
140612678,112
140613988,112
140615379,112
140618312,112
140618525,112
140621345,112
140625685,112
140628553,112
140629689,112
140637009,112
140638860,112
140638948,112
140642936,112
140651874,112
140653236,112
140653306,112
140656231,112
140657670,112
140665009,112
140669089,112
140669461,112
140673883,112
140676324,112
140676674,112
140679609,112
140680946,112
140692770,112
140694122,112
140724742,112
140727677,112
140734865,112
140756684,112
140756746,112
150003996,114
150041702,114
150049652,114
150062968,114
150065528,114
150069496,114
150075442,114
150077426,114
150085370,114
150116971,114
150150706,114
150152553,114
150154815,114
150156801,114
150158782,114
150162492,114
150162751,114
150164735,114
150164737,114
150166719,114
150172504,114
150172686,114
150176351,114
150176372,114
150176490,114
150176493,114
150176643,114
150178360,114
150184297,114
150186385,114
150186407,114
150188329,114
150190342,114
150190532,114
150192340,114
150192533,114
150196215,114
150198175,114
150202168,114
150202449,114
150204121,114
150204257,114
150206146,114
150206402,114
150208222,114
150210104,114
150210137,114
150210376,114
150210379,114
150212054,114
150214066,114
150214068,114
150214072,114
150216052,114
150216330,114
150216342,114
150218024,114
150218095,114
150220063,114
150223987,114
150224041,114
150226250,114
150227919,114
150227960,114
150228256,114
150229960,114
150231877,114
150232199,114
150233877,114
150233880,114
150234194,114
150235869,114
150235949,114
150236170,114
150237864,114
150239874,114
150245769,114
150252039,114
150252077,114
150255707,114
150255723,114
150256019,114
150256026,114
150256028,114
150257671,114
150269596,114
150271591,114
150273576,114
150281506,114
150281862,114
150283425,114
150283469,114
150285441,114
150289809,114
150297748,114
150301678,114
150303250,114
150303281,114
150307250,114
150309642,114
150313222,114
150317133,114
150317146,114
150317555,114
150321086,114
150321568,114
150323129,114
150341442,114
150345394,114
150352844,114
150353284,114
150353482,114
150355279,114
150357275,114
150360768,114
150361244,114
150362748,114
150363227,114
150364741,114
150366678,114
150373183,114
150374696,114
150376681,114
150378649,114
150381083,114
150381106,114
150386574,114
150389043,114
150390557,114
150392332,114
150392540,114
150393035,114
150393064,114
150398965,114
150398969,114
150402296,114
150404404,114
150404412,114
150406431,114
150406874,114
150408887,114
150408957,114
150410324,114
150410890,114
150412271,114
150414956,114
150416297,114
150418174,114
150418841,114
150420129,114
150420800,114
150422801,114
150424079,114
150424207,114
150424779,114
150426149,114
150426175,114
150426227,114
150426280,114
150428718,114
150430021,114
150430027,114
150430215,114
150430249,114
150430839,114
150432127,114
150432149,114
150434658,114
150434797,114
150436011,114
150436031,114
150436049,114
150436127,114
150436742,114
150436807,114
150438802,114
150438819,114
150439999,114
150440649,114
150440783,114
150441952,114
150442033,114
150442048,114
150442747,114
150442752,114
150444005,114
150444032,114
150444063,114
150444070,114
150444615,114
150444686,114
150444721,114
150445943,114
150445952,114
150446046,114
150446061,114
150447959,114
150448723,114
150449924,114
150449973,114
150450631,114
150450720,114
150451922,114
150452522,114
150452672,114
150454506,114
150454552,114
150454580,114
150454693,114
150455935,114
150456560,114
150456592,114
150456594,114
150456648,114
150456673,114
150457827,114
150457853,114
150457926,114
150458019,114
150458507,114
150459779,114
150459881,114
150461807,114
150461820,114
150461824,114
150461853,114
150462475,114
150462560,114
150462589,114
150462596,114
150463800,114
150463892,114
150464541,114
150465780,114
150465797,114
150466436,114
150466448,114
150466466,114
150469840,114
150469883,114
150470414,114
150471676,114
150471731,114
150471772,114
150471773,114
150471806,114
150472548,114
150472588,114
150473829,114
150474423,114
150474441,114
150474479,114
150475700,114
150475709,114
150475718,114
150475790,114
150476441,114
150476480,114
150477776,114
150478395,114
150479629,114
150479715,114
150480335,114
150481614,114
150481747,114
150482296,114
150483610,114
150485680,114
150486286,114
150487588,114
150487733,114
150488272,114
150488397,114
150488408,114
150489562,114
150489633,114
150490260,114
150492270,114
150493542,114
150493554,114
150493651,114
150494226,114
150494307,114
150494396,114
150495594,114
150498198,114
150498207,114
150501525,114
150502230,114
150502243,114
150502300,114
150503458,114
150503517,114
150504270,114
150504278,114
150505489,114
150506173,114
150507473,114
150508185,114
150509390,114
150509522,114
150510102,114
150510131,114
150510211,114
150510243,114
150510285,114
150513309,114
150513403,114
150513424,114
150513458,114
150513476,114
150513502,114
150514173,114
150514192,114
150514244,114
150515354,114
150516072,114
150516129,114
150516188,114
150517395,114
150518061,114
150518148,114
150519428,114
150520141,114
150522197,114
150523289,114
150523422,114
150524029,114
150524035,114
150526125,114
150527306,114
150529291,114
150529296,114
150530056,114
150530093,114
150531343,114
150532048,114
150533281,114
150533322,114
150533928,114
150534059,114
150535268,114
150535283,114
150537162,114
150537251,114
150537304,114
150537871,114
150537890,114
150537993,114
150541203,114
150541223,114
150541961,114
150543196,114
150543204,114
150544012,114
150547124,114
150547810,114
150549117,114
150551005,114
150551918,114
150551929,114
150554980,114
150555870,114
150555890,114
150557010,114
150561037,114
150562988,114
150565021,114
150567786,114
150569809,114
150571776,114
150574837,114
150578779,114
150578899,114
150580903,114
150581705,114
150583654,114
150583697,114
150583701,114
150584900,114
150587661,114
150591614,114
150595602,114
150601527,114
150607483,114
150607496,114
150608676,114
150615447,114
150617436,114
150617437,114
150622431,114
150622440,114
150623383,114
150625369,114
150626405,114
150629366,114
150632353,114
150633320,114
150634483,114
150636428,114
150640267,114
150640279,114
150641263,114
150642282,114
150643219,114
150645209,114
150645233,114
150647204,114
150648219,114
150648235,114
150653145,114
150653156,114
150653165,114
150655132,114
150657125,114
150659107,114
150661133,114
150667055,114
150670024,114
150672021,114
150672984,114
150673060,114
150673066,114
150674973,114
150675990,114
150679012,114
150679956,114
150680944,114
150682902,114
150682904,114
150683908,114
150684888,114
150686880,114
150688856,114
150688949,114
150690863,114
150692829,114
150693844,114
150700871,114
150703766,114
150704751,114
150704831,114
150713692,114
150716637,114
150717629,114
150721608,114
150722584,114
150722598,114
150722605,114
150723576,114
150725589,114
150726615,114
150727569,114
150728576,114
150728670,114
150729524,114
150730609,114
150730625,114
150731544,114
150732559,114
150734523,114
150736557,114
150737350,114
150738494,114
150738528,114
150738553,114
150738566,114
150740465,114
150740467,114
150741448,114
150741456,114
150741459,114
150742476,114
150742487,114
150747415,114
150748379,114
150748406,114
150748407,114
150749369,114
150752382,114
150754418,114
150756338,114
150756390,114
150756426,114
150757322,114
150758403,114
150760336,114
150762313,114
150763268,114
150764343,114
150767218,114
150768314,114
150769210,114
150770310,114
150772282,114
150772311,114
150773137,114
150779156,114
150780177,114
150780198,114
150781027,114
150781048,114
150782173,114
150782247,114
150782248,114
150782972,114
150784191,114
150784193,114
150784264,114
150784367,114
150787068,114
150787084,114
150788119,114
150788180,114
150791033,114
150792155,114
150792975,114
150793004,114
150794048,114
150794981,114
150796128,114
150796859,114
150796939,114
150798054,114
150798957,114
150800062,114
150801975,114
150803970,114
150804038,114
150807927,114
150808014,114
150808022,114
150808072,114
150810043,114
150811921,114
150812801,114
150812888,114
150813938,114
150813972,114
150815874,114
150815933,114
150817863,114
150817920,114
150817942,114
150817956,114
150819840,114
150819895,114
150820768,114
150821849,114
150821861,114
150822676,114
150823894,114
150824032,114
150824718,114
150824751,114
150825875,114
150826704,114
150827880,114
150828027,114
150831788,114
150833739,114
150833765,114
150833766,114
150833769,114
150833911,114
150834591,114
150834655,114
150835780,114
150836631,114
150837735,114
150837742,114
150838652,114
150839723,114
150840664,114
150841732,114
150841767,114
150843681,114
150843740,114
150845730,114
150845837,114
150847649,114
150847708,114
150847714,114
150847742,114
150848459,114
150848498,114
150849625,114
150849677,114
150852522,114
150852537,114
150853659,114
150854455,114
150855686,114
150856496,114
150857536,114
150857563,114
150857702,114
150858378,114
150859630,114
150859782,114
150860355,114
150860386,114
150861523,114
150861582,114
150861597,114
150861619,114
150862385,114
150863544,114
150863587,114
150864390,114
150865570,114
150865617,114
150866425,114
150867474,114
150867511,114
150867797,114
150869855,114
150870298,114
150870319,114
150870388,114
150871506,114
150871516,114
150872360,114
150873500,114
150874246,114
150874250,114
150874355,114
150875486,114
150877379,114
150877538,114
150877551,114
150877605,114
150877649,114
150881413,114
150881470,114
150883384,114
150883416,114
150883424,114
150883460,114
150883967,114
150884155,114
150884221,114
150884272,114
150885353,114
150885401,114
150885456,114
150885473,114
150885696,114
150886154,114
150886162,114
150887389,114
150887559,114
150888249,114
150889372,114
150889461,114
150890137,114
150890164,114
150890228,114
150891342,114
150891480,114
150892096,114
150893420,114
150895273,114
150895383,114
150895407,114
150897243,114
150897326,114
150897361,114
150897371,114
150897496,114
150897611,114
150898155,114
150899388,114
150900059,114
150901288,114
150901330,114
150901334,114
150901378,114
150901474,114
150901565,114
150903173,114
150903236,114
150903258,114
150903272,114
150905251,114
150905293,114
150905309,114
150906079,114
150907239,114
150907447,114
150907538,114
150907565,114
150907996,114
150908075,114
150909321,114
150909394,114
150909398,114
150909535,114
150909845,114
150910026,114
150910066,114
150911246,114
150911316,114
150911367,114
150911531,114
150911538,114
150913238,114
150915184,114
150915208,114
150915378,114
150915998,114
150917200,114
150917401,114
150917883,114
150917997,114
150919287,114
150919442,114
150919681,114
150919878,114
150919934,114
150921122,114
150921133,114
150921211,114
150923129,114
150923438,114
150923667,114
150923770,114
150925087,114
150925151,114
150925167,114
150925231,114
150925286,114
150925846,114
150925932,114
150927223,114
150927374,114
150927402,114
150927863,114
150929116,114
150929794,114
150929823,114
150929865,114
150929876,114
150931021,114
150931089,114
150931117,114
150931125,114
150931356,114
150931585,114
150931795,114
150931847,114
150931877,114
150933291,114
150933368,114
150933774,114
150934980,114
150934984,114
150935033,114
150935046,114
150935738,114
150936987,114
150937146,114
150937159,114
150937181,114
150937760,114
150938960,114
150938992,114
150939125,114
150939519,114
150940928,114
150941019,114
150941184,114
150941671,114
150942983,114
150943045,114
150943241,114
150943660,114
150945098,114
150945651,114
150945674,114
150946910,114
150946930,114
150946954,114
150946969,114
150946991,114
150947033,114
150948973,114
150949199,114
150949233,114
150949563,114
150949624,114
150949673,114
150950859,114
150951027,114
150951185,114
150951206,114
150951582,114
150951616,114
150951691,114
150952894,114
150952938,114
150953055,114
150954843,114
150954998,114
150955073,114
150955623,114
150955664,114
150956813,114
150956816,114
150956825,114
150956862,114
150956893,114
150957136,114
150957139,114
150957684,114
150958843,114
150958865,114
150958927,114
150958941,114
150959000,114
150959146,114
150961049,114
150961260,114
150962829,114
150962878,114
150962882,114
150962967,114
150963121,114
150963493,114
150963517,114
150963586,114
150964828,114
150964838,114
150964875,114
150964958,114
150966864,114
150966915,114
150966967,114
150967059,114
150967280,114
150967461,114
150967600,114
150968725,114
150968827,114
150968829,114
150968916,114
150968963,114
150968978,114
150969038,114
150969042,114
150969441,114
150969444,114
150969445,114
150969548,114
150969556,114
150970875,114
150970952,114
150971396,114
150971562,114
150972750,114
150972882,114
150972893,114
150973263,114
150973411,114
150973425,114
150973475,114
150974739,114
150974774,114
150974789,114
150975286,114
150975399,114
150975404,114
150976649,114
150976680,114
150976940,114
150977077,114
150978757,114
150978781,114
150978894,114
150978921,114
150979001,114
150979277,114
150979350,114
150979384,114
150979445,114
150980709,114
150980720,114
150980967,114
150981268,114
150982638,114
150982702,114
150982857,114
150982931,114
150982972,114
150983212,114
150983367,114
150985336,114
150985340,114
150985346,114
150986887,114
150987293,114
150987313,114
150988615,114
150988655,114
150988687,114
150988778,114
150989139,114
150989382,114
150990572,114
150990623,114
150990826,114
150990866,114
150990937,114
150991052,114
150991332,114
150992533,114
150992582,114
150992699,114
150992710,114
150992826,114
150992895,114
150994604,114
150994631,114
150994645,114
150994667,114
150994830,114
150994831,114
150994832,114
150994886,114
150995010,114
150995269,114
150995333,114
150996693,114
150996726,114
150996730,114
150996817,114
150997028,114
150997239,114
150998571,114
150998605,114
150998664,114
150998687,114
150998801,114
150998817,114
150999218,114
150999301,114
151000456,114
151000544,114
151000672,114
151001181,114
151001210,114
151001234,114
151002518,114
151002617,114
151002621,114
151002679,114
151002809,114
151003085,114
151003169,114
151004454,114
151004469,114
151004556,114
151004600,114
151004693,114
151004710,114
151004971,114
151004986,114
151005047,114
151005220,114
151006470,114
151006677,114
151006691,114
151006699,114
151006725,114
151007051,114
151007072,114
151007181,114
151007236,114
151008526,114
151008715,114
151008837,114
151009027,114
151009095,114
151009136,114
151009161,114
151009198,114
151010432,114
151010455,114
151010544,114
151010602,114
151010712,114
151012444,114
151012465,114
151012578,114
151012651,114
151012691,114
151012699,114
151012877,114
151012923,114
151012991,114
151013022,114
151013052,114
151013074,114
151013176,114
151014345,114
151014357,114
151014388,114
151014521,114
151014659,114
151014661,114
151014857,114
151015016,114
151015088,114
151016419,114
151016450,114
151016466,114
151016579,114
151016653,114
151016697,114
151016903,114
151017034,114
151017043,114
151017082,114
151018463,114
151018513,114
151018570,114
151018630,114
151018633,114
151018864,114
151019044,114
151020482,114
151021024,114
151021026,114
151021035,114
151022280,114
151022392,114
151022470,114
151022472,114
151022545,114
151022633,114
151022798,114
151022892,114
151022973,114
151024366,114
151024620,114
151024673,114
151024918,114
151024944,114
151024952,114
151025002,114
151025007,114
151026347,114
151026368,114
151026383,114
151026472,114
151026503,114
151026505,114
151026554,114
151026578,114
151026680,114
151026811,114
151027010,114
151028333,114
151028395,114
151028459,114
151028518,114
151028535,114
151028591,114
151028860,114
151028973,114
151028980,114
151029046,114
151030316,114
151030356,114
151030441,114
151030567,114
151030610,114
151030655,114
151030864,114
151030994,114
151032284,114
151032361,114
151032410,114
151032480,114
151032509,114
151032514,114
151032592,114
151032639,114
151032693,114
151032824,114
151032863,114
151032960,114
151034322,114
151034480,114
151034516,114
151034663,114
151034850,114
151036323,114
151036327,114
151036347,114
151036374,114
151036426,114
151036439,114
151036442,114
151036465,114
151036477,114
151036488,114
151036511,114
151036593,114
151036821,114
151036834,114
151036899,114
151038165,114
151038258,114
151038264,114
151038302,114
151038442,114
151038488,114
151038529,114
151038658,114
151038714,114
151038903,114
151038993,114
151040176,114
151040250,114
151040280,114
151040392,114
151040434,114
151040457,114
151040615,114
151040834,114
151042285,114
151042365,114
151042476,114
151042651,114
151042719,114
151042766,114
151042779,114
151042800,114
151042816,114
151042902,114
151044232,114
151044408,114
151044429,114
151044499,114
151044565,114
151044635,114
151044714,114
151044758,114
151044791,114
151044925,114
151046096,114
151046318,114
151046364,114
151046367,114
151046420,114
151046423,114
151046473,114
151046639,114
151046679,114
151046752,114
151046846,114
151046880,114
151048134,114
151048338,114
151048822,114
151048836,114
151050220,114
151050298,114
151050360,114
151050399,114
151050403,114
151050422,114
151050453,114
151050636,114
151050648,114
151050670,114
151050736,114
151050746,114
151050789,114
151050836,114
151050879,114
151052080,114
151052105,114
151052133,114
151052330,114
151052361,114
151052368,114
151052643,114
151052768,114
151052876,114
151054274,114
151054290,114
151054308,114
151054334,114
151054358,114
151054379,114
151054420,114
151054492,114
151054508,114
151054576,114
151054657,114
151054741,114
151054786,114
151056118,114
151056153,114
151056197,114
151056403,114
151056438,114
151056669,114
151056672,114
151056731,114
151056755,114
151058078,114
151058214,114
151058287,114
151058610,114
151058644,114
151058711,114
151060132,114
151060141,114
151060209,114
151060293,114
151060637,114
151060669,114
151060701,114
151062052,114
151062143,114
151062272,114
151062307,114
151062313,114
151062325,114
151062359,114
151062366,114
151062507,114
151062561,114
151062668,114
151064185,114
151064222,114
151064276,114
151064295,114
151064309,114
151064474,114
151064606,114
151064692,114
151066032,114
151066144,114
151066160,114
151066269,114
151066400,114
151066469,114
151066538,114
151066577,114
151066610,114
151067998,114
151068088,114
151068146,114
151068172,114
151068201,114
151068216,114
151068217,114
151068218,114
151068245,114
151068252,114
151068362,114
151068470,114
151068541,114
151068639,114
151070015,114
151070137,114
151070172,114
151070184,114
151070203,114
151070230,114
151070620,114
151070676,114
151070699,114
151072120,114
151072132,114
151072142,114
151072164,114
151072168,114
151072206,114
151072331,114
151072397,114
151072484,114
151072534,114
151072605,114
151073943,114
151074004,114
151074100,114
151074128,114
151074147,114
151074191,114
151074229,114
151074369,114
151074371,114
151074402,114
151074447,114
151074535,114
151074543,114
151074575,114
151074593,114
151075928,114
151075943,114
151076078,114
151076161,114
151076212,114
151076218,114
151076423,114
151076458,114
151076548,114
151077931,114
151077998,114
151078100,114
151078153,114
151078179,114
151078199,114
151078267,114
151078321,114
151078342,114
151078357,114
151078392,114
151078422,114
151078554,114
151080038,114
151080045,114
151080153,114
151080385,114
151082047,114
151082105,114
151082115,114
151082151,114
151082154,114
151082453,114
151082460,114
151082513,114
151082526,114
151082538,114
151084006,114
151084032,114
151084035,114
151084067,114
151084115,114
151084146,114
151084157,114
151084213,114
151084388,114
151084479,114
151084488,114
151084524,114
151085896,114
151085964,114
151085975,114
151086055,114
151086102,114
151086361,114
151086473,114
151087964,114
151087966,114
151088066,114
151088083,114
151088165,114
151088304,114
151088550,114
151089872,114
151089874,114
151089906,114
151089961,114
151090069,114
151090079,114
151090090,114
151090172,114
151090492,114
151092057,114
151092091,114
151092116,114
151092143,114
151092146,114
151092446,114
151092450,114
151092480,114
151092520,114
151093787,114
151093995,114
151094012,114
151094031,114
151094094,114
151094102,114
151094123,114
151094133,114
151094268,114
151094305,114
151094332,114
151094334,114
151094363,114
151094369,114
151094426,114
151094430,114
151095885,114
151095898,114
151095906,114
151095923,114
151095951,114
151095969,114
151096069,114
151096134,114
151096142,114
151096174,114
151096274,114
151096289,114
151096323,114
151096330,114
151097808,114
151097905,114
151097914,114
151097964,114
151098018,114
151098019,114
151098121,114
151098247,114
151098425,114
151098430,114
151099712,114
151099752,114
151099966,114
151099982,114
151100058,114
151100155,114
151100192,114
151100223,114
151100245,114
151100246,114
151100337,114
151101813,114
151101898,114
151101908,114
151101923,114
151101982,114
151101985,114
151102006,114
151102114,114
151102173,114
151102269,114
151102288,114
151102314,114
151102316,114
151102391,114
151103884,114
151104042,114
151105795,114
151105887,114
151105926,114
151105937,114
151105953,114
151106028,114
151106042,114
151106159,114
151106197,114
151106266,114
151106280,114
151106328,114
151107687,114
151107781,114
151107808,114
151107827,114
151107848,114
151107969,114
151108045,114
151108169,114
151108261,114
151108263,114
151109638,114
151109738,114
151109830,114
151109862,114
151109889,114
151109920,114
151109921,114
151110008,114
151110055,114
151110067,114
151110311,114
151110397,114
151111678,114
151111704,114
151111751,114
151111755,114
151111784,114
151111886,114
151111887,114
151112138,114
151112277,114
151112303,114
151113760,114
151113814,114
151113833,114
151113848,114
151113871,114
151113875,114
151113964,114
151113979,114
151113996,114
151114087,114
151114119,114
151114162,114
151114274,114
151114285,114
151115595,114
151115634,114
151115737,114
151115751,114
151115772,114
151115793,114
151115834,114
151115877,114
151115878,114
151115889,114
151115956,114
151115996,114
151116145,114
151116214,114
151116251,114
151116305,114
151117632,114
151117801,114
151117823,114
151117841,114
151117869,114
151117896,114
151118035,114
151118054,114
151118088,114
151118185,114
151118221,114
151118230,114
151118263,114
151119650,114
151119844,114
151119896,114
151120126,114
151121608,114
151121619,114
151121740,114
151121771,114
151121772,114
151121773,114
151121775,114
151121781,114
151121785,114
151121814,114
151121851,114
151121885,114
151122024,114
151122113,114
151122234,114
151123697,114
151123712,114
151123773,114
151123810,114
151123881,114
151124045,114
151124065,114
151124168,114
151124208,114
151125519,114
151125720,114
151125744,114
151125747,114
151125792,114
151125818,114
151125834,114
151125996,114
151126000,114
151126026,114
151126093,114
151126105,114
151126144,114
151126184,114
151127566,114
151127567,114
151127791,114
151127857,114
151127871,114
151127958,114
151127975,114
151128004,114
151128067,114
151128089,114
151128101,114
151129611,114
151129696,114
151129735,114
151129772,114
151129802,114
151129881,114
151130007,114
151130079,114
151130135,114
151130195,114
151131555,114
151131610,114
151131612,114
151131614,114
151131633,114
151131676,114
151131721,114
151131725,114
151131729,114
151131904,114
151131920,114
151133522,114
151133639,114
151133696,114
151133703,114
151133787,114
151133839,114
151133864,114
151133877,114
151133948,114
151134017,114
151134033,114
151134087,114
151134125,114
151135503,114
151135602,114
151135618,114
151135650,114
151135775,114
151135777,114
151135792,114
151135840,114
151135895,114
151136105,114
151137576,114
151137603,114
151137615,114
151137622,114
151137624,114
151137635,114
151137786,114
151137825,114
151137838,114
151137902,114
151138049,114
151139525,114
151139550,114
151139668,114
151139834,114
151139943,114
151139997,114
151140002,114
151140027,114
151140138,114
151141534,114
151141555,114
151141594,114
151141614,114
151141711,114
151141722,114
151141772,114
151141798,114
151141957,114
151141987,114
151143609,114
151143806,114
151143841,114
151143857,114
151143905,114
151144050,114
151145381,114
151145472,114
151145491,114
151145528,114
151145530,114
151145578,114
151145614,114
151145637,114
151145709,114
151145835,114
151145904,114
151145905,114
151145910,114
151145984,114
151146011,114
151147436,114
151147478,114
151147490,114
151147532,114
151147566,114
151147575,114
151147608,114
151147806,114
151147877,114
151147919,114
151147945,114
151147955,114
151147981,114
151147985,114
151147991,114
151149394,114
151149465,114
151149473,114
151149560,114
151149562,114
151149591,114
151149602,114
151149611,114
151149643,114
151149770,114
151149801,114
151149812,114
151149849,114
151149870,114
151149960,114
151150015,114
151151333,114
151151535,114
151151735,114
151151834,114
151151856,114
151151868,114
151151875,114
151151893,114
151151938,114
151151953,114
151151958,114
151151967,114
151153453,114
151153567,114
151153586,114
151153778,114
151153797,114
151153840,114
151153892,114
151155540,114
151155654,114
151155823,114
151155835,114
151155857,114
151155883,114
151155913,114
151155936,114
151155949,114
151157364,114
151157422,114
151157425,114
151157427,114
151157443,114
151157615,114
151157659,114
151157792,114
151157829,114
151157855,114
151159318,114
151159412,114
151159418,114
151159825,114
151159842,114
151159849,114
151159889,114
151159935,114
151161252,114
151161274,114
151161376,114
151161503,114
151161590,114
151161859,114
151163463,114
151163470,114
151163475,114
151163497,114
151163510,114
151163523,114
151163524,114
151163637,114
151163656,114
151163664,114
151163675,114
151163676,114
151163683,114
151163761,114
151163789,114
151163828,114
151163844,114
151163848,114
151163852,114
151165476,114
151165561,114
151165607,114
151165648,114
151165651,114
151165672,114
151165753,114
151165790,114
151167230,114
151167324,114
151167378,114
151167530,114
151167538,114
151167558,114
151167731,114
151167776,114
151167787,114
151167817,114
151169254,114
151169297,114
151169378,114
151169418,114
151169433,114
151169458,114
151169471,114
151169643,114
151169656,114
151169677,114
151169726,114
151169755,114
151169762,114
151169789,114
151171338,114
151171399,114
151171518,114
151171566,114
151171781,114
151171799,114
151173222,114
151173374,114
151173380,114
151173383,114
151173489,114
151173531,114
151173615,114
151173617,114
151173666,114
151173693,114
151173734,114
151173735,114
151173801,114
151175226,114
151175295,114
151175377,114
151175501,114
151175533,114
151175578,114
151175661,114
151175753,114
151175767,114
151177258,114
151177346,114
151177482,114
151177640,114
151177687,114
151177692,114
151179162,114
151179318,114
151179331,114
151179380,114
151179484,114
151179517,114
151179564,114
151179720,114
151181095,114
151181237,114
151181429,114
151181465,114
151181514,114
151181523,114
151181563,114
151181620,114
151181654,114
151181698,114
151183129,114
151183205,114
151183507,114
151183596,114
151183626,114
151183648,114
151185217,114
151185624,114
151185662,114
151185727,114
151187151,114
151187185,114
151187219,114
151187232,114
151187244,114
151187281,114
151187302,114
151187318,114
151187372,114
151187479,114
151187511,114
151187527,114
151187589,114
151187609,114
151187680,114
151187711,114
151189086,114
151189193,114
151189288,114
151189389,114
151189401,114
151189527,114
151189559,114
151189658,114
151191076,114
151191119,114
151191157,114
151191230,114
151191236,114
151191273,114
151191304,114
151191342,114
151191358,114
151191402,114
151191547,114
151191577,114
151191598,114
151191604,114
151191612,114
151191616,114
151191618,114
151191661,114
151193172,114
151193224,114
151193231,114
151193241,114
151193246,114
151193265,114
151193316,114
151193354,114
151193456,114
151193472,114
151193477,114
151193553,114
151193605,114
151195139,114
151195458,114
151195473,114
151195478,114
151195522,114
151195525,114
151195551,114
151195566,114
151197022,114
151197142,114
151197261,114
151197318,114
151197445,114
151197446,114
151197447,114
151197485,114
151197512,114
151197591,114
151199006,114
151199206,114
151199223,114
151199320,114
151199348,114
151199441,114
151199547,114
151201085,114
151201304,114
151201337,114
151201369,114
151201395,114
151201458,114
151201467,114
151203075,114
151203076,114
151203096,114
151203447,114
151205071,114
151205104,114
151205263,114
151205302,114
151205345,114
151205437,114
151205464,114
151205476,114
151206905,114
151207128,114
151207149,114
151207152,114
151207345,114
151207372,114
151207384,114
151207459,114
151207489,114
151209070,114
151209110,114
151209206,114
151209220,114
151209226,114
151209446,114
151209461,114
151211068,114
151211103,114
151211296,114
151211406,114
151211427,114
151211456,114
151212881,114
151213049,114
151213057,114
151213059,114
151213168,114
151213221,114
151213273,114
151213307,114
151213310,114
151213337,114
151213389,114
151213401,114
151213443,114
151213450,114
151215336,114
151215390,114
151215436,114
151215439,114
151216947,114
151216976,114
151217161,114
151217226,114
151217242,114
151217405,114
151217440,114
151218838,114
151219083,114
151219129,114
151219138,114
151219168,114
151219177,114
151219248,114
151219275,114
151219301,114
151219403,114
151220938,114
151220954,114
151220995,114
151221053,114
151221086,114
151221125,114
151221219,114
151221255,114
151221282,114
151221386,114
151221391,114
151222863,114
151222922,114
151222932,114
151222983,114
151222984,114
151223017,114
151223273,114
151223294,114
151225068,114
151225130,114
151225147,114
151225179,114
151225190,114
151225222,114
151225256,114
151225266,114
151225319,114
151225344,114
151226887,114
151226895,114
151226953,114
151227114,114
151227169,114
151227260,114
151227331,114
151227341,114
151227348,114
151228949,114
151229009,114
151229048,114
151229138,114
151229248,114
151229290,114
151229322,114
151230764,114
151230772,114
151230919,114
151231190,114
151232805,114
151233014,114
151233075,114
151233087,114
151233132,114
151233138,114
151233247,114
151234723,114
151234840,114
151234976,114
151234995,114
151235034,114
151235138,114
151236700,114
151236789,114
151236822,114
151236826,114
151236890,114
151237003,114
151237041,114
151237053,114
151237056,114
151237058,114
151237073,114
151237105,114
151237115,114
151237256,114
151237275,114
151238696,114
151239073,114
151239111,114
151239170,114
151239177,114
151239211,114
151239237,114
151240948,114
151240956,114
151240987,114
151241006,114
151241052,114
151242962,114
151242972,114
151243134,114
151244821,114
151244916,114
151244930,114
151244935,114
151244964,114
151245023,114
151246846,114
151247040,114
151247091,114
151247140,114
151247192,114
151248628,114
151248844,114
151248856,114
151248932,114
151249040,114
151249061,114
151249070,114
151249077,114
151249112,114
151250864,114
151250876,114
151250916,114
151250927,114
151250969,114
151250977,114
151251024,114
151251041,114
151251045,114
151251132,114
151251163,114
151252605,114
151252688,114
151252742,114
151252885,114
151252963,114
151253039,114
151254864,114
151254883,114
151254886,114
151254924,114
151255045,114
151256707,114
151256932,114
151257014,114
151257043,114
151258687,114
151258694,114
151258852,114
151258907,114
151258929,114
151259043,114
151259089,114
151259117,114
151260768,114
151260771,114
151260774,114
151260781,114
151260919,114
151260922,114
151261045,114
151261087,114
151262657,114
151262701,114
151262763,114
151262867,114
151262877,114
151264953,114
151264955,114
151266847,114
151268553,114
151268671,114
151268736,114
151268754,114
151268805,114
151268822,114
151268823,114
151268834,114
151268937,114
151270713,114
151270813,114
151270827,114
151270930,114
151270990,114
151272778,114
151272875,114
151272892,114
151274682,114
151274699,114
151274707,114
151274749,114
151274763,114
151274867,114
151274876,114
151274916,114
151276651,114
151276754,114
151276906,114
151276920,114
151276941,114
151280461,114
151280620,114
151280753,114
151282610,114
151282738,114
151282823,114
151282873,114
151284696,114
151284768,114
151286409,114
151286572,114
151286647,114
151286682,114
151286702,114
151286714,114
151286791,114
151286862,114
151288687,114
151290547,114
151290666,114
151290825,114
151292537,114
151292567,114
151292724,114
151294524,114
151294796,114
151296735,114
151296756,114
151298527,114
151298590,114
151300277,114
151300610,114
151300676,114
151300677,114
151302582,114
151302737,114
151304326,114
151304636,114
151304706,114
151306518,114
151306597,114
151308445,114
151308462,114
151308486,114
151310448,114
151310489,114
151310518,114
151310553,114
151310586,114
151310596,114
151310623,114
151312375,114
151312419,114
151312618,114
151316394,114
151316410,114
151316451,114
151316523,114
151316556,114
151316580,114
151318317,114
151318363,114
151318451,114
151318519,114
151320414,114
151322399,114
151324463,114
151328344,114
151328348,114
151330297,114
151330428,114
151332478,114
151334203,114
151336222,114
151336357,114
151338286,114
151340182,114
151340190,114
151340387,114
151342388,114
151344232,114
151346146,114
151346172,114
151348175,114
151350128,114
151352154,114
151354044,114
151354178,114
151354244,114
151358227,114
151359986,114
151360048,114
151363954,114
151371927,114
151371933,114
151371977,114
151372100,114
151373967,114
151376055,114
151380067,114
151391909,114
151405680,114
151431506,114
160009347,123
160011683,123
160028036,123
160036213,123
160039718,123
160053734,123
160061961,123
160063078,123
160064246,123
160067755,123
160068970,123
160071302,123
160071329,123
160074797,123
160074799,123
160075991,123
160077140,123
160077143,123
160078268,123
160078346,123
160079479,123
160079495,123
160080617,123
160080676,123
160081817,123
160084155,123
160084170,123
160086508,123
160086512,123
160087630,123
160088806,123
160088859,123
160089943,123
160091196,123
160094623,123
160099428,123
160102818,123
160102820,123
160102997,123
160103990,123
160105132,123
160105152,123
160107487,123
160113336,123
160115688,123
160117086,123
160117997,123
160119167,123
160120335,123
160122676,123
160130850,123
160207099,123
160211763,123
160211765,123
160247999,123
160248000,123
160249143,123
160259659,123
160260833,123
160260876,123
160266683,123
160269074,123
160270196,123
160271341,123
160271346,123
160276028,123
160281857,123
160283045,123
160285401,123
160286623,123
160290050,123
160290053,123
160294719,123
160297059,123
160297151,123
160298224,123
160299396,123
160300562,123
160300563,123
160302877,123
160307554,123
160307597,123
160309931,123
160312241,123
160314580,123
160319245,123
160323941,123
160328595,123
160333263,123
160334440,123
160337931,123
160342616,123
160346122,123
160347288,123
160347293,123
160350794,123
160351947,123
160353116,123
160353125,123
160356624,123
160364847,123
160365972,123
160365995,123
160366007,123
160367231,123
160370638,123
160375357,123
160378867,123
160382372,123
160384661,123
160389343,123
160391699,123
160394008,123
160397520,123
160401050,123
160403355,123
160404523,123
160408052,123
160418580,123
160424380,123
160424404,123
160424548,123
160426748,123
160427913,123
160429064,123
160432562,123
160441914,123
160443088,123
160444259,123
160445430,123
160446593,123
160446603,123
160451414,123
160456100,123
160459459,123
160460612,123
160464377,123
160465295,123
160469936,123
160472296,123
160474642,123
160497032,123
160500478,123
160509926,123
160532073,123
160534319,123
160536680,123
160550695,123
160558924,123
160567109,123
160578766,123
160582247,123
160585782,123
160590402,123
160592744,123
160593912,123
160596246,123
160597442,123
160598618,123
160600906,123
160600952,123
160602101,123
160618474,123
160625478,123
160626609,123
160638281,123
160643004,123
160645317,123
160651143,123
160665218,123
160675676,123
160682741,123
160693202,123
170006005,124
170007372,124
170008752,124
170008779,124
170010130,124
170010994,124
170012378,124
170012891,124
170012902,124
170015633,124
170016498,124
170017060,124
170018382,124
170018420,124
170018431,124
170019758,124
170019791,124
170021134,124
170021158,124
170021164,124
170021178,124
170022510,124
170022554,124
170023369,124
170023373,124
170023377,124
170025277,124
170025357,124
170026701,124
170028046,124
170028088,124
170028091,124
170029463,124
170030854,124
170031632,124
170032188,124
170032218,124
170033583,124
170033600,124
170036329,124
170036337,124
170036371,124
170036432,124
170037732,124
170037737,124
170038504,124
170039063,124
170039101,124
170039119,124
170039880,124
170040514,124
170041856,124
170041944,124
170042631,124
170043256,124
170044656,124
170045981,124
170046002,124
170046726,124
170047384,124
170048135,124
170050129,124
170050138,124
170050180,124
170050189,124
170051499,124
170051551,124
170051640,124
170052230,124
170052949,124
170053624,124
170054273,124
170054289,124
170054358,124
170054377,124
170054999,124
170055707,124
170055732,124
170056382,124
170057078,124
170057087,124
170057751,124
170058420,124
170058428,124
170059120,124
170059134,124
170059789,124
170059790,124
170059815,124
170059859,124
170061127,124
170061835,124
170061857,124
170062638,124
170063268,124
170063972,124
170064003,124
170065348,124
170065367,124
170065899,124
170066655,124
170067375,124
170067378,124
170068057,124
170068095,124
170068626,124
170068756,124
170069415,124
170069417,124
170069446,124
170069505,124
170070141,124
170070884,124
170071127,124
170071241,124
170071434,124
170072231,124
170072280,124
170072733,124
170072885,124
170073892,124
170074202,124
170074229,124
170074240,124
170074264,124
170074976,124
170075000,124
170075279,124
170075582,124
170076370,124
170076403,124
170076409,124
170076860,124
170076982,124
170077004,124
170077768,124
170077782,124
170078363,124
170078394,124
170078397,124
170079118,124
170079432,124
170080515,124
170080558,124
170080857,124
170081867,124
170081908,124
170081920,124
170082207,124
170082385,124
170083250,124
170083568,124
170083850,124
170084673,124
170084954,124
170085267,124
170086014,124
170086019,124
170086108,124
170086302,124
170086542,124
170086554,124
170086626,124
170087396,124
170087414,124
170087428,124
170087433,124
170087498,124
170087524,124
170087631,124
170089364,124
170090136,124
170090468,124
170090481,124
170090507,124
170090526,124
170090570,124
170090745,124
170091479,124
170091516,124
170091530,124
170091541,124
170091545,124
170091555,124
170091972,124
170092931,124
170092975,124
170093281,124
170093367,124
170094266,124
170094269,124
170094285,124
170094308,124
170094654,124
170094679,124
170094756,124
170094778,124
170095649,124
170095667,124
170095679,124
170095684,124
170095837,124
170095842,124
170095915,124
170097018,124
170097037,124
170097040,124
170097045,124
170097187,124
170097250,124
170097424,124
170097490,124
170097594,124
170098402,124
170098405,124
170098422,124
170098425,124
170099805,124
170099818,124
170099942,124
170100068,124
170100148,124
170100217,124
170100356,124
170101275,124
170102522,124
170102525,124
170102557,124
170102583,124
170102617,124
170102704,124
170102829,124
170102951,124
170102967,124
170102989,124
170103949,124
170104155,124
170104301,124
170104404,124
170104416,124
170105279,124
170105364,124
170105594,124
170105629,124
170106717,124
170106958,124
170106986,124
170107063,124
170107113,124
170107140,124
170107221,124
170108119,124
170108348,124
170108419,124
170108609,124
170109436,124
170109455,124
170109543,124
170109566,124
170109911,124
170110831,124
170111090,124
170111104,124
170112396,124
170112458,124
170112587,124
170112621,124
170112696,124
170113582,124
170113606,124
170113675,124
170113974,124
170114026,124
170114029,124
170114054,124
170114936,124
170115049,124
170115173,124
170115422,124
170116526,124
170117758,124
170117847,124
170118100,124
170119046,124
170119130,124
170119498,124
170119574,124
170119576,124
170120443,124
170120458,124
170120522,124
170120555,124
170120617,124
170120671,124
170120752,124
170120763,124
170120788,124
170120809,124
170120863,124
170120965,124
170121833,124
170123214,124
170123263,124
170123398,124
170123475,124
170123522,124
170124565,124
170124602,124
170124924,124
170124961,124
170124976,124
170126132,124
170126192,124
170127346,124
170127357,124
170127672,124
170127712,124
170130325,124
170130415,124
170131598,124
170131863,124
170132950,124
170133029,124
170134227,124
170134305,124
170134318,124
170134346,124
170134691,124
170135597,124
170135760,124
170138688,124
170139754,124
170139923,124
170141227,124
170143931,124
170144201,124
170146913,124
170147987,124
170149363,124
170151126,124
170152210,124
170153536,124
170154930,124
170156266,124
170157679,124
170170111,124
170175638,124
180078828,127
180122999,127
180148007,127
180149879,127
180162424,127
180163380,127
180166223,127
180168143,127
180168152,127
180168153,127
180171017,127
180171040,127
180171047,127
180172022,127
180173894,127
180173940,127
180174863,127
180175838,127
180176833,127
180178741,127
180181590,127
180182574,127
180183493,127
180185440,127
180186408,127
180187358,127
180192128,127
180192190,127
180193124,127
180198911,127
180201747,127
180204673,127
180209471,127
180214278,126
180219191,126
180220145,126
180221917,127
180224971,127
180225799,127
180226910,126
180230601,127
180237479,126
180237513,126
180238388,126
180241160,127
180241303,127
180242267,126
180243239,126
180244131,126
180244302,126
180248945,126
180248971,126
180249952,126
180253757,126
180253787,126
180255657,126
180255712,126
180256645,126
180259527,126
180259530,126
180260465,126
180260520,126
180260529,127
180261327,127
180261397,126
180261584,126
180262374,126
180263347,126
180263515,126
180265172,127
180265292,127
180265311,126
180266279,126
180267178,126
180267183,126
180267187,126
180269081,126
180269098,127
180270060,126
180270063,126
180270211,127
180271978,126
180272027,126
180272948,126
180273005,126
180273935,126
180273958,126
180274866,126
180274930,127
180275831,126
180277810,126
180278717,126
180278730,127
180279661,126
180279679,127
180280594,126
180280644,126
180282531,126
180282556,126
180282557,126
180282577,126
180283468,127
180284458,126
180284471,126
180285434,126
180285466,126
180286358,126
180287341,126
180288305,127
180288311,126
180288321,126
180289246,127
180289274,126
180291180,126
180291233,126
180291283,127
180293281,126
180294063,126
180294073,126
180294180,127
180294994,126
180295097,127
180296079,127
180297831,127
180297872,127
180297898,126
180297936,126
180297941,126
180298867,126
180298875,126
180299783,127
180300786,126
180300793,127
180301730,127
180303689,126
180303703,127
180303737,127
180304554,127
180304611,126
180306516,126
180306640,127
180306671,127
180307432,127
180307478,126
180308481,126
180309410,126
180309453,126
180309483,127
180309571,127
180310368,127
180310372,127
180311317,126
180312305,126
180313256,126
180315189,126
180315319,127
180316180,127
180316282,127
180317106,126
180317129,126
180319042,126
180319991,126
180320952,127
180322782,127
180322881,126
180323781,127
180323819,126
180323834,127
180324748,126
180325779,127
180326707,126
180327580,127
180327616,127
180327783,127
180328579,127
180328643,126
180329538,127
180329594,126
180329602,126
180332546,127
180332556,126
180333361,127
180334347,126
180334365,127
180334530,127
180335282,127
180335328,127
180335351,127
180335378,126
180336220,127
180336295,126
180336315,126
180338208,127
180339122,127
180340107,127
180341056,127
180341113,127
180341381,125
180341396,125
180342047,127
180342095,127
180344929,126
180346899,127
180347733,127
180349653,127
180351608,127
180352644,126
180355473,126
180356433,127
180356459,126
180359260,127
180362163,127
180362513,125
180364060,126
180364067,127
180364117,126
180365025,127
180368887,127
180371787,127
180374982,125
180378476,127
180381357,127
180381393,126
180383266,127
180384241,127
180384255,126
180386161,127
180387153,126
180390001,127
180403436,126
180409208,126
180415921,127
180416873,127
180416884,127
180418194,125
180423945,125
180424905,125
180429368,126
180435121,127
180444116,125
210003978,202
210003987,202
210005027,202
210005041,202
210006106,202
210007176,202
210008207,202
210008226,202
210008238,202
210009306,202
210010312,202
210010335,202
210010398,202
210011425,202
210012413,202
210012476,202
210012492,202
210012522,202
210014597,202
210014613,202
210014628,202
210015590,202
210016760,202
210018864,202
210020847,202
210021871,202
210021886,202
210022942,202
210023974,202
210025030,202
210026100,202
210026272,202
210027177,202
210029258,202
210029269,202
210029286,202
210032427,202
210035584,202
210035591,202
210036649,202
210036691,202
210037628,201
210038951,202
210038952,202
210038985,202
210039740,202
210040809,202
210040864,202
210041214,201
210044036,202
210045092,202
210047150,202
210049515,202
210050568,202
210050569,202
210050625,202
210051390,202
210051427,202
210051624,202
210052682,202
210052737,202
210053740,202
210055579,202
210055612,202
210055647,202
210055850,202
210056665,202
210058811,202
210059875,202
210061944,202
210062980,202
210063245,202
210063296,202
210064059,202
210065144,202
210065151,202
210068250,202
210068251,202
210069307,202
210070358,202
210070645,202
210071416,202
210072469,202
210072470,202
210072506,202
210074625,202
210075689,202
210076693,201
210076696,202
210076735,202
210076748,202
210079862,202
210080916,202
210080918,202
210083027,202
210083028,201
210083075,202
210083096,202
210085193,202
210086241,202
210086258,202
210089420,202
210089422,202
210090478,202
210098919,202
210099971,202
210099974,202
210099979,202
210099980,202
210101027,202
210101042,202
210102083,202
210102095,202
210103089,202
210103144,202
210103146,202
210104202,202
210105200,202
210105257,202
210105880,201
210106310,202
210108431,202
210110532,202
210110534,202
210112575,202
210112655,202
210113646,202
210114772,202
210115744,201
210117494,201
210117855,202
210121718,201
210122085,202
210122088,202
210122093,202
210122163,202
210125261,202
210127373,202
210128416,202
210128430,201
210129486,202
210130531,202
210130537,202
210131583,202
210132278,201
210133331,201
210135815,202
210136863,201
210136877,202
210137560,201
210138003,202
210138610,201
210139670,201
210140724,201
210144263,202
210145311,202
210145888,201
210147065,201
210149409,201
210151270,201
210151290,201
210152223,201
210152339,201
210153340,201
210153843,202
210154327,201
210154446,201
210154449,201
210154812,202
210155462,201
210157978,202
210157982,202
210158677,201
210159623,201
210159673,201
210160703,201
210160795,201
210161764,201
210162894,201
210164318,202
210164319,202
210164947,201
210166300,201
210168538,202
210169591,202
210169594,202
210170157,201
210170298,201
210170476,202
210170649,202
210171203,201
210171215,201
210172331,201
210172396,201
210173355,201
210173445,201
210173452,201
210173690,201
210173701,201
210174402,201
210174447,201
210174512,201
210175813,201
210176483,201
210177546,201
210178677,201
210179705,201
210179747,201
210179752,201
210180723,201
210180730,201
210180782,201
210180796,201
210180838,201
210180849,201
210180859,201
210181095,202
210181762,201
210181843,201
210181926,201
210182150,202
210182180,202
210182894,201
210182925,201
210182973,201
210183201,202
210183940,201
210183992,201
210184027,201
210184038,201
210184190,202
210184265,201
210184286,202
210185061,201
210185257,201
210185991,201
210186140,201
210186330,201
210186371,202
210187134,201
210187423,201
210187545,202
210187546,202
210188229,201
210188230,201
210188253,201
210188420,201
210188422,201
210188476,202
210188486,201
210189271,201
210189286,201
210189306,201
210189522,202
210189523,201
210189656,202
210190307,201
210190578,202
210190586,201
210190595,201
210190600,202
210191628,201
210192440,201
210192683,202
210192825,201
210193458,201
210193512,201
210193534,201
210193535,201
210193727,202
210193730,201
210193843,201
210194800,201
210194934,202
210195509,201
210195545,201
210195587,201
210195846,201
210195897,201
210196675,201
210196706,201
210197647,201
210197736,201
210197965,201
210198009,202
210198666,201
210198668,201
210198794,201
210199156,201
210199819,201
210199830,201
210200034,201
210200099,202
210200124,202
210200180,201
210200790,201
210200804,201
210200820,201
210200875,201
210200891,201
210200909,201
210200934,201
210201278,202
210202126,202
210202140,201
210202232,201
210202893,201
210202933,201
210204003,201
210204026,201
210204323,201
210204997,201
210205004,201
210205111,201
210205151,201
210205406,202
210205491,201
210206050,201
210206052,201
210206102,201
210206159,201
210206464,201
210207149,201
210207269,201
210207568,202
210207607,202
210209220,201
210209221,201
210209275,201
210209307,201
210209334,201
210209359,201
210209563,201
210209583,202
210209617,202
210209625,202
210209688,202
210209716,202
210210379,201
210210390,201
210210411,201
210210616,202
210210674,201
210211331,201
210211399,201
210211665,201
210211692,202
210211709,201
210212742,201
210212764,201
210212858,201
210213462,201
210213468,201
210213573,201
210213739,201
210213788,201
210213789,201
210213804,202
210213823,201
210213848,201
210213904,202
210214543,201
210214560,201
210214624,201
210214963,202
210215600,201
210215637,201
210215671,201
210215898,202
210215910,202
210216680,201
210216937,201
210216975,201
210217105,202
210217739,201
210217771,201
210218800,201
210218818,201
210219065,201
210219154,201
210219902,201
210220104,202
210220148,201
210220178,202
210220185,202
210220196,202
210220205,201
210221247,202
210221334,201
210222306,202
210222388,201
210223043,201
210223083,201
210223257,202
210223290,202
210223354,202
210223402,202
210224028,201
210224114,201
210224120,201
210225167,201
210225172,201
210225346,201
210225357,201
210225556,201
210226228,201
210226428,201
210226467,202
210226522,201
210226612,202
210227298,201
210227331,201
210227536,202
210227548,201
210227582,202
210228540,201
210228557,201
210228570,201
210228582,201
210228600,201
210228630,202
210228642,202
210228658,201
210228684,201
210228722,202
210229282,201
210229319,201
210229397,201
210229621,201
210229633,201
210229658,201
210229709,202
210229752,201
210230444,201
210230467,201
210230468,201
210230632,202
210230666,201
210230677,201
210230682,201
210230759,202
210230797,202
210231409,201
210231553,201
210231775,201
210231814,201
210231854,201
210231890,201
210232575,201
210232827,202
210232834,202
210232865,202
210232873,201
210233643,201
210233832,201
210233928,201
210233930,201
210233962,201
210234006,201
210234845,202
210234860,202
210234880,202
210234968,202
210235055,202
210235061,201
210235939,201
210235968,201
210235991,202
210236074,202
210236080,202
210236995,201
210237006,201
210237010,202
210237016,201
210237020,202
210237148,202
210237759,201
210237818,201
210237835,201
210237852,201
210238025,201
210238112,202
210238127,201
210238134,202
210239070,202
210239132,201
210239146,202
210239148,202
210239187,202
210239188,202
210239207,202
210240105,202
210240142,202
210240164,202
210240267,201
210240274,201
210240293,201
210240337,202
210240340,202
210241186,201
210241213,201
210241308,201
210241316,202
210241398,202
210242326,201
210242379,201
210242450,202
210242452,201
210243314,202
210243318,201
210243381,201
210243416,201
210243435,201
210243449,202
210243506,202
210244375,201
210244376,201
210244384,201
210244426,202
210244439,201
210244472,202
210244473,202
210244484,202
210244523,202
210245423,202
210245528,202
210245545,201
210246345,201
210246473,201
210246571,201
210246665,202
210247302,201
210247343,201
210247520,202
210247558,201
210247704,202
210247710,201
210247730,202
210248400,201
210248415,201
210248589,202
210248596,202
210248624,201
210248652,201
210248689,202
210248696,202
210248710,202
210248714,202
210249711,201
210249842,201
210250696,201
210250703,202
210250726,201
210250815,202
210250849,202
210250866,202
210250876,201
210250889,202
210250897,202
210250900,201
210251806,202
210251856,202
210251885,201
210251890,202
210252824,202
210252933,202
210252942,201
210252988,202
210252990,202
210252998,201
210253011,201
210253689,201
210253880,201
210254962,201
210255027,201
210255056,201
210255067,201
210255080,202
210255099,201
210255124,201
210255811,201
210255964,201
210255979,201
210256019,202
210256040,201
210256101,202
210256114,202
210256115,201
210256119,202
210256178,202
210256847,201
210256905,201
210257046,201
210257168,202
210257238,202
210258250,202
210259176,201
210259183,201
210259215,201
210259274,202
210259280,201
210259283,202
210259292,201
210259303,202
210259347,201
210259350,201
210260330,202
210260339,202
210260357,202
210260389,202
210261131,201
210261254,201
210261296,202
210261339,202
210261387,202
210261461,202
210262329,201
210262446,201
210262451,201
210262517,202
210263365,202
210263378,201
210263384,201
210263407,202
210263558,202
210264432,202
210264460,201
210264526,202
210264555,202
210265223,201
210265630,202
210265649,202
210265669,202
210266533,201
210266676,202
210266708,201
210266724,202
210267466,201
210267602,201
210267715,202
210267721,202
210267723,201
210267726,202
210267731,201
210267797,202
210268683,201
210268697,202
210268801,202
210269695,201
210269742,201
210269747,201
210269787,202
210269848,202
210269859,201
210270795,201
210270817,201
210270863,202
210270894,201
210270937,201
210272015,202
210272856,202
210272862,202
210272876,202
210273005,202
210273929,202
210274039,202
210274060,202
210274110,201
210274130,202
210274919,201
210274963,201
210275026,201
210275041,201
210275100,202
210275113,201
210275121,201
210275149,202
210275175,202
210275183,202
210275184,202
210275915,201
210276071,201
210276179,201
210276186,202
210277079,201
210277207,202
210277231,202
210278149,201
210278195,201
210278292,202
210279218,202
210279239,202
210280080,201
210280137,201
210280234,202
210280260,202
210280261,201
210280465,202
210281310,202
210281455,201
210281470,202
210281508,202
210282367,202
210282383,201
210282530,202
210283305,201
210283435,201
210283540,201
210284620,202
210284628,202
210284647,201
210285697,201
210287646,202
210287687,202
210287791,202
210287848,201
210287854,202
210287856,202
210288699,201
210288852,201
210288856,201
210289817,202
210290833,202
210291864,202
210292008,202
210292065,201
210292080,201
210292909,202
210292963,202
210293916,201
210293976,202
210294005,201
210294182,201
210295185,202
210295242,202
210295985,201
210296096,202
210296097,201
210297159,201
210297287,202
210297360,202
210298221,201
210298347,201
210298361,202
210299414,201
210299470,201
210300298,202
210300325,201
210300327,201
210300333,202
210300486,201
210300518,202
210301304,202
210301354,201
210301363,202
210301521,202
210302380,201
210302421,202
210302458,202
210302599,202
210302624,201
210302633,201
210303377,201
210303498,202
210303510,201
210303653,202
210304460,201
210304519,202
210304524,202
210304559,201
210304566,202
210304721,201
210304750,201
210305582,202
210305617,202
210305620,202
210305777,201
210306538,201
210306631,201
210306645,201
210306654,201
210306806,202
210307727,201
210307907,201
210307916,202
210309813,201
210309991,202
210311914,202
210311941,202
210312098,202
210313200,202
210314053,201
210314217,202
210315060,202
210315081,202
210315095,201
210315099,201
210315103,202
210315303,201
210316046,201
210316167,201
210316217,202
210317162,201
210317211,201
210317412,202
210318223,202
210319322,202
210319345,201
210319462,201
210319492,201
210320309,201
210320363,201
210320377,202
210320576,202
210320592,202
210321341,201
210321405,201
210321425,202
210321434,201
210322396,201
210322503,202
210322692,202
210322701,201
210322704,202
210323502,201
210323517,201
210323752,201
210324536,201
210324548,201
210324598,202
210324600,202
210324767,201
210324804,201
210325649,202
210326683,202
210326928,202
210327680,201
210327774,201
210327921,201
210328729,201
210328794,201
210328986,202
210329036,202
210329870,202
210330033,201
210330869,201
210330917,202
210331966,201
210332154,202
210333001,202
210333201,201
210333220,202
210334134,201
210335162,202
210336176,201
210336207,202
210337260,201
210338229,201
210338249,201
210339304,201
210339355,202
210340373,201
210340415,202
210340416,201
210340437,201
210340449,202
210341411,201
210341494,202
210341500,202
210341707,202
210342557,202
210343775,202
210344556,201
210344581,201
210344651,202
210344661,202
210344839,201
210345615,201
210345704,202
210346773,201
210347804,201
210347824,202
210347836,202
210348849,201
210348851,201
210349840,201
210349895,201
210349922,201
210349930,202
210350144,201
210350939,202
210350955,201
210354382,202
210356221,201
210356243,202
210356261,201
210356271,201
210356282,202
210357273,201
210358341,201
210358382,202
210359365,201
210361461,201
210361557,202
210362511,201
210362597,201
210363657,202
210363662,202
210364630,201
210364673,202
210364692,201
210364698,201
210365771,201
210365775,202
210366815,202
210366841,202
210367795,201
210368934,201
210371046,202
210372051,201
210372108,202
210372110,201
210373093,201
210377321,201
210378390,202
210379420,201
210381555,201
210381592,201
210382593,201
210382663,201
210383645,201
210383651,201
210383710,201
210383715,201
210384696,201
210384771,201
210385754,201
210385830,201
210386874,201
210386884,201
210387886,201
210389968,201
210390008,201
210391089,201
210391092,201
210392079,201
210392088,201
210392123,201
210392134,201
210392166,201
210393147,201
210393186,201
210395273,201
210396372,201
210396393,202
210399479,201
210399513,201
210399514,201
210400614,201
210401635,201
210401669,201
210402728,202
210403749,202
210405822,201
210408999,201
210409048,201
210410068,201
210411111,201
210413259,202
210417455,201
210421674,201
210422744,201
210423824,201
210428043,201
210428048,201
210431237,201
210441752,201
210442801,201
210461809,201
220038153,203
220047789,206
220050523,203
220051920,206
220051932,206
220054673,206
220055011,206
220056030,203
220056039,206
220056050,206
220056360,206
220057423,206
220057851,204
220058799,206
220058802,206
220060177,206
220062935,203
220063227,206
220064282,206
220064626,206
220067032,203
220067066,206
220067333,206
220067368,206
220068443,203
220069809,206
220071473,206
220071506,206
220072556,206
220072563,206
220073954,206
220075295,206
220075315,206
220075316,206
220076709,206
220076989,206
220078063,203
220078074,206
220078083,206
220078363,206
220079444,206
220079466,203
220079696,206
220080775,203
220080824,206
220080837,206
220081115,206
220082195,206
220082206,206
220083589,206
220086288,206
220086347,206
220086348,206
220086769,204
220087657,203
220089037,203
220091780,206
220091848,206
220094608,203
220097354,206
220097381,206
220097609,206
220098728,203
220098734,206
220100033,206
220101500,206
220101538,206
220102885,206
220103082,206
220104182,206
220107168,206
220109975,206
220109977,206
220112491,206
220113886,203
220115473,206
220119298,206
220119391,206
220122143,206
220122148,206
220123421,203
220125040,206
220125098,206
220126268,206
220126432,206
220129031,206
220129175,206
220129189,206
220130615,206
220131675,206
220131677,203
220131777,206
220131779,206
220131785,206
220134532,206
220135892,206
220136053,206
220144170,206
220145546,206
220145701,206
220146924,206
220148291,206
220148472,206
220149526,206
220151051,206
220152418,206
220153687,206
220155320,206
220157928,206
220157934,206
220159307,206
220160686,206
220164823,206
220168943,206
220168944,206
220168949,206
220168950,206
220170197,206
220170321,206
220173077,206
220175686,206
220175826,206
220177206,206
220177209,206
220178578,206
220179814,206
220179949,206
220181328,206
220181343,206
220182555,206
220182704,206
220182715,206
220193711,206
220195102,206
220196296,206
220196320,203
220196471,206
220196473,206
220197712,206
220197844,206
220199006,206
220199041,206
220199076,206
220200446,206
220200603,206
220201786,206
220206103,206
220207294,206
220207483,206
220208859,206
220210025,206
220210233,206
220210239,206
220214182,206
220214225,203
220214356,206
220215582,206
220215603,206
220217119,206
220218495,206
220219670,206
220219866,206
220219875,206
220221068,203
220221236,206
220222427,203
220222618,206
220226532,203
220226744,206
220227959,206
220233406,203
220233408,203
220233476,203
220235007,206
220235008,206
220236100,206
220236164,203
220236216,203
220237514,203
220243014,206
220248581,206
220256774,206
220257024,206
220258162,206
220258396,206
220263701,203
220266432,206
220267786,206
220271880,206
220273275,203
220273301,203
220273305,203
220273322,203
220274644,203
220277383,203
220278801,206
220284294,203
220293912,206
220295248,205
220300801,206
220302153,203
220309047,203
220310401,203
220311764,203
220314522,205
220315886,205
220318672,205
220318688,206
220331052,205
220333800,205
220339283,205
220348922,205
220350242,205
220352707,204
220366801,205
220372235,205
220373691,206
220373715,203
220377807,203
220380497,203
220381874,203
220381888,205
220384666,205
220384680,205
220387359,204
220391457,204
220391570,205
220392875,205
220396971,205
220396985,205
220401142,203
220402580,206
220403892,203
220410753,205
220413600,205
220416289,203
220417727,205
220418987,205
220419052,203
220419088,205
220421793,205
220424490,204
220424571,206
220425857,205
220427265,204
220430044,203
220430109,203
220430961,204
220431471,203
220434142,204
220435586,205
220439703,205
220442401,204
220445172,204
220445193,203
220446521,204
220446575,205
220450680,205
220453451,205
220453476,203
220456174,204
220457566,203
220458837,205
220458896,204
220458969,205
220463113,203
220464433,205
220464440,205
220465853,205
220465862,205
220468562,205
220469982,205
220472736,205
220475405,205
220475425,205
220476757,205
220476826,205
220478152,205
220478162,205
220478163,204
220480931,204
220485071,205
220489128,205
220489239,205
220493360,205
220493373,206
220496061,205
220500192,205
220507020,204
220508488,204
220515301,205
220519411,205
220519453,204
220520817,205
220523501,205
220526282,205
220526302,205
220529036,205
220531771,205
220533159,205
220537377,205
220541451,205
220541469,205
220541532,205
220542814,204
220549697,204
220549705,205
220551073,205
220556602,205
220560701,204
220562081,204
220566202,205
220570334,204
220571750,204
220573180,204
220575844,204
220577214,204
220578571,205
220585480,204
220595054,205
220597833,205
220599216,205
220599226,205
220600565,205
220612957,205
220612989,205
220615740,205
220618465,205
220621200,205
220621211,205
220622586,205
220639099,205
220639134,204
220652800,203
220654269,204
220666634,204
220676249,205
220685874,205
230006520,208
230008710,209
230010868,208
230013198,209
230014158,209
230016294,208
230016332,209
230019743,209
230020647,208
230020653,208
230020831,209
230021947,209
230025211,209
230025213,209
230027389,209
230028254,208
230028448,209
230031712,209
230032800,209
230032801,209
230032828,209
230036089,209
230038244,209
230038275,209
230039331,209
230039352,209
230039429,209
230040418,209
230040450,209
230042617,209
230042620,209
230042625,209
230043683,209
230043784,209
230044800,209
230044872,209
230045859,209
230045864,209
230045875,209
230045879,209
230045889,209
230046961,209
230049124,209
230049132,209
230049153,209
230050313,209
230051095,208
230052396,209
230052402,209
230052406,209
230053489,209
230053577,209
230054566,209
230054657,209
230054662,209
230054666,209
230055669,209
230055731,209
230055753,209
230056842,209
230058949,209
230058982,209
230059019,209
230060015,209
230060078,209
230060086,209
230060089,209
230061182,209
230062270,209
230063278,209
230063281,209
230064417,209
230064425,209
230064437,209
230065455,209
230065477,209
230065517,209
230065523,209
230065525,209
230065542,209
230066618,209
230067653,209
230067695,209
230068740,209
230068811,209
230069857,209
230069880,209
230070987,209
230073147,209
230074251,209
230077499,209
230077519,209
230077525,209
230078292,208
230081802,209
230081868,209
230082884,209
230082956,209
230082986,209
230084000,209
230084006,209
230084010,209
230084068,209
230085165,209
230086227,209
230086240,209
230086995,208
230087242,209
230087247,209
230087803,208
230087816,208
230088362,209
230088883,208
230090598,209
230091074,208
230091609,209
230092434,208
230092758,209
230093180,208
230093253,208
230093522,208
230094276,208
230094890,209
230094931,209
230094937,209
230095427,208
230095953,209
230097122,209
230098156,209
230098622,208
230099213,209
230099303,209
230099312,209
230100296,209
230100306,209
230101384,209
230101395,209
230101952,208
230103045,208
230103661,209
230103673,209
230104651,209
230104746,209
230104748,209
230105847,209
230105854,209
230105857,209
230106372,208
230107447,208
230109014,209
230109087,209
230109620,208
230110930,208
230111288,209
230112009,208
230112267,209
230112365,209
230113103,208
230114194,208
230114547,209
230116714,209
230117722,209
230118177,208
230118378,208
230120001,209
230120681,208
230121078,209
230121498,208
230123252,209
230123257,209
230123901,208
230124341,209
230124366,209
230125441,209
230125443,209
230125450,209
230127595,209
230128074,208
230128077,208
230128153,208
230129162,208
230129267,208
230129776,209
230129784,209
230130249,208
230130438,208
230130862,209
230131338,208
230131472,208
230131961,209
230132307,207
230133047,209
230133417,208
230133486,208
230133565,208
230134130,209
230135576,207
230136305,209
230136334,209
230136714,208
230136782,208
230136935,208
230137387,209
230137393,209
230137394,209
230138953,208
230139590,209
230139976,208
230140664,209
230140667,209
230140673,209
230141081,208
230141324,208
230141773,209
230142217,208
230142381,208
230142839,209
230142865,209
230143963,209
230144315,208
230145006,209
230145014,209
230145389,208
230145487,208
230146097,209
230146128,209
230146457,207
230146638,208
230147191,209
230147225,209
230147909,208
230148276,209
230148280,209
230149865,208
230152192,208
230152212,208
230152216,208
230152998,208
230153047,208
230153737,209
230153749,209
230153755,209
230154396,208
230154803,209
230154824,209
230156994,209
230157647,208
230159155,209
230159170,209
230159197,209
230160287,209
230160668,208
230160790,208
230160974,208
230161362,209
230161802,208
230161808,208
230161838,208
230162421,209
230163129,208
230163530,209
230163981,208
230163982,208
230163983,208
230164625,209
230165216,208
230166038,207
230166039,207
230166092,208
230166153,208
230167241,208
230167309,208
230167434,208
230167896,209
230168333,208
230170589,208
230170672,208
230171533,208
230171770,208
230171805,208
230172243,209
230172522,207
230172682,208
230174416,209
230174427,209
230174867,208
230177039,208
230178127,208
230179217,208
230179329,208
230180946,209
230181590,208
230182481,208
230182503,208
230183415,207
230184655,208
230184748,208
230184910,208
230186386,209
230186400,209
230186834,208
230187016,208
230187061,208
230187468,209
230187914,208
230188004,208
230189655,209
230189657,209
230190260,208
230190745,209
230191438,208
230192274,208
230194449,208
230197263,209
230198372,209
230198933,208
230202707,209
230203815,207
230204896,209
230204903,209
230205330,208
230208165,209
230208594,208
230211427,207
230211859,208
230212773,207
230212945,208
230212947,208
230215780,209
230219042,207
230222307,207
230222755,208
230223826,208
230225555,209
230228192,208
230229128,207
230229928,209
230231015,209
230231278,207
230232337,207
230232396,207
230234559,207
230235617,207
230236457,207
230236697,207
230237547,209
230237753,207
230237969,208
230237972,208
230238631,209
230239994,207
230243411,208
230244324,207
230245165,209
230245595,208
230246676,208
230248425,209
230250854,207
230251689,209
230251943,207
230253203,208
230257557,208
230258464,207
230261637,207
230261909,208
230264087,208
230264748,207
230267068,209
230268103,209
230269100,209
230269360,207
230270185,209
230273569,207
230275629,209
230279045,207
230279095,207
230283238,209
230284504,207
230287601,209
230287604,209
230296302,207
230297396,207
230298714,207
230299805,207
230300654,207
230300688,209
230300888,207
230301975,207
230302876,209
230302966,209
230304121,207
230305016,209
230305168,207
230305220,207
230308355,209
230309376,209
230309377,209
230309495,209
230310472,209
230310536,209
230310581,207
230310648,207
230311535,209
230311718,207
230311721,207
230311771,207
230312824,207
230312831,207
230313710,209
230313778,209
230313797,209
230313868,207
230315939,209
230317112,209
230318270,207
230319150,207
230319353,207
230320243,207
230320253,209
230320443,207
230321477,207
230321528,207
230321533,207
230322615,207
230323590,209
230323705,207
230324595,207
230324793,207
230327858,209
230328057,207
230330037,209
230331123,209
230333383,207
230333490,207
230335479,209
230335500,209
230336671,209
230337851,207
230339837,207
230340017,207
230342131,209
230343174,209
230343290,207
230344182,209
230344254,207
230344311,209
230344324,207
230344348,207
230345376,209
230347583,207
230348704,207
230350773,209
230350787,209
230350818,209
230350909,207
230351861,209
230353076,207
230353980,209
230354053,207
230354162,207
230357262,207
230357328,209
230357361,209
230358344,209
230358404,207
230359414,207
230359609,207
230360655,207
230360696,207
230360697,207
230361658,209
230361695,209
230362826,207
230363780,209
230363902,207
230364847,207
230367030,209
230367105,207
230367154,209
230368120,209
230369223,209
230369365,207
230370419,209
230371380,207
230371481,209
230372482,207
230372543,209
230373626,209
230373682,209
230374753,209
230374771,209
230374854,207
230375758,207
230375814,209
230375843,209
230375938,207
230376853,209
230376963,207
230377994,207
230378015,209
230380196,207
230381183,209
230381279,207
230381370,207
230382346,207
230383413,209
230383542,207
230385592,207
230387720,209
230387733,209
230387803,209
230387807,209
230388864,209
230388896,209
230389955,209
230391050,209
230392056,209
230392112,209
230392165,209
230394245,209
230394247,209
230394300,209
230394395,207
230395383,209
230396423,209
230396529,209
230398648,209
230398669,209
230398686,209
230399689,209
230399720,209
230399741,209
230399776,209
230400783,209
230400903,207
230401853,209
230401862,209
230401914,209
230401917,209
230402932,209
230404118,207
230404138,209
230405212,209
230406269,207
230406275,209
230406282,209
230406302,209
230407347,209
230407362,209
230409515,209
230410592,209
230410596,209
230412757,209
230412769,207
230412796,209
230412832,209
230414909,209
230415018,209
230418186,209
230418240,207
230419377,209
230420344,207
230420425,207
230420458,207
230420472,207
230421430,209
230421498,207
230422569,209
230423604,207
230424693,209
230424720,209
230424769,209
230425865,209
230426938,209
230428127,207
230429213,207
230430257,207
230431300,209
230433521,209
230433563,207
230434487,207
230435657,207
230436691,209
230437863,209
230438845,209
230438893,209
230438947,209
230439944,207
230441019,209
230442149,209
230443197,209
230443212,209
230446493,209
230446524,209
230447560,207
230447630,209
230448651,207
230448739,209
230449768,209
230450873,209
230450889,207
230451920,209
230451992,207
230452055,207
230453086,209
230454167,209
230454171,209
230454178,209
230454235,207
230455257,209
230456320,209
230456340,209
230457402,209
230458487,207
230459620,209
230460618,207
230460636,207
230461752,209
230462791,209
230462796,207
230462875,209
230463909,209
230464976,209
230464977,209
230465046,207
230467129,209
230467138,207
230467157,209
230469359,209
230470412,209
230471511,209
230473715,209
230474807,209
230474840,207
230475853,209
230475858,209
230479097,209
230480239,209
230481323,209
230482462,209
230483511,209
230483537,207
230486772,209
230488953,209
230491113,209
230494329,207
230495445,209
230495465,209
230498735,209
230503126,209
230507414,207
230508529,209
230509589,207
230509605,209
230510675,209
230511790,209
230516126,207
230517223,209
230520474,209
230524848,207
230529205,209
230530272,207
230531363,209
230534649,207
230555296,209
240009224,211
240027672,211
240074912,211
240102355,210
240107351,211
240108489,211
240116173,210
240118543,210
240118896,211
240124099,211
240130377,211
240130397,211
240133857,210
240135583,211
240135620,211
240135727,210
240136124,211
240136152,211
240136169,210
240137615,210
240139638,210
240139641,210
240140199,210
240140724,211
240142212,210
240143014,211
240143122,210
240143676,211
240145371,211
240145937,211
240145963,210
240146833,210
240147089,210
240147661,211
240147680,210
240147703,211
240148728,211
240149992,211
240151126,211
240151129,211
240151176,210
240151747,211
240152652,210
240152866,211
240153456,210
240153472,210
240153773,210
240154040,211
240154570,211
240155733,211
240155770,210
240156044,210
240156333,210
240156864,211
240157186,210
240158327,210
240158351,210
240158612,211
240158645,211
240158654,211
240158659,211
240159198,211
240159505,210
240159519,211
240159765,211
240160201,211
240160324,211
240160696,211
240161530,210
240161796,210
240161813,211
240162048,211
240162085,211
240162111,210
240162190,211
240163206,211
240163234,211
240163260,211
240163776,211
240164891,211
240164942,211
240165429,211
240165510,211
240165548,210
240165555,211
240166087,211
240166140,210
240166171,211
240167562,210
240167641,211
240167756,211
240167971,210
240168741,210
240168798,211
240169858,211
240169898,210
240170746,211
240171300,210
240171317,211
240171843,211
240171844,211
240172488,211
240173303,210
240173486,210
240173565,211
240173599,211
240174025,211
240174146,211
240175389,210
240175737,211
240175746,211
240175893,211
240176904,211
240176914,211
240177651,211
240177680,210
240177928,210
240178209,210
240178799,211
240178827,211
240178905,211
240179098,211
240179112,210
240179273,211
240179906,211
240180481,211
240180529,211
240181036,211
240181114,210
240181385,211
240181398,210
240181514,211
240181632,211
240181681,210
240181709,211
240182285,210
240182546,210
240182573,210
240182711,211
240182809,211
240182835,211
240183390,210
240183909,211
240185105,211
240185180,211
240186048,211
240186093,211
240186094,211
240186820,211
240186829,211
240187157,210
240187227,211
240187295,211
240187348,211
240187415,211
240187981,211
240188321,210
240188578,211
240188599,211
240189211,210
240189472,210
240189585,211
240189621,210
240189640,211
240189721,211
240189749,211
240190405,211
240190441,210
240190542,211
240190571,210
240190605,210
240190616,210
240190640,211
240190697,210
240190792,211
240190801,211
240190849,211
240190867,211
240190924,211
240190947,211
240191520,210
240191526,210
240191582,211
240191909,211
240191989,211
240192017,211
240192076,211
240192654,210
240193000,210
240193091,211
240193213,211
240193858,210
240194053,210
240194057,210
240194154,211
240194277,211
240194320,211
240194390,211
240195017,210
240195212,211
240195313,210
240195319,210
240196031,211
240196139,211
240196336,210
240196376,210
240196500,210
240196543,211
240196641,211
240197203,211
240197296,210
240197457,210
240197485,210
240197542,211
240198336,211
240198847,211
240198863,211
240198904,211
240198931,211
240198977,211
240199609,211
240199719,211
240200001,211
240200003,211
240200063,211
240200079,211
240200138,211
240200943,210
240201003,210
240201006,210
240201031,210
240201087,211
240201293,211
240201299,211
240201951,210
240202118,210
240202289,211
240202459,211
240202461,211
240203019,210
240203081,211
240203171,210
240203176,211
240203248,211
240203283,210
240203450,211
240203468,211
240203594,211
240203630,211
240204133,210
240204248,210
240204254,210
240204415,210
240204459,210
240204463,210
240204496,210
240204500,211
240204586,211
240204623,211
240204627,211
240204692,211
240205381,211
240205564,210
240205751,211
240205752,211
240205769,211
240206512,210
240206579,211
240206803,210
240206814,210
240206824,211
240206871,211
240206885,211
240206987,211
240207657,210
240207845,211
240207912,210
240207942,211
240208014,211
240208157,210
240208213,211
240208850,211
240209006,210
240209175,211
240209180,211
240210216,210
240210269,210
240210444,211
240211003,211
240211399,211
240211451,210
240211472,211
240211599,211
240212238,210
240212603,211
240212655,211
240212663,210
240212728,211
240213310,211
240213312,211
240213456,210
240213607,210
240213628,211
240213650,210
240213677,210
240213790,211
240213832,211
240213868,211
240214550,211
240214774,210
240214779,210
240215010,211
240215718,210
240215937,210
240216039,211
240216074,211
240216107,210
240216203,211
240216867,210
240217078,210
240217126,210
240217157,211
240218088,210
240218169,210
240218297,210
240218300,211
240219002,211
240219385,210
240219394,210
240219410,210
240219523,210
240220436,210
240220523,210
240220538,211
240220639,210
240220655,210
240220747,211
240220784,211
240220803,211
240220910,211
240221441,210
240221518,211
240221524,210
240221679,210
240221801,210
240221835,211
240221872,211
240223013,210
240223184,211
240223921,210
240223986,210
240224082,210
240224199,211
240224201,211
240224219,211
240225262,210
240225329,211
240225361,211
240225386,211
240225502,211
240226093,210
240226271,211
240226582,210
240226653,211
240227261,211
240227302,211
240227430,210
240227439,210
240227547,211
240227603,211
240227668,211
240227705,211
240228583,210
240228596,210
240228685,211
240228792,211
240228797,210
240228880,211
240228956,211
240229543,211
240229738,210
240229753,210
240229817,210
240229911,210
240229921,211
240230018,211
240230801,211
240230901,210
240231007,210
240231047,211
240231077,210
240231120,211
240231128,211
240231257,211
240231265,211
240231859,211
240231973,211
240232046,210
240232049,211
240232052,210
240232103,210
240232160,210
240232221,211
240232255,211
240232259,211
240232399,211
240233192,210
240233201,210
240233385,210
240233400,211
240234522,211
240235265,211
240235269,211
240235667,210
240235730,211
240235748,211
240235750,211
240235866,211
240236742,210
240236746,211
240236830,210
240236913,211
240237763,211
240237886,210
240237889,211
240238032,211
240238033,211
240238169,211
240238780,211
240238784,211
240238816,210
240239044,211
240239167,210
240239234,211
240239922,211
240240258,211
240240284,211
240240301,211
240241129,210
240241449,211
240241461,210
240241550,211
240241640,211
240242258,211
240242412,210
240242581,210
240242689,210
240242802,211
240243395,210
240243499,210
240243561,211
240243568,211
240243637,210
240243686,211
240243741,211
240244417,211
240244600,211
240244847,210
240245686,211
240245711,211
240245859,210
240245932,210
240246029,210
240246053,211
240246105,211
240246118,211
240246141,211
240246223,210
240246889,210
240246895,211
240247001,210
240247011,210
240247017,210
240247020,210
240247125,210
240247255,211
240247268,211
240247271,210
240248034,211
240248376,210
240249117,210
240249152,211
240249573,211
240249582,210
240250581,211
240250666,211
240250867,211
240251447,210
240251628,210
240251700,210
240252610,211
240252997,211
240253063,211
240254006,210
240254139,211
240254141,211
240254157,211
240254216,211
240254299,211
240255034,211
240257362,211
240257480,210
240257638,211
240258485,211
240258496,210
240258536,210
240258770,211
240258793,211
240258808,211
240259609,211
240259614,210
240259658,210
240261011,211
240261101,211
240261858,211
240261990,211
240263129,211
240263271,211
240263273,210
240263398,211
240264118,211
240264305,210
240264560,211
240264681,211
240264685,211
240265323,211
240265678,211
240265683,210
240265812,211
240266668,211
240266834,211
240268005,211
240268007,211
240268706,211
240268849,211
240268898,211
240268908,211
240270288,211
240271276,210
240271589,211
240272216,211
240272609,211
240272628,211
240273381,210
240273462,210
240273905,211
240274576,210
240274849,210
240275055,211
240276954,210
240276962,210
240277989,210
240278014,211
240279157,211
240280253,210
240280335,210
240280600,211
240281506,211
240282560,211
240282695,210
240284976,210
240286174,210
240286409,211
240288419,210
240289541,211
240291838,211
240292950,210
240294185,211
240295284,210
240301070,210
240302254,211
240303664,210
240311494,211
240316043,210
240317196,211
240319458,211
240322146,211
240341380,210
240344836,210
240360956,211
250005140,212
250009103,212
250009352,212
250010087,212
250011082,212
250011896,212
250012073,212
250012082,212
250012880,212
250013060,212
250013872,212
250013880,212
250014055,212
250015309,212
250015862,212
250016036,212
250016050,212
250017843,212
250018013,212
250019821,212
250019824,212
250019827,212
250020273,212
250020995,212
250020997,212
250021809,212
250023797,212
250023832,212
250024244,212
250025234,212
250025765,212
250026750,212
250027751,212
250027936,212
250027937,212
250029733,212
250030582,212
250030777,212
250031191,212
250031892,212
250032183,212
250032878,212
250033695,212
250033842,212
250034165,212
250034580,212
250034681,212
250035512,212
250035514,212
250035651,212
250035858,212
250035860,212
250036850,212
250036859,212
250037635,212
250037810,212
250038498,212
250038796,212
250038834,212
250039636,212
250039776,212
250039788,212
250040623,212
250040820,212
250041523,212
250041778,212
250041796,212
250041815,212
250042470,212
250042485,212
250042682,212
250042802,212
250043458,212
250043611,212
250043625,212
250043675,212
250043750,212
250044450,212
250044599,212
250045080,212
250045438,212
250045741,212
250045766,212
250046431,212
250046544,212
250046551,212
250046731,212
250046733,212
250046769,212
250047065,212
250047070,212
250047415,212
250047507,212
250047753,212
250048420,212
250048426,212
250049050,212
250049414,212
250049443,212
250049457,212
250049485,212
250049523,212
250049734,212
250049739,212
250050042,212
250050271,212
250050386,212
250050388,212
250050390,212
250050435,212
250050454,212
250050484,212
250050533,212
250050536,212
250050619,212
250050695,212
250050705,212
250050737,212
250051376,212
250051447,212
250051656,212
250052294,212
250052368,212
250052603,212
250052705,212
250052725,212
250053407,212
250053688,212
250053697,212
250053713,212
250053727,212
250054358,212
250054386,212
250054483,212
250054489,212
250054490,212
250054497,212
250054590,212
250054684,212
250054700,212
250054701,212
250054707,212
250055008,212
250055410,212
250055499,212
250055653,212
250055663,212
250055711,212
250056227,212
250056377,212
250056441,212
250056474,212
250056656,212
250056664,212
250056683,212
250057194,212
250057280,212
250057398,212
250057566,212
250057632,212
250057645,212
250058219,212
250058432,212
250058445,212
250058557,212
250058637,212
250058672,212
250058977,212
250059309,212
250059408,212
250059619,212
250059633,212
250059649,212
250059651,212
250059655,212
250060348,212
250060540,212
250060580,212
250060585,212
250060628,212
250060650,212
250060655,212
250060657,212
250060964,212
250061297,212
250061376,212
250061388,212
250061454,212
250061533,212
250061571,212
250061575,212
250061602,212
250061603,212
250061605,212
250061607,212
250061953,212
250062214,212
250062216,212
250062231,212
250062323,212
250062329,212
250062428,212
250062430,212
250062595,212
250062939,212
250062944,212
250062952,212
250063424,212
250063532,212
250063608,212
250063621,212
250063633,212
250064193,212
250064267,212
250064268,212
250064381,212
250064596,212
250064621,212
250064625,212
250064928,212
250065178,212
250065255,212
250065366,212
250065500,212
250065501,212
250065587,212
250066120,212
250066224,212
250066252,212
250066316,212
250066580,212
250066594,212
250066595,212
250066597,212
250066608,212
250066929,212
250067093,212
250067158,212
250067243,212
250067304,212
250067349,212
250067357,212
250067524,212
250067525,212
250067555,212
250067557,212
250067592,212
250067899,212
250067906,212
250068122,212
250068127,212
250068146,212
250068210,212
250068522,212
250068560,212
250068891,212
250068913,212
250068916,212
250069114,212
250069212,212
250069259,212
250069328,212
250069469,212
250069484,212
250069543,212
250069571,212
250069575,212
250069889,212
250069905,212
250070153,212
250070167,212
250070179,212
250070282,212
250070298,212
250070356,212
250070475,212
250070508,212
250070533,212
250070537,212
250070542,212
250070888,212
250071090,212
250071122,212
250071169,212
250071269,212
250071272,212
250071525,212
250071537,212
250071547,212
250071891,212
250072106,212
250072132,212
250072154,212
250072261,212
250072444,212
250072445,212
250072491,212
250072865,212
250072866,212
250073054,212
250073068,212
250073086,212
250073094,212
250073136,212
250073141,212
250073150,212
250073170,212
250073182,212
250073441,212
250073446,212
250073477,212
250073512,212
250073548,212
250073858,212
250073876,212
250074048,212
250074120,212
250074153,212
250074160,212
250074168,212
250074272,212
250074285,212
250074471,212
250074505,212
250074528,212
250074843,212
250074851,212
250074858,212
250074867,212
250074873,212
250075035,212
250075155,212
250075265,212
250075492,212
250075502,212
250075518,212
250075519,212
250075522,212
250075532,212
250075847,212
250075863,212
250075864,212
250076036,212
250076037,212
250076038,212
250076083,212
250076091,212
250076126,212
250076152,212
250076163,212
250076256,212
250076451,212
250076464,212
250076466,212
250076506,212
250077199,212
250077458,212
250077460,212
250077849,212
250078045,212
250078072,212
250078084,212
250078107,212
250078121,212
250078134,212
250078245,212
250078407,212
250078437,212
250078438,212
250078490,212
250079018,212
250079086,212
250079266,212
250079482,212
250079486,212
250079813,212
250079815,212
250079824,212
250080027,212
250080075,212
250080093,212
250080107,212
250080171,212
250080223,212
250080383,212
250080385,212
250080407,212
250080813,212
250080981,212
250080991,212
250081068,212
250081377,212
250081420,212
250081820,212
250081995,212
250081999,212
250082074,212
250082117,212
250082411,212
250082436,212
250082805,212
250082974,212
250082983,212
250083087,212
250083252,212
250083361,212
250083371,212
250083385,212
250083781,212
250083806,212
250083971,212
250083984,212
250084065,212
250084086,212
250084390,212
250084789,212
250085026,212
250085179,212
250085382,212
250085390,212
250085391,212
250085412,212
250085434,212
250085439,212
250085949,212
250086339,212
250086361,212
250086375,212
250086386,212
250086936,212
250087042,212
250087080,212
250087329,212
250087366,212
250087749,212
250088022,212
250088067,212
250088143,212
250088155,212
250088322,212
250088326,212
250088344,212
250088355,212
250088415,212
250088953,212
250089024,212
250089032,212
250089035,212
250089323,212
250089907,212
250090327,212
250090350,212
250090357,212
250090902,212
250091307,212
250091316,212
250091341,212
250091349,212
250091391,212
250091735,212
250091933,212
250091951,212
250091978,212
250092287,212
250092351,212
250092718,212
250093288,212
250093291,212
250093293,212
250093340,212
250094283,212
250094293,212
250094328,212
250094330,212
250094333,212
250094335,212
250094877,212
250094992,212
250095266,212
250095299,212
250095324,212
250095863,212
250095869,212
250095991,212
250096844,212
250097247,212
250097790,212
250097846,212
250098248,212
250098275,212
250098844,212
250099288,212
250099674,212
250099791,212
250099821,212
250100224,212
250100249,212
250100257,212
250100666,212
250100800,212
250100819,212
250101776,212
250101808,212
250102638,212
250103220,212
250103222,212
250103228,212
250103235,212
250103799,212
250103876,212
250104194,212
250104212,212
250104254,212
250104286,212
250104622,212
250104635,212
250104868,212
250105203,212
250105778,212
250106176,212
250106196,212
250106201,212
250106625,212
250106781,212
250107772,212
250107853,212
250108743,212
250109152,212
250109173,212
250109174,212
250109582,212
250109757,212
250110165,212
250110592,212
250110684,212
250111586,212
250111677,212
250111738,212
250112143,212
250112159,212
250112181,212
250112580,212
250112689,212
250112706,212
250113134,212
250113148,212
250113635,212
250113696,212
250113703,212
250113843,212
250113847,212
250114135,212
250114165,212
250114662,212
250114687,212
250114690,212
250115131,212
250115165,212
250115703,212
250115708,212
250116157,212
250116637,212
250116657,212
250117106,212
250117114,212
250117142,212
250117643,212
250117651,212
250117663,212
250118107,212
250118113,212
250119535,212
250119585,212
250119621,212
250119626,212
250119662,212
250119679,212
250120078,212
250120080,212
250120516,212
250120594,212
250120637,212
250121075,212
250121085,212
250121507,212
250121589,212
250122062,212
250122644,212
250122646,212
250123072,212
250123101,212
250123548,212
250123565,212
250123593,212
250124061,212
250124479,212
250124493,212
250124555,212
250124564,212
250124592,212
250125476,212
250125558,212
250125607,212
250126480,212
250126516,212
250127460,212
250127480,212
250127565,212
250128030,212
250128558,212
250128997,212
250129007,212
250129025,212
250129439,212
250129440,212
250129555,212
250129582,212
250129998,212
250130454,212
250131491,212
250131978,212
250132420,212
250132560,212
250132974,212
250133409,212
250133545,212
250133978,212
250134006,212
250134402,212
250134518,212
250134533,212
250134976,212
250135493,212
250135952,212
250135968,212
250136509,212
250137436,212
250137934,212
250138390,212
250138423,212
250138483,212
250139422,212
250139923,212
250140362,212
250140366,212
250140440,212
250140492,212
250141347,212
250141407,212
250142345,212
250143388,212
250143408,212
250144389,212
250144432,212
250145448,212
250145889,212
250146420,212
250146865,212
250146874,212
250147384,212
250147411,212
250147845,212
250147857,212
250148307,212
250148341,212
250148837,212
250149292,212
250149295,212
250149328,212
250149344,212
250149395,212
250149405,212
250149841,212
250151280,212
250152290,212
250153256,212
250153267,212
250153278,212
250153369,212
250154295,212
250155254,212
250155262,212
250155809,212
250156798,212
250156801,212
250157236,212
250157238,212
250157240,212
250157777,212
250158262,212
250158337,212
250159774,212
250160240,212
250160324,212
250161247,212
250161249,212
250162234,212
250162753,212
250163745,212
250164235,212
250165180,212
250167152,212
250168149,212
250172150,212
250173115,212
250174145,212
250175088,212
250175095,212
250177117,212
250181047,212
250182036,212
250182043,212
250183041,212
250183045,212
250184025,212
250186007,212
250186010,212
250191987,212
250194935,212
250194943,212
250194956,212
250195944,212
250195948,212
250197909,212
250198918,212
250201883,212
250203882,212
250204862,212
250205853,212
250210816,212
250220731,212
250222709,212
250223724,212
250226692,212
250234623,212
250234631,212
280088733,213
280115234,213
280118583,214
280141626,214
280145070,214
280157749,214
280164367,214
280165810,214
280172352,215
280173863,214
280176174,214
280185379,214
280189550,215
280189576,215
280189583,215
280192280,214
280193439,214
280195484,215
280198848,215
280201124,215
280202253,215
280202670,214
280203818,214
280204524,215
280206867,215
280207263,214
280208064,215
280212624,215
280215057,215
280216170,215
280217365,215
280221914,215
280223089,215
280224198,215
280226845,214
280227577,215
280227618,215
280227623,213
280227663,215
280229312,213
280229877,215
280229901,215
280229924,215
280231101,215
280232254,215
280232610,214
280234529,215
280235620,215
280236946,214
280238002,215
280238032,215
280238051,215
280238078,215
280238090,214
280239174,215
280239213,215
280239215,215
280240271,215
280241384,215
280241441,215
280241470,215
280241502,215
280241533,215
280241827,214
280242539,215
280243819,215
280244898,215
280245278,214
280246086,215
280246113,215
280246428,214
280247181,215
280247271,215
280247272,215
280247279,215
280247298,215
280247578,214
280247582,214
280248468,214
280248733,214
280249484,215
280249885,214
280251751,215
280251768,213
280251844,215
280251905,214
280252193,214
280253100,214
280253337,214
280254108,213
280254240,215
280255302,215
280255339,215
280255344,215
280256382,215
280256501,213
280257560,215
280257571,215
280257616,215
280257666,214
280258662,215
280258840,215
280258852,214
280259845,215
280260996,215
280261134,215
280262142,215
280262159,215
280262171,213
280262279,214
280262556,214
280263432,215
280263623,214
280264418,215
280264509,215
280264515,215
280264566,215
280264574,214
280264649,214
280265571,213
280265716,215
280265743,215
280265847,214
280266160,213
280266746,215
280266749,213
280266791,215
280267986,215
280268010,215
280268060,214
280268289,214
280268488,213
280269376,214
280270238,215
280270269,215
280270359,215
280270599,214
280271353,215
280271395,215
280271462,215
280271683,214
280272483,215
280272784,214
280273801,215
280273802,215
280273807,214
280273820,214
280274049,214
280274809,213
280274839,215
280274874,215
280275942,213
280276006,215
280276083,213
280276349,214
280277217,215
280277227,215
280278257,215
280278299,215
280278415,215
280279399,215
280279528,214
280279541,215
280279557,214
280279806,214
280280487,215
280280581,215
280280702,215
280280710,214
280282906,215
280282914,215
280282917,215
280282997,215
280283055,214
280283240,214
280283258,214
280283267,214
280284094,215
280284132,215
280284160,214
280285302,215
280285305,215
280285356,214
280285382,214
280285591,214
280286515,215
280286583,214
280288806,214
280288834,214
280289032,214
280289046,214
280289767,215
280289788,215
280289819,213
280289889,215
280289920,215
280289921,215
280290200,214
280291011,215
280291201,214
280291314,214
280291352,214
280292101,213
280292230,214
280292487,214
280293214,213
280293235,215
280293413,215
280293656,214
280294461,215
280294498,215
280294528,214
280294598,214
280294678,214
280294784,214
280295664,215
280295725,214
280295763,214
280295926,214
280296811,214
280296870,214
280296948,214
280297956,215
280298179,214
280300158,215
280300200,215
280301347,215
280301372,215
280302492,215
280302504,215
280302618,214
280302640,214
280302661,214
280303547,215
280303836,214
280303935,214
280304858,213
280305012,214
280305969,213
280306019,215
280306027,215
280306033,215
280306136,214
280306145,214
280307158,215
280308390,214
280309612,214
280310490,215
280310919,214
280311603,215
280311763,215
280311850,215
280311853,215
280311919,214
280311921,214
280312006,214
280312871,215
280312904,215
280312986,214
280313005,214
280313219,214
280314019,215
280314146,214
280314157,214
280314253,214
280315187,215
280315207,215
280315290,214
280315313,214
280315517,214
280316336,213
280316454,214
280317415,213
280317552,214
280317574,215
280317616,214
280317839,214
280318726,214
280318756,215
280318765,214
280318809,214
280318813,214
280319731,215
280319961,214
280320135,214
280321251,214
280321287,214
280322018,215
280322131,215
280322213,214
280322309,214
280322311,214
280322378,214
280322385,214
280323228,215
280323299,215
280323379,214
280323436,214
280323505,214
280323585,214
280324424,213
280324527,214
280325543,215
280325619,214
280325687,214
280325717,214
280325758,214
280326599,213
280326817,214
280326833,214
280326875,214
280326887,214
280327907,215
280327915,213
280328082,214
280329057,215
280329074,215
280329079,214
280329130,214
280329210,214
280329351,214
280331351,215
280331389,214
280331481,214
280331541,214
280332577,215
280332604,214
280332710,214
280333501,213
280333540,215
280333680,215
280333794,214
280333807,214
280333879,214
280334671,215
280334791,215
280334936,214
280335782,213
280335825,215
280335836,213
280335966,215
280336071,214
280336258,214
280336987,215
280337126,215
280337283,214
280337292,214
280337411,214
280338259,213
280338421,214
280338486,214
280339607,214
280339678,214
280341078,213
280341832,214
280341846,214
280342749,215
280343031,214
280343847,213
280344056,215
280344237,214
280345174,215
280345277,214
280345297,214
280345313,214
280345407,214
280345474,214
280346188,215
280346190,215
280346454,214
280346489,214
280347617,214
280348465,213
280348731,214
280348737,214
280348815,214
280348822,214
280348827,214
280348861,214
280348933,214
280349924,214
280352222,214
280352238,214
280352239,214
280352249,214
280353126,213
280354275,215
280354585,214
280354634,214
280354657,214
280355383,215
280355741,214
280356698,215
280356975,214
280356991,214
280357681,213
280357969,214
280359113,214
280360273,214
280360383,214
280360437,214
280360453,214
280361431,214
280361481,214
280362314,213
280362566,214
280362588,214
280362757,214
280364857,215
280364858,214
280364864,214
280364919,214
280365759,213
280366070,214
280366169,214
280366948,215
280367215,214
280367246,214
280367257,214
280368340,214
280368374,214
280368517,214
280369500,214
280370334,213
280370639,214
280370696,214
280370810,214
280371785,214
280371798,214
280371823,214
280372935,214
280372960,214
280374281,214
280374995,215
280375256,214
280375279,214
280375286,214
280375433,214
280376119,215
280376581,214
280377307,213
280378706,214
280378714,214
280378774,214
280378776,214
280378785,214
280379897,214
280379909,214
280379980,214
280380733,215
280380828,215
280380920,215
280381000,214
280381008,214
280381022,214
280381077,214
280381078,214
280381193,214
280381833,213
280381919,215
280382166,214
280382169,214
280382341,214
280383340,214
280383384,214
280384537,214
280385376,215
280386839,214
280386922,214
280387623,215
280387921,214
280387984,214
280388029,214
280389046,215
280389062,214
280389083,214
280389897,213
280390251,214
280391139,215
280392574,214
280392603,214
280392604,214
280392677,214
280393687,214
280393864,214
280393865,214
280394813,214
280395961,214
280396871,213
280397141,214
280397992,213
280398310,214
280400670,214
280400749,214
280401770,214
280401788,214
280402630,213
280402893,214
280403960,215
280404064,214
280405242,214
280406345,214
280406364,214
280406394,214
280406486,214
280406502,214
280407508,214
280407538,214
280408677,214
280409533,213
280409549,213
280410956,214
280410988,214
280412106,214
280412141,214
280413336,214
280414478,214
280414509,214
280416480,215
280417900,214
280417920,214
280419045,214
280419046,214
280419054,214
280421333,214
280422522,214
280424789,214
280424828,214
280426836,213
280431707,214
280435151,214
280435158,214
280435194,214
280438627,214
280438652,214
280439805,214
280440918,214
280440946,214
280442104,214
280444379,214
280445552,214
280446706,214
280447843,214
280447962,214
280451280,214
280453618,214
280453693,214
280454768,214
280455885,214
280457037,214
280461804,214
280468600,214
280473208,214
280481251,214
280617642,213
290005500,218
290012376,218
290028887,218
290038516,218
290044020,218
290045396,218
290046772,218
290052274,218
290053651,218
290056401,218
290057762,218
290059152,218
290067400,218
290072903,218
290079776,218
290100404,218
290103165,218
290104532,218
290110033,218
290110035,218
290116901,218
290123795,218
290126540,218
290126541,218
290132028,218
290133419,218
290133421,218
290136168,218
290137533,218
290149915,218
290154049,218
290155434,218
290158171,218
290158180,218
290159562,218
290167798,218
290170550,218
290171925,218
290171936,218
290176029,218
290187037,218
290188433,218
290195261,218
290196679,218
290196682,218
290196692,218
290202193,218
290204916,218
290207693,218
290210450,218
290210614,216
290220072,218
290225745,216
290228278,218
290232408,218
290242052,218
290242059,218
290242062,218
290242065,218
290243446,218
290243451,218
290247569,218
290247576,218
290249140,216
290253062,218
290255806,218
290255809,218
290256020,216
290257205,218
290259938,218
290265440,218
290266802,218
290269549,218
290269558,218
290270928,218
290272314,218
290280562,218
290283322,218
290287468,218
290290218,218
290295666,218
290295692,218
290297064,218
290299742,218
290299784,218
290299804,218
290303790,218
290303940,218
290306589,218
290314854,218
290316291,218
290317652,218
290317689,218
290318981,218
290327316,218
290327325,218
290331278,218
290332701,218
290332812,218
290335534,218
290336798,217
290336954,218
290339685,218
290340949,217
290341072,218
290343752,218
290343800,218
290349339,218
290350587,217
290350623,218
290350666,218
290353418,218
290353469,218
290354743,218
290354790,218
290354813,218
290354845,218
290356202,218
290357503,218
290358812,218
290360291,218
290361569,218
290361666,218
290365823,218
290367137,218
290368501,217
290369831,218
290371208,217
290373914,218
290376668,218
290376758,218
290376808,218
290379470,218
290379476,217
290380838,218
290383561,218
290383707,218
290384909,217
290386301,218
290386427,218
290389064,218
290390477,217
290391802,218
290391814,218
290391947,218
290393234,218
290394563,217
290395989,218
290398713,218
290398722,218
290405633,218
290408312,218
290409825,218
290411068,218
290411107,217
290411108,218
290412525,217
290415215,218
290415225,218
290416604,218
290416619,218
290416656,218
290418001,218
290419327,218
290419371,218
290420445,221
290420721,218
290422086,218
290423442,218
290423581,218
290431767,218
290435600,217
290437162,218
290437215,217
290440097,218
290442479,218
290442706,218
290446858,217
290448234,217
290450713,217
290454848,217
290455076,217
290456239,218
290456499,217
290459174,218
290460610,218
290463440,218
290464477,218
290464725,218
290467245,217
290468849,218
290470169,218
290474361,217
290477049,218
290479628,217
290483746,218
290483767,218
290485133,217
290487857,217
290487887,218
290489249,217
290489286,217
290489478,217
290492226,218
290494752,218
290497525,218
290499089,218
290501860,217
290507118,217
290507146,217
290507315,218
290507377,217
290511291,217
290515376,217
290516752,217
290516944,218
290518134,221
290518157,217
290519754,217
290520888,217
290521107,217
290522284,221
290523654,217
290523802,217
290525017,217
290526384,220
290527882,218
290530517,217
290530726,217
290533284,218
290533304,217
290533496,218
290536014,221
290536239,218
290538770,221
290538773,217
290538819,217
290540169,217
290540362,217
290540363,218
290544267,220
290544278,217
290545698,218
290547030,218
290547045,217
290548412,217
290548451,217
290549769,217
290549779,218
290549819,217
290549842,218
290550016,217
290551149,217
290551386,218
290555460,217
290556648,220
290556681,217
290556705,217
290558038,217
290558180,218
290558183,217
290558265,218
290559402,220
290559475,217
290559558,217
290560826,217
290562171,217
290562202,217
290562367,217
290563535,220
290563544,217
290563546,217
290563591,218
290563602,217
290564981,217
290566350,218
290566352,217
290566513,218
290567678,217
290567774,217
290570430,217
290570479,218
290573230,217
290573272,217
290574548,217
290574571,218
290575968,218
290578670,220
290578872,217
290580046,220
290580053,217
290580250,217
290581459,217
290581527,218
290581548,217
290581650,217
290582820,217
290582864,217
290584226,218
290585551,217
290585567,217
290585763,217
290585776,218
290586978,218
290586982,218
290588395,217
290588528,218
290589720,218
290589741,218
290589899,218
290591050,217
290591251,218
290592457,218
290592502,218
290592581,217
290592616,218
290592626,217
290593800,221
290593851,218
290593912,217
290595258,218
290595405,218
290596610,218
290596611,218
290596628,217
290598008,218
290599368,218
290602091,217
290603439,217
290603475,217
290603490,218
290603630,218
290604854,218
290604856,217
290604956,217
290606239,217
290606411,218
290607665,217
290607723,217
290607730,217
290608936,220
290610309,217
290610327,217
290611822,218
290614543,217
290615818,217
290618621,218
290622859,218
290624107,217
290624129,217
290624131,217
290624144,218
290625554,217
290626881,217
290628199,221
290629578,218
290629655,217
290631066,217
290633864,218
290633881,217
290635213,218
290636657,218
290637915,218
290637932,218
290639289,218
290639358,217
290640059,219
290640584,217
290640644,218
290640702,217
290641902,217
290642047,218
290642111,217
290642153,217
290644787,218
290646167,218
290646216,217
290647585,218
290647645,218
290649020,218
290650273,218
290650301,218
290650351,217
290651576,217
290651647,217
290651712,218
290652952,221
290654349,220
290654451,217
290655787,217
290655899,217
290657228,217
290658473,220
290661225,217
290664071,217
290664087,217
290664118,218
290665345,221
290665349,220
290666843,217
290669581,217
290670935,218
290672299,218
290672378,217
290672426,218
290673711,217
290673775,217
290675044,218
290675889,219
290677808,217
290679176,217
290679230,217
290680625,217
290681861,217
290681981,217
290687319,217
290687353,220
290687369,220
290687423,218
290687456,217
290690199,218
290691480,218
290694244,220
290694247,220
290695723,217
290696994,220
290697113,217
290698469,217
290698524,217
290699278,216
290699723,217
290699747,220
290699845,217
290701071,217
290702499,220
290706627,217
290706630,217
290706758,218
290708003,220
290708119,218
290710695,217
290712094,217
290712270,217
290716253,217
290716370,218
290717131,216
290719112,217
290720379,221
290720391,220
290723199,217
290723270,218
290725888,220
290725892,220
290727219,217
290727267,220
290727360,218
290728590,217
290728604,218
290728612,217
290732772,220
290732892,217
290733643,216
290734090,217
290734134,217
290734139,217
290734140,217
290738203,221
290739587,216
290742362,221
290743719,217
290745154,220
290746033,216
290746622,217
290747877,221
290747905,220
290749278,217
290750761,217
290751991,221
290752017,220
290753377,221
290754741,220
290756110,217
290756126,217
290756271,217
290757537,217
290758451,219
290758829,216
290758913,217
290761203,216
290761666,220
290763041,217
290764394,217
290765758,217
290767123,217
290767169,217
290768494,217
290768519,217
290769839,216
290771234,219
290771289,220
290772589,217
290772646,217
290772648,217
290774033,220
290774041,220
290775361,217
290775379,221
290775400,217
290775424,220
290776343,216
290776779,217
290776910,217
290778110,217
290778327,217
290779506,217
290779544,217
290780850,219
290780922,220
290782299,220
290783211,219
290783659,217
290784975,217
290785051,217
290785971,219
290786384,217
290787328,216
290793249,219
290793295,218
290793314,220
290794672,220
290795601,219
290795977,221
290796020,217
290797366,216
290797411,220
290798761,217
290800154,217
290801553,217
290802888,217
290802900,217
290802929,217
290804276,217
290805648,220
290805693,217
290808379,216
290809363,219
290809746,219
290809787,217
290809805,217
290809826,217
290810719,216
290813814,216
290813916,217
290814857,219
290815293,217
290816706,218
290818071,218
290819423,217
290819565,217
290820786,216
290823521,216
290824945,217
290826144,216
290826327,217
290827628,221
290827665,217
290827676,217
290829051,217
290830445,217
290831742,216
290831751,217
290833139,221
290833174,217
290834507,221
290834543,217
290835843,216
290835957,217
290837247,217
290837313,217
290837320,221
290838602,216
290838615,217
290840041,217
290840992,219
290841436,220
290844119,217
290844155,217
290846518,219
290848288,217
290849626,216
290849691,217
290849695,217
290849696,221
290850629,219
290851069,217
290852382,216
290856495,221
290856521,220
290856535,216
290857877,216
290859274,220
290860275,219
290860654,217
290862031,217
290864406,216
290864734,221
290864792,219
290864796,217
290866176,219
290867429,221
290868909,221
290868920,217
290870277,217
290871504,216
290871638,217
290872986,221
290873021,216
290874431,216
290875663,216
290875800,216
290875820,216
290878593,217
290879897,217
290881207,216
290881305,219
290882693,217
290884019,217
290884025,217
290885409,217
290886688,217
290886796,217
290888251,217
290889535,217
290889557,216
290889580,216
290889602,217
290890927,221
290892280,217
290892308,217
290893669,217
290893699,221
290895003,221
290895035,221
290896460,216
290897716,221
290897770,221
290897778,216
290899120,221
290899147,216
290900513,216
290900557,216
290901839,216
290903329,217
290904680,216
290904698,221
290904703,217
290905904,216
290906026,219
290906071,217
290906092,217
290907313,221
290907333,221
290908811,217
290908819,219
290910154,219
290910165,217
290911190,219
290911200,221
290911576,217
290911578,217
290912593,219
290912823,219
290912901,219
290913945,219
290914267,221
290915503,216
290917057,216
290917082,216
290917123,217
290918432,221
290919711,220
290919825,221
290919834,217
290922544,216
290922550,217
290922564,217
290923923,221
290923943,221
290929417,216
290929445,216
290929468,217
290930731,221
290930745,216
290930845,216
290932204,217
290933526,219
290933584,217
290934593,221
290934932,221
290936222,221
290936315,217
290936336,217
290937576,221
290937662,221
290937689,217
290939069,221
290939079,217
290939090,220
290941659,216
290941841,216
290941852,217
290943079,221
290944549,221
290945642,221
290945914,221
290947233,221
290947239,221
290947307,216
290947314,221
290947323,221
290947353,220
290948681,216
290948690,216
290948729,217
290948740,219
290951329,221
290951373,216
290951414,219
290951472,221
290952794,220
290952834,217
290954040,220
290954104,221
290954112,219
290955235,219
290955337,219
290955485,221
290955491,217
290955566,217
290956673,219
290956871,221
290956902,221
290956904,216
290956970,217
290958343,220
290958348,216
290959657,216
290959662,216
290960995,221
290961078,217
290961093,221
290966400,221
290969229,221
290969317,219
290969321,216
290970602,217
290970622,221
290970708,217
290973456,216
290974816,221
290974825,221
290976190,220
290976224,221
290977466,219
290977496,221
290977497,219
290977511,221
290977571,216
290977617,216
290978627,219
290980222,216
290980297,217
290980330,217
290981467,219
290981499,220
290981570,216
290981644,216
290981701,216
290981707,217
290981712,216
290981734,217
290983013,221
290983045,216
290984372,220
290984383,221
290984488,221
290985780,216
290985843,221
290987224,217
290987245,220
290988459,219
290988602,217
290988619,217
290988620,220
290989798,216
290991268,221
290991272,216
290992474,219
290992602,216
290992713,216
290992738,217
290994101,216
290995477,216
290996725,216
290996797,216
290996829,221
290998072,216
290998138,221
290998252,221
290999540,216
291000770,219
291000873,221
291000937,221
291002219,220
291002253,216
291002257,221
291003641,221
291003646,221
291004931,216
291005039,216
291005104,216
291005119,217
291006440,217
291006469,221
291007800,219
291009132,216
291010480,216
291010611,221
291011876,220
291011884,219
291011927,216
291011996,217
291013203,220
291013293,216
291014739,217
291015998,216
291016071,216
291017421,219
291018544,219
291018828,221
291018842,221
291018896,216
291020150,221
291020245,216
291021377,219
291021530,221
291022698,219
291022856,216
291022890,219
291022940,221
291023020,216
291024209,220
291024228,220
291024280,216
291024303,221
291025669,221
291025754,217
291025755,216
291026816,221
291026945,221
291027018,221
291027112,221
291028379,221
291029702,220
291029736,216
291029853,217
291031199,216
291031259,216
291032519,221
291033677,219
291033923,221
291035343,217
291037893,219
291038018,221
291038061,220
291038074,216
291038146,221
291040740,216
291040794,219
291040895,217
291041953,221
291042107,220
291042147,216
291042192,219
291042239,221
291042252,217
291043505,216
291044703,220
291044740,219
291046258,216
291046303,217
291046316,219
291046400,219
291047583,221
291047648,216
291047684,221
291047711,216
291048969,216
291049055,219
291050430,221
291050512,216
291051759,216
291051792,221
291051804,221
291051840,216
291054526,216
291055728,221
291055866,220
291055896,216
291056027,216
291057307,219
291058459,219
291058463,219
291058694,219
291058710,221
291060140,216
291061368,220
291061383,220
291062807,221
291064230,216
291065519,216
291066949,221
291068329,221
291068352,221
291069630,216
291069791,220
291070918,219
291071037,216
291071070,221
291071128,219
291072354,221
291072411,216
291072443,216
291072453,216
291073603,221
291073769,216
291074999,219
291075064,220
291075178,220
291075198,221
291076549,220
291076556,216
291076652,217
291079162,219
291079220,216
291079248,220
291079277,220
291079280,221
291080757,221
291082096,221
291083488,221
291084800,216
291084807,221
291084829,217
291084833,216
291084888,216
291086124,221
291086178,216
291086201,221
291088809,219
291088921,219
291088950,220
291088964,216
291088992,217
291089056,221
291090306,216
291090339,219
291091670,219
291091766,220
291093075,221
291093121,221
291093143,217
291094331,221
291094398,220
291094440,216
291095759,220
291097059,219
291097167,216
291097186,219
291097260,221
291098445,216
291098586,219
291098593,217
291098597,217
291099761,221
291099936,216
291099982,221
291101290,220
291101352,221
291101368,216
291102737,216
291102738,216
291102824,217
291103879,220
291104039,216
291105435,220
291105470,216
291105531,219
291106872,216
291108091,221
291108196,220
291108254,216
291110923,216
291112141,219
291112185,219
291112324,220
291112325,216
291112341,221
291112376,221
291113673,220
291113676,220
291113708,219
291113766,220
291115072,219
291115074,216
291116427,220
291117820,221
291117826,216
291117857,221
291119195,219
291119204,220
291119256,221
291120422,219
291120511,216
291120567,216
291120635,216
291121889,221
291123368,220
291124706,216
291124724,219
291127383,221
291127548,217
291128750,221
291128791,220
291131492,220
291132942,220
291132947,221
291132973,219
291133009,219
291134390,216
291135595,219
291135690,216
291138433,216
291138468,219
291138549,216
291139843,220
291139844,216
291139861,217
291141217,216
291141221,221
291141225,216
291143959,216
291145262,221
291145350,221
291146721,216
291149477,216
291149481,220
291150867,216
291152130,221
291153602,216
291153604,216
291153609,217
291153654,216
291153670,221
291156364,217
291157640,221
291157659,221
291157686,220
291158936,221
291160312,219
291160488,220
291161677,219
291161852,219
291163291,217
291164481,219
291165965,216
291165985,221
291167312,220
291168554,221
291168731,221
291170006,219
291174218,220
291174248,221
291175546,216
291175572,220
291175580,219
291179639,219
291179750,216
291181115,216
291185136,219
291185219,220
291185255,220
291186471,221
291186614,220
291191959,219
291192135,220
291193330,221
291193427,221
291193450,216
291193485,219
291194803,219
291194839,216
291196179,221
291197452,220
291197537,221
291205871,216
291207141,219
291208601,221
291210066,221
291211353,220
291215350,219
291218152,220
291218199,221
291218277,216
291219494,219
291222310,221
291226365,221
291227746,221
291231958,220
291233403,221
291234625,219
291234781,217
291235995,219
291237478,219
291240135,221
291242885,221
291244342,220
291249788,219
291256629,220
291267745,216
291271803,219
291271863,216
291281420,219
291282854,221
291311764,221
291315892,221
291328197,219
291380462,219
310003976,302
310009927,302
310009943,302
310009966,302
310011946,302
310015910,302
310019851,302
310019872,302
310019889,302
310021833,302
310021837,302
310021856,302
310021857,302
310021858,302
310023841,302
310027804,302
310031727,301
310031795,302
310033749,302
310035762,302
310037746,302
310037747,302
310039640,301
310039730,302
310039731,302
310041683,302
310041715,302
310043698,302
310045651,302
310047668,302
310047670,302
310047672,302
310047675,302
310047742,302
310051570,301
310057661,302
310059468,301
310059575,302
310059600,302
310061451,301
310061461,301
310061574,302
310061605,302
310063447,301
310063542,302
310063558,302
310065544,302
310065563,302
310067576,302
310069518,302
310069528,302
310069533,302
310069539,302
310071393,301
310073480,302
310073508,302
310073521,302
310073538,302
310075455,302
310075510,302
310075555,302
310077431,302
310077433,302
310077441,302
310077461,302
310077512,302
310079305,301
310081446,302
310081451,302
310083276,301
310083417,302
310083435,302
310083452,302
310083455,302
310083467,302
310085249,301
310085398,302
310085430,302
310085432,302
310085451,302
310085456,302
310087401,302
310087438,302
310089346,302
310089400,302
310089510,302
310091341,302
310091377,302
310091379,302
310091392,302
310091411,302
310091499,302
310093185,301
310093359,302
310095375,302
310097140,301
310097483,302
310097533,302
310099292,302
310103258,302
310103279,302
310105295,302
310105300,302
310105379,302
310107063,301
310107273,302
310107300,302
310107307,302
310107309,302
310109186,302
310109267,302
310109430,302
310109465,302
310111257,302
310111264,302
310111304,302
310111361,302
310113225,302
310113234,302
310113250,302
310115181,302
310115221,302
310115328,302
310117293,302
310119345,302
310121159,302
310121167,302
310122904,301
310123112,302
310123286,302
310123342,302
310124788,301
310124907,301
310125131,302
310125275,302
310125279,302
310125284,302
310126833,301
310127109,302
310127213,302
310127222,302
310129126,302
310129194,302
310129212,302
310129281,302
310129289,302
310130768,301
310131102,302
310133148,302
310133200,302
310133231,302
310133234,302
310133252,302
310135088,302
310137041,302
310137049,302
310137067,302
310137099,302
310137150,302
310137212,302
310139129,302
310139137,302
310139150,302
310139174,302
310139186,302
310139195,302
310141045,302
310142719,301
310143001,302
310143088,302
310143089,302
310144632,301
310145000,302
310145047,302
310145095,302
310145105,302
310145123,302
310145146,302
310145187,302
310146991,302
310147011,302
310147022,302
310147116,302
310147121,302
310147142,302
310148981,302
310148996,302
310149155,302
310150716,301
310150965,302
310151026,302
310152588,301
310153003,302
310153026,302
310153093,302
310153101,302
310153102,302
310154981,302
310155087,302
310156900,302
310156919,302
310157020,302
310157043,302
310157054,302
310158917,302
310158935,302
310158982,302
310159043,302
310160907,302
310160928,302
310160964,302
310160980,302
310161031,302
310162485,301
310162899,302
310163106,302
310164470,301
310164879,302
310164965,302
310164988,302
310165027,302
310168835,302
310168847,302
310168969,302
310170813,302
310170906,302
310170977,302
310172863,302
310172902,302
310172922,302
310172988,302
310174807,302
310174989,302
310176884,302
310176906,302
310176916,302
310178337,301
310178436,301
310178744,302
310178898,302
310180716,302
310180797,302
310180849,302
310180856,302
310182806,302
310182839,302
310182857,302
310182866,302
310182880,302
310182905,302
310182963,302
310184798,302
310186851,302
310186922,302
310188370,301
310188698,302
310188856,302
310190667,302
310190901,302
310192717,302
310194706,302
310194773,302
310196821,302
310196822,302
310196847,302
310198706,302
310198712,302
310198732,302
310198738,302
310198754,302
310200610,302
310200728,302
310200734,302
310200738,302
310202716,302
310206633,302
310206742,302
310208666,302
310208667,302
310208735,302
310212177,301
310212481,302
310212627,302
310212638,302
310212664,302
310212665,302
310212668,302
310212742,302
310214613,302
310216426,302
310216627,302
310216652,302
310218605,302
310218616,302
310218621,302
310218663,302
310218680,302
310220557,302
310220659,302
310220662,302
310222688,302
310224376,302
310224583,302
310226492,302
310226533,302
310226537,302
310226569,302
310228335,302
310228501,302
310230504,302
310230527,302
310232508,302
310232533,302
310232534,302
310234461,302
310234542,302
310234544,302
310234556,302
310234561,302
310236482,302
310236495,302
310236534,302
310238495,302
310240341,302
310242427,302
310242478,302
310244400,302
310244429,302
310244512,302
310245794,301
310248374,302
310250362,302
310250409,302
310252334,302
310252343,302
310256293,302
310256420,302
310258357,302
310260279,302
310260305,302
310260321,302
310262258,302
310262260,302
310262272,302
310264223,302
310264287,302
310266221,302
310266241,302
310266278,302
310266281,302
310266289,302
310268266,302
310268332,302
310270241,302
310270274,302
310272190,302
310272211,302
310274262,302
310276141,302
310276151,302
310276215,302
310278171,302
310278172,302
310279514,301
310280101,302
310280105,302
310280202,302
310281316,301
310282228,302
310284111,302
310284113,302
310284188,302
310286125,302
310286168,302
310288068,302
310288100,302
310288130,302
310288173,302
310290046,302
310291305,301
310295236,301
310296060,302
310296096,302
310298020,302
310298070,302
310300028,302
310302016,302
310303913,302
310304071,302
310305978,302
310307274,301
310308028,302
310309141,301
310309168,301
310311104,301
310311960,302
310313968,302
310317878,302
310319017,301
310319152,301
310319854,302
310319904,302
310322242,302
310323804,302
310323877,302
310323894,302
310323908,302
310323915,302
310327019,301
310327803,302
310327860,302
310328959,301
310332962,301
310332963,301
310333811,302
310334754,301
310334910,301
310336568,301
310338868,301
310338880,301
310338944,301
310339740,302
310339787,302
310343675,302
310343728,302
310346747,301
310346776,301
310346857,301
310347684,302
310348890,301
310349624,302
310350756,301
310350829,301
310353617,302
310354627,301
310356672,301
310356773,301
310357582,302
310358698,301
310359591,302
310361590,302
310361674,302
310362686,301
310362767,301
310362786,301
310362798,301
310363561,301
310364669,301
310364708,301
310364781,301
310365543,302
310367534,302
310369532,302
310370516,301
310370665,301
310370677,301
310371896,301
310372525,301
310372580,301
310372611,301
310372704,301
310373517,302
310373820,302
310374545,301
310374592,301
310375492,302
310376430,301
310376537,301
310377425,302
310377859,302
310378597,301
310380350,301
310380532,301
310380606,301
310380625,301
310382359,301
310382558,301
310383352,302
310384448,301
310384489,301
310386262,301
310386473,301
310388456,301
310390201,301
310390404,301
310390605,301
310391330,302
310392294,301
310392426,301
310392552,301
310392559,301
310392561,301
310394338,301
310394399,301
310396296,301
310396319,301
310396366,301
310396466,301
310396527,301
310398222,301
310398251,301
310398269,301
310398355,301
310398373,301
310400150,301
310400186,301
310400279,301
310400352,301
310401262,302
310401331,302
310402118,301
310402248,301
310402253,301
310402293,301
310402301,301
310402438,301
310403267,302
310404333,301
310404361,301
310404419,301
310406223,301
310406312,301
310406332,301
310406349,301
310408115,301
310408169,301
310408364,301
310408396,301
310409992,301
310410200,301
310410201,301
310410266,301
310410316,301
310410361,301
310412042,301
310412152,301
310412158,301
310412163,301
310412165,301
310412203,301
310412257,301
310412292,301
310412420,301
310414151,301
310414268,301
310414294,301
310414319,301
310414352,301
310414363,301
310414404,301
310415964,301
310416110,301
310416120,301
310416176,301
310416185,301
310416207,301
310416258,301
310416269,301
310416293,301
310417163,302
310418033,301
310418228,301
310418234,301
310418286,301
310419140,302
310419460,302
310419989,301
310420078,301
310420117,301
310420159,301
310420191,301
310420261,301
310421912,301
310422060,301
310422189,301
310422219,301
310422240,301
310422258,301
310423973,301
310424082,301
310424131,301
310424170,301
310424176,301
310424190,301
310424207,301
310424224,301
310424229,301
310424253,301
310424283,301
310426028,301
310426061,301
310426095,301
310426133,301
310426165,301
310427870,301
310427960,301
310428032,301
310428092,301
310428158,301
310428175,301
310428200,301
310428222,301
310428273,301
310429871,301
310430065,301
310430114,301
310430115,301
310430152,301
310430168,301
310432119,301
310432122,301
310432174,301
310432208,301
310433032,302
310433873,301
310433933,301
310433995,301
310434034,301
310434068,301
310434102,301
310434104,301
310434177,301
310435871,301
310435941,301
310435950,301
310435991,301
310437813,301
310437966,301
310437979,301
310438039,301
310438063,301
310439840,301
310439875,301
310439907,301
310439942,301
310439944,301
310439949,301
310439959,301
310440019,301
310440043,301
310440120,301
310440972,302
310441876,301
310441916,301
310441952,301
310441982,301
310442033,301
310442046,301
310442061,301
310443897,301
310444024,301
310444025,301
310444026,301
310445996,301
310446076,301
310446109,301
310446918,302
310447831,301
310447877,301
310447915,301
310447937,301
310447964,301
310447991,301
310449667,301
310449737,301
310449752,301
310449840,301
310450014,301
310450075,301
310451671,301
310451692,301
310451820,301
310451956,301
310453708,301
310453710,301
310453784,301
310453859,301
310455655,301
310455674,301
310455768,301
310455800,301
310455815,301
310455843,301
310455893,301
310455952,301
310457591,301
310457624,301
310457676,301
310457693,301
310457743,301
310457910,301
310458829,302
310459679,301
310459782,301
310459787,301
310459788,301
310459882,301
310459955,301
310459956,301
310461183,302
310461650,301
310461712,301
310461757,301
310461797,301
310461819,301
310463622,301
310463632,301
310463633,301
310463787,301
310463793,301
310463817,301
310463951,301
310465559,301
310465689,301
310465706,301
310465727,301
310465815,301
310465817,301
310467595,301
310467629,301
310467692,301
310467698,301
310467706,301
310467715,301
310467787,301
310467803,301
310467823,301
310467891,301
310469501,301
310469613,301
310469699,301
310469730,301
310469775,301
310469789,301
310469870,301
310471547,301
310471590,301
310471744,301
310471750,301
310471816,301
310471934,301
310473501,301
310473562,301
310473655,301
310473683,301
310473713,301
310473749,301
310475078,302
310475512,301
310475690,301
310475700,301
310475736,301
310475854,301
310477477,301
310477480,301
310477529,301
310477562,301
310477600,301
310477625,301
310477628,301
310477710,301
310478671,302
310479478,301
310479554,301
310479604,301
310479610,301
310479619,301
310479623,301
310479713,301
310479790,301
310479831,301
310481531,301
310481545,301
310481550,301
310483584,301
310483710,301
310483720,301
310485382,301
310485466,301
310485517,301
310485535,301
310485588,301
310485600,301
310485629,301
310485661,301
310485663,301
310485678,301
310485708,301
310487397,301
310487443,301
310487454,301
310487587,301
310487610,301
310487628,301
310487667,301
310487674,301
310487689,301
310487694,301
310487695,301
310489412,301
310489413,301
310489507,301
310489562,301
310489563,301
310489574,301
310491543,301
310491547,301
310491562,301
310491572,301
310491603,301
310491675,301
310492557,302
310493437,301
310493597,301
310493689,301
310495301,301
310495389,301
310495392,301
310495393,301
310495483,301
310495491,301
310495498,301
310495504,301
310495507,301
310495510,301
310495525,301
310497327,301
310497366,301
310497395,301
310497505,301
310497550,301
310497668,301
310499320,301
310499359,301
310499383,301
310499397,301
310499443,301
310499446,301
310499677,301
310501225,301
310501227,301
310501320,301
310501333,301
310501429,301
310501430,301
310501442,301
310501619,301
310503280,301
310503327,301
310503371,301
310503412,301
310503415,301
310503444,301
310503475,301
310503531,301
310505220,301
310505226,301
310505271,301
310505375,301
310505383,301
310505412,301
310505448,301
310505530,301
310507230,301
310507272,301
310507274,301
310507369,301
310507373,301
310507388,301
310509227,301
310509337,301
310509345,301
310509434,301
310511170,301
310511309,301
310511324,301
310511354,301
310511357,301
310511379,301
310511391,301
310511473,301
310511489,301
310511495,301
310513164,301
310513205,301
310513295,301
310513351,301
310513586,301
310515227,301
310515319,301
310515327,301
310515339,301
310515342,301
310517140,301
310517141,301
310517237,301
310517275,301
310517283,301
310517301,301
310517384,301
310519201,301
310519205,301
310519266,301
310519284,301
310521151,301
310521164,301
310521243,301
310521244,301
310521307,301
310521320,301
310521343,301
310521398,301
310523089,301
310523134,301
310523167,301
310523186,301
310523188,301
310523249,301
310523287,301
310523460,301
310525099,301
310525166,301
310525170,301
310525189,301
310525332,301
310525349,301
310527103,301
310527112,301
310527121,301
310527132,301
310527288,301
310527309,301
310527411,301
310527460,301
310529035,301
310529082,301
310529098,301
310529148,301
310529315,301
310531007,301
310531015,301
310531107,301
310531184,301
310531217,301
310531269,301
310533025,301
310533104,301
310533164,301
310533169,301
310533170,301
310533206,301
310533221,301
310533271,301
310534999,301
310535050,301
310535067,301
310535074,301
310535082,301
310535105,301
310535164,301
310535168,301
310535238,301
310535308,301
310536942,301
310537105,301
310537116,301
310537118,301
310537141,301
310537143,301
310537173,301
310538944,301
310539003,301
310539113,301
310539116,301
310539117,301
310539148,301
310539183,301
310541061,301
310541166,301
310542968,301
310543002,301
310543005,301
310543019,301
310543069,301
310543075,301
310543125,301
310543139,301
310543149,301
310544983,301
310545050,301
310545104,301
310545106,301
310545120,301
310546969,301
310547011,301
310547084,301
310547092,301
310548966,301
310548977,301
310549078,301
310549082,301
310550883,301
310550918,301
310551007,301
310551008,301
310551069,301
310551084,301
310552891,301
310552990,301
310553016,301
310553062,301
310554825,301
310554869,301
310554912,301
310554929,301
310554985,301
310555034,301
310555044,301
310555076,301
310556849,301
310556859,301
310556920,301
310556956,301
310557014,301
310558842,301
310558845,301
310558847,301
310559000,301
310559040,301
310559052,301
310560781,301
310560782,301
310560924,301
310560945,301
310560955,301
310562972,301
310563000,301
310564770,301
310564860,301
310564868,301
310564911,301
310564937,301
310564979,301
310565046,301
310566765,301
310566791,301
310566814,301
310566833,301
310566879,301
310566926,301
310568740,301
310568801,301
310568947,301
310568971,301
310570731,301
310570762,301
310570851,301
310570905,301
310572703,301
310572707,301
310572754,301
310572837,301
310572877,301
310574644,301
310574683,301
310574703,301
310574722,301
310574794,301
310574899,301
310576664,301
310576734,301
310576742,301
310576767,301
310576813,301
310576925,301
310578696,301
310578808,301
310578819,301
310578853,301
310580628,301
310580638,301
310580656,301
310580695,301
310580742,301
310580815,301
310582598,301
310582609,301
310582623,301
310582628,301
310582727,301
310582750,301
310582774,301
310582779,301
310582871,301
310584640,301
310584649,301
310584787,301
310584855,301
310586580,301
310586641,301
310586657,301
310588590,301
310588608,301
310588610,301
310588626,301
310588639,301
310590539,301
310590568,301
310590585,301
310590589,301
310590590,301
310590656,301
310590750,301
310592624,301
310592630,301
310594511,301
310594583,301
310594608,301
310594619,301
310594694,301
310594704,301
310594757,301
310596223,301
310596513,301
310596515,301
310596561,301
310596682,301
310596695,301
310598655,301
310600479,301
310602596,301
310602675,301
310604488,301
310604544,301
310604551,301
310604631,301
310604641,301
310606504,301
310608455,301
310608481,301
310610426,301
310612481,301
310614388,301
310614575,301
310616427,301
310616550,301
310616599,301
310618417,301
310618449,301
310618471,301
310618571,301
310620375,301
310620549,301
310622313,301
310622395,301
310624278,301
310626367,301
310628222,301
310628329,301
310632206,301
310632310,301
310632321,301
310634204,301
310634335,301
310636289,301
310638163,301
310638214,301
310638231,301
310638298,301
310640231,301
310640234,301
310644117,301
310646113,301
310652107,301
310656207,301
310656208,301
310658103,301
310658170,301
310664063,301
310667935,301
320002305,303
320005985,303
320017284,303
320017297,303
320018470,303
320019578,303
320019588,303
320020740,303
320020758,303
320021920,303
320023046,303
320023047,303
320023076,303
320024230,303
320025363,303
320025375,303
320026507,303
320026508,303
320026520,303
320027657,303
320027675,303
320028853,303
320029987,303
320029989,303
320031135,303
320031137,303
320033435,303
320034603,303
320035740,303
320035755,303
320036877,303
320036917,303
320038069,303
320042677,303
320042687,303
320047297,303
320049526,303
320049592,303
320049599,303
320051897,303
320051905,303
320051908,303
320053046,303
320054212,303
320054216,303
320055356,303
320056499,303
320056516,303
320057646,303
320057661,303
320058821,303
320059958,303
320061119,303
320061190,303
320062277,303
320063411,303
320063415,303
320066877,303
320070318,303
320071479,303
320072634,303
320072642,303
320072645,303
320072646,303
320073778,303
320073920,303
320074926,303
320076089,303
320078392,303
320078408,303
320079561,303
320079562,303
320080696,303
320081863,303
320081868,303
320081869,303
320083000,303
320083021,303
320085329,303
320086470,303
320089945,303
320089957,303
320092139,303
320092233,303
320092234,303
320093392,303
320093394,303
320094657,303
320095732,303
320097902,303
320099038,303
320099145,303
320100312,303
320100354,303
320101457,303
320103755,303
320104910,303
320105965,303
320106082,303
320107210,303
320107318,303
320107330,303
320110559,303
320110575,303
320111825,303
320111827,303
320111858,303
320112976,303
320112977,303
320112994,303
320113058,303
320113079,303
320113097,303
320114131,303
320114155,303
320114158,303
320114178,303
320114212,303
320115302,303
320118633,303
320118739,303
320120848,303
320121038,303
320121062,303
320121067,303
320122216,303
320122240,303
320123241,303
320126872,303
320127950,303
320128005,303
320129113,303
320129140,303
320129214,303
320130259,303
320130262,303
320130266,303
320131450,303
320132586,303
320132645,303
320133728,303
320134894,303
320134937,303
320134939,303
320134953,303
320136030,303
320136049,303
320137212,303
320138411,303
320139486,303
320139531,303
320140654,303
320140674,303
320140683,303
320142940,303
320143032,303
320144166,303
320145240,303
320145241,303
320145277,303
320146463,303
320148575,303
320148703,303
320148755,303
320148770,303
320149882,303
320149911,303
320151027,303
320151045,303
320151046,303
320151048,303
320152148,303
320152193,303
320153310,303
320154461,303
320154505,303
320154541,303
320155628,303
320155632,303
320155647,303
320156833,303
320157947,303
320158056,303
320159143,303
320160244,303
320160245,303
320162521,303
320163699,303
320166023,303
320166028,303
320167135,303
320168458,303
320168491,303
320169437,303
320170611,303
320170624,303
320170663,303
320171745,303
320172680,303
320173831,303
320175246,303
320176393,303
320181036,303
320185642,303
320191557,303
320192233,303
320195696,303
320196648,303
320197150,303
320198453,303
320202980,303
320204905,303
320215691,303
320216220,303
320217577,303
320242714,303
320249671,303
320265755,303
320271573,303
320273832,303
320279297,303
320279585,303
320281702,303
320288790,303
320288942,303
320298976,303
320308422,303
320311983,303
320321954,303
320325672,303
320359230,303
320375999,303
320377645,303
320393733,303
320405295,303
340001860,304
340009231,304
340011071,304
340012905,304
340012915,304
340020269,304
340025794,304
340025800,304
340027637,304
340027793,304
340029485,304
340031458,304
340031482,304
340031493,304
340035003,304
340035005,304
340035119,304
340037003,304
340040662,304
340044200,304
340046048,304
340046188,304
340048002,304
340049726,304
340049845,304
340051567,304
340053408,304
340053412,304
340053413,304
340057086,304
340057091,304
340058932,304
340058933,304
340058952,304
340060770,304
340062613,304
340062703,304
340064645,304
340066377,304
340066398,304
340066401,304
340069980,304
340070072,304
340071877,304
340075573,304
340075682,304
340077355,304
340077403,304
340079209,304
340079248,304
340079360,304
340081022,304
340082862,304
340082875,304
340083044,304
340086725,304
340088399,304
340088406,304
340088422,304
340088423,304
340090215,304
340090219,304
340090257,304
340092090,304
340092104,304
340094088,304
340095767,304
340095771,304
340095786,304
340103127,304
340112330,304
340203011,304
340285940,304
340307996,304
340322843,304
360019125,305
360023274,305
360023477,305
360023896,305
360025144,305
360027429,305
360029563,305
360030123,305
360030743,305
360032692,305
360032830,305
360034078,305
360037271,305
360037891,305
360038841,305
360039686,305
360040518,305
360041739,305
360041923,305
360042255,305
360045903,305
360046415,305
360046749,305
360047165,305
360047728,305
360048495,305
360048607,305
360049019,305
360049143,305
360050428,305
360050895,305
360051063,305
360051097,305
360051472,305
360052345,305
360055011,305
360055205,305
360055586,305
360057498,305
360057893,305
360059787,305
360060805,305
360061030,305
360062678,305
360063101,305
360065817,305
360070163,305
360070795,305
360072875,305
360074747,305
360074754,305
360078283,305
360081607,305
410009201,402
410012226,402
410013248,402
410018366,402
410022455,402
410024506,402
410025529,402
410025530,402
410025533,402
410031666,402
410035760,402
410040681,402
410042729,402
410043947,402
410043950,402
410044866,402
410045958,402
410048037,402
410048043,402
410048900,402
410048947,402
410049965,402
410050092,402
410050922,402
410051121,402
410051952,402
410052019,402
410052072,402
410052135,402
410052981,402
410053073,402
410053997,402
410054188,402
410055033,402
410055102,402
410055121,402
410056045,402
410056080,402
410057240,402
410059129,402
410060201,402
410060320,402
410061160,402
410061225,402
410061229,402
410061292,402
410061335,402
410062191,402
410062209,402
410062239,402
410062251,402
410062268,402
410062304,402
410063231,402
410063240,402
410063294,402
410063355,402
410064313,402
410064416,402
410065297,402
410065315,402
410065379,402
410066384,402
410066449,402
410067321,402
410067369,402
410067411,402
410067485,402
410068324,402
410068325,402
410068383,402
410068386,402
410068475,402
410070369,402
410070376,402
410070386,402
410070479,402
410071462,402
410071520,402
410072408,402
410072414,402
410072438,402
410072452,402
410073444,402
410073514,402
410073552,402
410073557,402
410073601,402
410074538,402
410074631,402
410075592,402
410075628,402
410075635,402
410076504,402
410077609,402
410077703,402
410077714,402
410078555,402
410079583,402
410079630,402
410079708,402
410080608,402
410081783,402
410083684,402
410086748,402
410087778,402
410088802,402
410088871,402
410090902,402
410092888,402
410093906,402
410094932,402
410096005,402
410096980,402
410098008,402
410098009,402
410099026,402
410099034,402
410101079,402
410102099,402
410102106,402
410103124,402
410105178,402
410115404,402
410118477,402
410119509,402
410124612,402
410127696,402
410129721,401
410129740,402
410130759,402
410130765,402
410132816,402
410134863,402
410135888,402
410136911,402
410137926,402
410138943,402
410138950,402
410138953,402
410143036,402
410143054,402
410144064,402
410151234,402
410153292,402
410153297,402
410154292,402
410155313,402
410155329,402
410155343,402
410156347,402
410158402,402
410160425,401
410164549,402
410168612,401
410168629,402
410168644,402
410170675,402
410170679,402
410173745,402
410175810,402
410181919,402
410183989,402
410191132,401
410192179,401
410193185,402
410197301,401
410203432,402
410203451,402
410205486,402
410206459,401
410207908,401
410209571,402
410213664,402
410218715,401
410218782,402
410220841,401
410223913,402
410224929,402
410224933,401
410228388,401
410229422,401
410231048,401
410231474,401
410232073,401
410232090,401
410235123,401
410237187,401
410238192,401
410239262,402
410239264,402
410242732,401
410246823,401
410248388,401
410250465,401
410251557,401
410252543,401
410252980,401
410253564,401
410253602,402
410254007,401
410254572,401
410260135,401
410261157,401
410262734,401
410263201,401
410266298,401
410267914,401
410268336,401
410271992,401
410272427,401
410274492,401
410275498,401
410277577,401
410279114,401
410281159,401
410290383,401
410291391,401
410292422,401
410298041,401
410299068,401
410299591,401
410301642,401
410304189,401
410311893,401
410313405,401
410313414,401
410320073,401
410323152,401
410324177,401
410324691,401
410326240,401
410327735,401
410328258,402
410332868,401
410335957,401
410340539,401
410341069,401
410341070,401
410342583,401
410345659,401
410346686,401
410347722,401
410349767,401
410352837,401
410361013,401
410368162,401
410374261,401
410384304,401
410384482,402
410385530,401
410388610,401
410390226,401
410392675,402
410393784,401
410393802,401
410394337,401
410396368,401
410397878,401
410398414,401
410400825,401
410401989,402
410402518,401
410417302,402
410418328,402
410420287,401
410421443,401
410422451,401
410424428,402
410425043,401
410426547,401
410429551,402
410433686,402
410436738,402
410437344,401
410438785,402
410439404,401
410440423,401
410443863,401
410444932,401
410448598,401
410449076,402
410455775,401
410456146,401
410458293,401
410462389,401
410463326,402
410464406,401
410464985,401
410465432,401
410467430,402
410469475,402
410469538,401
410470579,401
410471144,401
410475623,401
410476665,402
410477462,401
410479359,401
410480376,401
410480758,402
410480774,401
410481381,401
410481514,401
410482651,401
410482802,401
410482833,402
410486895,402
410490598,401
410494690,401
410498950,401
410502223,401
410503310,401
410505307,401
410507285,402
410508013,401
410508036,401
410509037,401
410509183,401
410511066,401
410513239,401
410520308,401
410520313,401
410522490,401
410524595,401
410526731,402
410526821,402
410529657,401
410529695,401
410530540,401
410530849,402
410530859,401
410534639,401
410534828,401
410536733,401
410537819,401
410544014,401
410545237,401
410548168,401
410548961,401
410551018,401
410552292,401
410552414,402
410554417,401
410555424,402
410556308,401
410556454,401
410558532,401
410559240,401
410559407,401
410560225,401
410562477,401
410565404,401
410565497,401
410565596,401
410566613,401
410566619,401
410567641,402
410567686,402
410572650,401
410572766,401
410573592,401
410577828,401
410577973,401
410578816,401
410578959,401
410579910,401
410579934,401
410581961,401
410582765,401
410584007,401
410584076,401
410584083,401
410587071,401
410588190,401
410589223,401
410590130,401
410592213,401
410592278,401
410593001,401
410593204,401
410594063,401
410597412,401
410599419,402
410600336,401
410600443,402
410601338,401
410601360,401
410601389,401
410601413,401
410602409,401
410603501,401
410604320,401
410604443,401
410604576,402
410606457,401
410606535,401
410606647,401
410607573,401
410607649,402
410607657,402
410608632,401
410609513,401
410610401,401
410610552,401
410610653,402
410613650,401
410614571,401
410614685,401
410616700,401
410616826,402
410618808,401
410619919,401
410621899,401
410623882,401
410624024,401
410624987,401
410625009,401
410625957,401
410625981,401
410627067,402
410628936,401
410632125,401
410637220,401
410640210,401
410642352,401
410642393,402
410643249,401
410643485,402
410644470,401
410646448,401
410646557,402
410647455,401
410648594,402
410649493,401
410649579,402
410650389,401
410651545,401
410652533,401
410653560,401
410653612,401
410653634,401
410653649,401
410653691,402
410654686,402
410655745,401
410663685,401
410664882,401
410664896,401
410664899,401
410664936,402
410665957,402
410666970,401
410671115,402
410675049,401
410676147,401
410676175,401
410676204,402
410676265,402
410677199,401
410678197,401
410679172,401
410679315,402
410680314,401
410681227,401
410682376,401
410685371,401
410686330,401
410686478,402
410687466,402
410688497,402
410689420,401
410689555,402
410690513,401
410693493,401
410693603,401
410695618,401
410696636,401
410697729,402
410698674,401
410702817,401
410703795,401
410708871,401
410709016,402
410711967,401
410713005,401
410713109,401
410715039,401
410715062,401
410716141,402
410717121,401
410717147,401
410718194,401
410726389,402
410728399,401
410728415,401
410729351,401
410732512,402
410733490,401
410733509,401
410733542,401
410733558,402
410734501,401
410735550,401
410736593,401
410736612,401
410737564,401
410737596,401
410739693,402
410739710,402
410743733,401
410744778,401
410745769,401
410752975,401
410753981,401
410757041,401
410763228,402
410768272,401
410772407,401
410772484,401
410774435,401
410776517,401
410782661,401
410784701,401
410792902,401
410792921,401
410794929,401
410799025,401
410846189,402
420004001,406
420005025,406
420009119,406
420013214,406
420014236,406
420023382,403
420027547,406
420030555,406
420030618,406
420031642,406
420033690,406
420036692,403
420038737,406
420038748,406
420038807,406
420040796,403
420040798,406
420041822,403
420042905,406
420043911,406
420043917,406
420043927,406
420044894,406
420044937,406
420045899,406
420045903,406
420047949,406
420047954,406
420047987,406
420048975,406
420048992,406
420048994,406
420049995,406
420050020,406
420051050,406
420051070,406
420051085,406
420053074,406
420054086,406
420054145,406
420054161,406
420055136,406
420057163,406
420057183,403
420059244,406
420059268,406
420061280,403
420061296,406
420061303,406
420062280,406
420065390,406
420071491,406
420072552,406
420074567,406
420075587,406
420076665,406
420078714,406
420079684,406
420083778,406
420084862,406
420086849,406
420104249,406
420107325,406
420108349,406
420109356,406
420109365,406
420115511,406
420119605,406
420120628,406
420125749,406
420128830,406
420130865,406
420132129,404
420133932,406
420137008,406
420137017,406
420138040,406
420141113,406
420142127,406
420143150,406
420145196,406
420148267,406
420155677,404
420156459,406
420176933,406
420177958,406
420178984,406
420184103,406
420188196,406
420189222,406
420190250,406
420191271,406
420193316,406
420193317,406
420196387,406
420196390,406
420196642,404
420200740,404
420201762,404
420202534,406
420202535,406
420205603,406
420205610,406
420205862,404
420207914,404
420212772,406
420221987,406
420224035,406
420227104,406
420232227,406
420236586,404
420236588,404
420237345,406
420238368,406
420239656,404
420239661,404
420241437,403
420248603,406
420249901,404
420250659,406
420256046,404
420257825,406
420264985,406
420267040,406
420267042,406
420268332,404
420272155,406
420273447,404
420274203,406
420276255,406
420278295,406
420284430,405
420284720,404
420286489,406
420287516,406
420289557,406
420289562,406
420295674,405
420298031,404
420303899,406
420304176,404
420308992,405
420315151,405
420315166,406
420318226,405
420318556,404
420322299,406
420322301,405
420322324,406
420324359,405
420324694,404
420326728,404
420329490,406
420330519,406
420335625,405
420336627,406
420341755,405
420341758,405
420343090,404
420343136,404
420343805,405
420344832,405
420345183,404
420348922,405
420348950,406
420352015,406
420360196,405
420364594,404
420370427,406
420373915,404
420374516,405
420378997,404
420380021,404
420380658,405
420380672,405
420383734,405
420385803,406
420391923,405
420393973,405
420393988,405
420394310,404
420396021,405
420403553,404
420407309,406
420407696,404
420408311,405
420409702,404
420410358,405
420411790,404
420412417,405
420414455,405
420414792,404
420415458,405
420420536,405
420420594,405
420421607,405
420422992,404
420425123,404
420427728,406
420430243,404
420433862,405
420435283,404
420437347,404
420437366,404
420440437,404
420441039,405
420441461,404
420441573,404
420442037,406
420442438,404
420443057,405
420444555,404
420447192,405
420447204,405
420447608,404
420448228,403
420449225,403
420449260,405
420452231,406
420452348,405
420453364,405
420455760,404
420456842,404
420457448,403
420457864,404
420458834,404
420458877,404
420458885,404
420459925,404
420460913,404
420460931,404
420461956,404
420462480,406
420463447,403
420465657,406
420466033,404
420466627,406
420468684,403
420468701,405
420470129,404
420470163,404
420471137,404
420471792,405
420472724,406
420472798,405
420473801,403
420474252,404
420475806,406
420476300,404
420476781,406
420477887,405
420478447,405
420479923,406
420479980,405
420480973,406
420481967,406
420482021,405
420482033,405
420482418,404
420482426,404
420483487,404
420484432,404
420485107,405
420487155,405
420487538,404
420487560,404
420488535,404
420489165,403
420491639,404
420492177,406
420492228,405
420492230,405
420492269,405
420492275,405
420492631,404
420492682,404
420493235,405
420494325,406
420495729,404
420496329,405
420497312,405
420499798,404
420499822,404
420499869,404
420499890,404
420500117,405
420500439,405
420500443,403
420500861,404
420501347,403
420501884,404
420502442,406
420502472,405
420503462,405
420504527,405
420505006,404
420505536,406
420505960,404
420506988,404
420508566,406
420509057,404
420509567,405
420510615,405
420510670,405
420513128,404
420513141,404
420513745,405
420514681,405
420515258,405
420516255,404
420517845,405
420518228,404
420518266,404
420518326,404
420518827,405
420518887,405
420518891,405
420519311,404
420519866,406
420519895,403
420520327,404
420521889,406
420521965,405
420524393,404
420524757,405
420524880,405
420524945,406
420524953,406
420525445,404
420525446,404
420525983,405
420525993,406
420526048,405
420526509,404
420527042,405
420527474,404
420527486,404
420527993,403
420528112,405
420529022,406
420529134,406
420529528,404
420530076,406
420531026,403
420532109,405
420532598,404
420532610,404
420533160,405
420533164,405
420534212,405
420534235,405
420534633,404
420535262,405
420535279,405
420535972,403
420536219,405
420536785,405
420537245,406
420538339,405
420539888,404
420540825,404
420541347,405
420541856,404
420541878,404
420542830,404
420543164,405
420543412,405
420543422,405
420543432,405
420543901,404
420545474,405
420546982,404
420547541,405
420548255,405
420549001,404
420549561,406
420551079,404
420551091,404
420551639,405
420552445,405
420552616,406
420552688,405
420553092,404
420553094,404
420554111,404
420555730,403
420556212,404
420556729,406
420556754,403
420557168,404
420557740,405
420557763,405
420558202,404
420558696,405
420559220,404
420559604,405
420560526,405
420560812,406
420560815,405
420561710,403
420562314,404
420562360,404
420563469,405
420563914,403
420564361,404
420565391,404
420565916,405
420565962,405
420565969,405
420566374,404
420566425,404
420566934,405
420567000,405
420567801,405
420568019,405
420568738,405
420569481,404
420570487,404
420570751,405
420570977,405
420571056,405
420571068,406
420571519,404
420572533,404
420572610,405
420573112,405
420573577,404
420573596,404
420575096,406
420575198,405
420575687,405
420577199,405
420577240,405
420577671,404
420578236,405
420578657,404
420578691,404
420579706,404
420580235,405
420581302,406
420581734,404
420581764,404
420582125,405
420583090,405
420583323,405
420583325,406
420583803,404
420584365,406
420584383,406
420585850,404
420585873,404
420586417,406
420586426,405
420586444,405
420586885,404
420586926,404
420587446,405
420587919,404
420588451,405
420588944,404
420589354,405
420589497,405
420590072,405
420590493,405
420591405,405
420591533,406
420592519,405
420592604,405
420594622,405
420595129,405
420595345,405
420596079,404
420596142,404
420596383,405
420597121,404
420597692,406
420598153,404
420598214,405
420599172,404
420599545,405
420600241,404
420600541,405
420600575,405
420600746,405
420601324,405
420602332,405
420603311,404
420604852,405
420605869,405
420606389,404
420606759,405
420606821,403
420608804,405
420608911,405
420609529,405
420610437,404
420610472,404
420611928,403
420612021,405
420612779,405
420613508,404
420613550,404
420614935,405
420615077,405
420615534,404
420615598,404
420616960,405
420618158,405
420618684,404
420619943,405
420620003,405
420620223,405
420620723,404
420620735,405
420622065,403
420622716,404
420623245,405
420623738,404
420624773,404
420624841,405
420625799,404
420625864,405
420626324,406
420627838,404
420627846,404
420628274,405
420628870,404
420629323,405
420629959,405
420630255,403
420630976,405
420631389,405
420632006,405
420632023,405
420632954,404
420633982,404
420633988,404
420634141,405
420634365,405
420636036,404
420638124,404
420641446,405
420641648,405
420642179,404
420643261,405
420644269,404
420644761,405
420645246,404
420646325,404
420647392,405
420648614,405
420648706,405
420649445,405
420650786,405
420650808,405
420651398,404
420652515,404
420653486,404
420654526,405
420654562,405
420654821,405
420654943,405
420656809,405
420658560,404
420659589,404
420660617,404
420660929,405
420660956,405
420662180,405
420662959,403
420663128,405
420663772,405
420663822,405
420664063,403
420664777,405
420664801,404
420665015,405
420667908,405
420668860,404
420669082,405
420669277,405
420671944,405
420672259,405
420673932,404
420673982,405
420674265,405
420676020,404
420676036,405
420676289,405
420676313,405
420678103,405
420680343,405
420680348,405
420681533,405
420682502,405
420684505,405
420685475,405
420688356,405
420688725,405
420689383,405
420689424,403
420689622,405
420690384,405
420690584,405
420691829,405
420693618,405
420695472,404
420695709,405
420696731,405
420696859,405
420698635,405
420698709,405
420698789,405
420702654,404
420703688,405
420705903,405
420706972,405
420707774,404
420709843,405
420711866,404
420711945,403
420718197,405
420720119,404
420720279,405
420721095,405
420721096,404
420721302,405
420721368,405
420722142,405
420722324,405
420722335,405
420722348,405
420723189,405
420723406,405
420724169,405
420726321,405
420726421,405
420727456,405
420729315,404
420730377,403
420731354,405
420731695,405
420733753,405
420739515,405
420740776,405
420740883,405
420742595,405
420743636,405
420745889,405
420745982,405
420747738,405
420747788,405
420750780,404
420750839,405
420753878,405
420758227,405
420762067,405
420765173,404
420766266,403
420768415,405
420770251,405
420773337,405
420775598,405
420777499,403
420780483,405
420781692,405
420781698,405
420783574,405
420788762,405
420789987,405
420799975,405
420801134,405
420803283,405
420808236,403
420812251,404
420814554,405
420815310,405
420816400,403
420819496,405
420824627,405
420826775,403
420828736,405
420834772,405
420836888,403
420836897,405
420842022,404
420842964,405
420845155,405
420850234,405
420857369,405
420884007,405
420884047,403
420887084,405
420890166,405
420890217,405
420893237,403
420918824,404
420921895,404
420927031,405
420929075,403
420944478,405
420953656,405
420993612,405
421001816,405
421003843,405
421004870,405
421019217,405
430009210,407
430019448,407
430021492,407
430025588,407
430025590,407
430026432,407
430027458,407
430029683,407
430030524,407
430032574,407
430032757,407
430033777,407
430034626,407
430035650,407
430035825,407
430035827,407
430036675,407
430039728,407
430040775,407
430043823,407
430043827,407
430043839,407
430043847,407
430044875,407
430045039,407
430046913,407
430047085,407
430047932,407
430047937,407
430049135,407
430050989,407
430051029,407
430051176,407
430053067,407
430054022,407
430054238,407
430054249,407
430054254,407
430055110,407
430055256,407
430056149,407
430056290,407
430057163,407
430057302,407
430058150,407
430058155,407
430058185,407
430058288,407
430058345,407
430060200,407
430060233,407
430060377,407
430061260,407
430061414,407
430063327,407
430064288,407
430065357,407
430065504,407
430066326,407
430066380,407
430067331,408
430067353,407
430067432,407
430067536,407
430068381,407
430069392,407
430069394,408
430069456,407
430069457,407
430069584,407
430070408,407
430070422,407
430070430,407
430071514,407
430072424,407
430072461,407
430072476,407
430072524,407
430074572,407
430075541,408
430075616,407
430076543,407
430076564,408
430076644,407
430076720,407
430077584,408
430077598,407
430077751,407
430078613,407
430078802,407
430079630,408
430079642,407
430079710,407
430079805,407
430079837,407
430080749,407
430080848,407
430081643,407
430081753,407
430081762,407
430081848,407
430081879,407
430082794,407
430082881,407
430083720,407
430083914,407
430083916,407
430084736,407
430084739,407
430084740,408
430084927,407
430085769,407
430085790,407
430086771,407
430086791,408
430086812,407
430086879,407
430086934,407
430087784,408
430087827,407
430087891,407
430087904,407
430087969,407
430088815,408
430088832,407
430088957,407
430089955,407
430090848,408
430091082,407
430091901,407
430092089,407
430092911,408
430092941,407
430093923,408
430093963,407
430093980,407
430094122,407
430094130,407
430094146,407
430094978,407
430094979,407
430094991,408
430095114,407
430096008,408
430096167,407
430097012,408
430097156,407
430098035,408
430098051,407
430098144,407
430098173,407
430099269,407
430100124,407
430100209,407
430100225,407
430100254,407
430101269,407
430102123,407
430102134,407
430102157,407
430103146,408
430103153,408
430103156,407
430103291,407
430104309,407
430104339,407
430105193,408
430105208,407
430106232,408
430106242,407
430108259,408
430108495,407
430109492,407
430110303,407
430110320,407
430110338,407
430110480,407
430110506,407
430110507,407
430111468,407
430111472,407
430112374,408
430112375,407
430113401,408
430113409,408
430113535,407
430113544,407
430116471,408
430116638,407
430117669,407
430118669,407
430119515,407
430119518,407
430120697,407
430121563,408
430121573,407
430122588,408
430122757,407
430122766,407
430123617,407
430124813,407
430127718,407
430128912,407
430132980,407
430134877,408
430137094,407
430142044,407
430142045,408
430143067,408
430154332,408
430157411,408
430162518,408
430166600,408
430167638,408
430167640,408
430173785,408
430176837,408
430180933,408
430182994,407
430182998,408
430184025,407
430186067,407
430193233,407
430193239,408
430195276,408
430197333,408
430199378,407
430203470,407
430205512,407
430206536,407
430208554,407
430209623,408
430212678,408
430213696,408
430213706,407
430214733,408
430214738,408
430214739,408
430215743,408
430217793,408
430223942,407
430223943,408
430227001,407
430227031,408
430228032,407
430228037,408
430229069,407
430229076,407
430232136,408
430233160,408
430238261,407
430244390,407
430244412,407
430245441,407
430248497,407
430252587,407
430255700,408
430258748,407
430259771,407
430260414,407
430261828,407
430263853,408
430263861,407
430263876,408
430266933,407
430268976,408
430270008,408
430270010,408
430273101,408
430273725,407
430274094,407
430275770,407
430276131,407
430276153,408
430279218,407
430283331,408
430285233,407
430286377,407
430291472,407
430291497,407
430291504,407
430297610,407
430302719,407
430302743,407
430303780,407
430305848,408
430306836,407
430307749,407
430307766,407
430309895,407
430309925,407
430309948,408
430314027,408
430315031,408
430315041,407
430316052,408
430316083,407
430317072,407
430318103,408
430319126,408
430324060,408
430327311,407
430329380,408
430330390,407
430331410,407
430332445,407
430333437,408
430333478,407
430336461,407
430337538,407
430337546,407
430338580,408
430339587,408
430339605,408
430342692,408
430343692,408
430344730,407
430346795,407
430348613,407
430348805,408
430350770,407
430351892,407
430353927,407
430354932,407
430355990,408
430359070,407
430360006,408
430361109,408
430364187,407
430365195,408
430367231,407
430367262,407
430371357,408
430372365,408
430373301,407
430373410,408
430379284,407
430379540,408
430380462,407
430382472,407
430382483,407
430382619,408
430382628,408
430384431,407
430384662,408
430385493,408
430385630,407
430386499,408
430386721,408
430388655,407
430388748,407
430389734,407
430389762,407
430391685,407
430391777,408
430394875,408
430395823,407
430395832,407
430396836,407
430397870,407
430398899,407
430400026,408
430401027,407
430401029,407
430403059,407
430405028,408
430406066,407
430407079,407
430410135,407
430411121,408
430412104,408
430412224,407
430412242,408
430413108,408
430416246,408
430416386,407
430417345,407
430422518,407
430427515,408
430428574,407
430428577,407
430430652,407
430430696,408
430431606,408
430432615,408
430432702,408
430433754,408
430435706,408
430435727,407
430435731,407
430436688,408
430436821,407
430436864,408
430437853,408
430437884,407
430438771,408
430440780,408
430440870,407
430441901,407
430441927,407
430442872,408
430444993,408
430445981,407
430446067,408
430446089,408
430447021,407
430450045,408
430453089,408
430453146,407
430454076,408
430456171,408
430457339,407
430459304,407
430459388,408
430460295,407
430461312,408
430462379,407
430466449,407
430466556,408
430467530,408
430470570,408
430470656,407
430474642,407
430476677,407
430477712,407
430479671,408
430481906,407
430482832,407
430483961,407
430484823,408
430486927,407
430488974,408
430499235,407
430499250,408
430503343,407
430504371,407
430520734,407
430523818,407
430527913,407
430527914,407
430528936,407
430530957,407
430531985,408
430534057,407
430535069,407
430543277,408
430549404,407
430572956,408
430583213,407
440006876,412
440017880,412
440023386,412
440035766,412
440042646,412
440043999,412
440044018,412
440045393,412
440045397,412
440048134,412
440048149,412
440049518,412
440050819,412
440052262,412
440053584,412
440056316,412
440056390,412
440056400,412
440057693,412
440061819,412
440065946,412
440065983,412
440067322,412
440067331,412
440068701,412
440068770,412
440070130,412
440070134,412
440071449,412
440072856,412
440072871,412
440074204,412
440074250,412
440074260,412
440075630,412
440076966,412
440076994,412
440078318,412
440078322,412
440078409,412
440079662,412
440081026,412
440081055,412
440081071,412
440081121,412
440082409,412
440082415,412
440082502,412
440082528,412
440083777,412
440087890,412
440087919,412
440087947,412
440088024,412
440090594,412
440090626,412
440091997,412
440092055,412
440092152,412
440093486,412
440094867,412
440096140,412
440096183,412
440096188,412
440096202,412
440096210,412
440097522,412
440097528,412
440097577,412
440097581,412
440097582,412
440097587,412
440097589,412
440098910,412
440098913,412
440098922,412
440100303,412
440100316,412
440100343,412
440101676,412
440103041,412
440104454,412
440104471,412
440105785,412
440105801,412
440105819,412
440105821,412
440105823,412
440105826,412
440105835,412
440105844,412
440105847,412
440107133,412
440107185,412
440107188,412
440107198,412
440107205,412
440108560,412
440108565,412
440111313,412
440111315,412
440111328,412
440112705,412
440112720,412
440114093,412
440115446,412
440116783,412
440118163,412
440118194,412
440122313,412
440123648,412
440123649,412
440123692,412
440123696,412
440124996,412
440125004,412
440125049,412
440125081,412
440126361,412
440127818,412
440127845,412
440129125,412
440129128,412
440130483,412
440131939,412
440131960,412
440133185,412
440133212,412
440133244,412
440133287,412
440136043,412
440137403,412
440138771,412
440142951,412
440144184,412
440144253,412
440145633,412
440145703,412
440147028,412
440149739,412
440149786,412
440151096,412
440151199,412
440152540,412
440155246,412
440161986,412
440162062,412
440162125,412
440163495,412
440164913,412
440166259,412
440169032,412
440170272,412
440170274,412
440170407,412
440171720,412
440171767,412
440174494,412
440175843,412
440177149,412
440178617,412
440178646,412
440179991,412
440181316,412
440181380,412
440182740,412
440182747,412
440188111,412
440188136,412
440188219,412
440190875,412
440192343,412
440193720,412
440195020,412
440195032,412
440196365,412
440196477,412
440197826,412
440197862,412
440199190,412
440204588,412
440204662,412
440204722,412
440210133,412
440211435,411
440211586,412
440214266,412
440214364,412
440215697,412
440216970,412
440217074,412
440219852,412
440223863,412
440223945,412
440225258,412
440227973,411
440233524,412
440233538,412
440234879,412
440236302,412
440240353,411
440240391,412
440241803,412
440244543,412
440247144,412
440248632,412
440249995,412
440251483,412
440254104,412
440256871,412
440262380,412
440263699,412
440266523,412
440266533,412
440269229,411
440269312,412
440272007,412
440273359,412
440276146,412
440277493,412
440277510,412
440280873,410
440281638,412
440285762,412
440285773,412
440285781,412
440288469,411
440288506,412
440288507,411
440289842,409
440292572,411
440292626,411
440295321,409
440296014,410
440296713,411
440305008,411
440306363,411
440306383,411
440307765,411
440311766,411
440314633,412
440315991,412
440319415,410
440322885,412
440323539,410
440329036,410
440332503,411
440348934,409
440348999,409
440350397,412
440350419,411
440353100,412
440354491,409
440354504,411
440355791,409
440361318,409
440362716,411
440362719,412
440364112,412
440365518,411
440366177,410
440368243,409
440373721,409
440376476,412
440376521,412
440379256,411
440380572,409
440380624,411
440381986,411
440386117,411
440391664,411
440392942,409
440393005,411
440393057,411
440394301,411
440394331,412
440397085,412
440397128,411
440400589,410
440401992,410
440402624,409
440403979,411
440405331,411
440408072,409
440410832,409
440414307,410
440415031,411
440416354,411
440419164,412
440420521,409
440427376,411
440428736,409
440430179,411
440430855,410
440431497,409
440431530,412
440435621,412
440436960,409
440436974,411
440436995,412
440438308,409
440438360,409
440438382,409
440443823,411
440443842,409
440443907,409
440445233,411
440447329,410
440447966,409
440448754,410
440449374,411
440450728,409
440450739,409
440451513,410
440452122,412
440452135,412
440454817,409
440456249,409
440457587,409
440457622,409
440458963,409
440461677,411
440463095,409
440464517,409
440465878,411
440465920,411
440467246,409
440468588,409
440470009,409
440471362,411
440474161,412
440477650,410
440479549,411
440479623,411
440480409,410
440482332,409
440485071,411
440485102,409
440485178,411
440487819,409
440496162,409
440497528,411
440498833,411
440505737,409
440505776,409
440507091,411
440507112,409
440509857,411
440515407,412
440516817,409
440518143,411
440520887,411
440520904,409
440526355,409
440530478,411
440530517,411
440531891,409
440533186,409
440535983,411
440538734,411
440540090,411
440541548,411
440547005,411
440553857,411
440553862,409
440555234,409
440556658,411
440566275,409
440567624,411
440567672,411
440571804,409
440573160,411
440577263,409
440578616,409
440581417,411
440582766,411
440585531,409
440591039,409
440593791,411
440595111,409
440595131,411
440595146,411
440596487,409
440600612,409
440601992,409
440604775,411
440604818,411
440607521,411
440607565,409
440610288,411
440613011,411
440613035,411
440615785,411
440615800,409
440617070,411
440621211,409
440622630,409
440622673,411
440622677,411
440624023,409
440626762,411
440632323,409
440635016,409
440635065,411
440641869,409
440647398,409
440648695,411
440648816,411
440655517,410
440659772,409
440661007,410
440662596,411
440670805,411
440670842,409
440672110,411
440673484,411
440673491,411
440673594,409
440674971,409
440676325,411
440679074,411
440690054,409
440691430,411
440695554,409
440695565,411
440696930,409
440701032,411
440701096,411
440702389,411
440703719,411
440707963,409
440710687,409
440710711,411
440712094,411
440713348,410
440717530,409
440718934,409
440718981,409
440721678,411
440723075,411
440723106,411
440724406,411
440725803,409
440727179,411
440728585,409
440729964,409
440734067,409
440735456,411
440736744,411
440738184,409
440738197,409
440740953,409
440743712,409
440745042,411
440745102,409
440746222,410
440750562,411
440750572,411
440751928,409
440753314,411
440754730,409
440756112,409
440758835,409
440758878,409
440760215,409
440761579,411
440764231,410
440764370,411
440768438,411
440768449,409
440771249,409
440771257,411
440772621,411
440776731,411
440779311,410
440780859,409
440780862,409
440782239,409
440783522,410
440783587,409
440784952,409
440784987,409
440785006,409
440786375,411
440787706,409
440787740,409
440789089,411
440789096,411
440790491,409
440793199,411
440797333,411
440798745,411
440800158,411
440802871,409
440802873,409
440803905,409
440804209,411
440804254,409
440806960,411
440807006,409
440811119,411
440812427,411
440813838,411
440815217,411
440815241,411
440816632,409
440817975,409
440818013,409
440818020,411
440823468,411
440824676,410
440827612,411
440830417,411
440831769,409
440833036,410
440833060,411
440833151,409
440834528,411
440835845,411
440837211,411
440837241,409
440837283,409
440841387,411
440842684,410
440846901,411
440848240,411
440852370,411
440852377,409
440853750,411
440856454,411
440856455,411
440856515,409
440856534,409
440856543,411
440859205,411
440859266,411
440859285,411
440861830,410
440862004,411
440862040,411
440864762,411
440867506,411
440871589,411
440871626,411
440874418,409
440879893,411
440881150,410
440884014,411
440884046,411
440888148,411
440893472,410
440893683,409
440895020,411
440897761,411
440900560,409
440901728,410
440902999,409
440906028,411
440908746,411
440910181,411
440911570,411
440912918,409
440914317,409
440918454,409
440918459,411
440919511,409
440923619,410
440930764,411
440932074,410
440933557,409
440933570,409
440943184,411
440943220,409
440945806,410
440947346,409
440951307,410
440952543,409
440956677,409
440956826,410
440959635,410
440959680,411
440962476,411
440962486,409
440963708,410
440963860,409
440966607,409
440970590,410
440970732,411
440971850,410
440972017,410
440972116,409
440976239,411
440977502,410
440978913,411
440980152,410
440984277,410
440984417,411
440987170,411
440991269,410
440992755,409
440994038,410
440995507,409
440996547,410
440996607,409
440998116,410
440999594,411
441013239,410
441015916,410
441017288,410
441018741,410
441018892,411
441021572,410
441026935,410
441031128,410
441033917,410
441040763,410
441044921,410
441053221,411
441055902,410
441055973,411
441058756,409
441065476,410
441068228,410
441072293,410
441075166,410
441077984,410
441082032,410
441087493,410
441092925,409
441102559,409
441108223,410
441117742,410
441138398,410
441139836,410
441141114,410
441176911,410
441178218,409
441178245,410
441209879,410
441293845,410
450000333,413
450000815,413
450001020,413
450001093,413
450001138,413
450001147,413
450001181,413
450001281,413
450001300,413
450001354,413
450001395,413
450001417,413
450001480,413
450001701,413
450001804,413
450001897,413
450001990,413
450001993,413
450002000,413
450002193,413
450002202,413
450002271,413
450002286,413
450002309,413
450002310,413
450002327,413
450002360,413
450002361,413
450002384,413
450002409,413
450002410,413
450002412,413
450002422,413
450002427,413
450002545,413
450002677,413
450002729,413
450002742,413
450002749,413
450002804,413
450002822,413
450002851,413
450002891,413
450002950,413
450003004,413
450003022,413
450003028,413
450003082,413
450003125,413
450003151,413
450003224,413
450003270,413
450003300,413
450003318,413
450003358,413
450003399,413
450003408,413
450003411,413
450003443,413
450003494,413
450003495,413
450003514,413
450003800,413
450003801,413
450003802,413
450003810,413
450003824,413
450003849,413
450003863,413
450003868,413
450003948,413
450003960,413
450003971,413
450004026,413
450004091,413
450004121,413
450004132,413
450004172,413
450004309,413
450004433,413
450004501,413
450004530,413
450004655,413
450004706,413
450004745,413
450004920,413
450005052,413
450005169,413
450005182,413
450005266,413
450005281,413
450005289,413
450005363,413
450005392,413
450005492,413
450005596,413
450005756,413
450005832,413
450005906,413
450005907,413
450005935,413
450006023,413
450006103,413
450006368,413
450006413,413
450006538,413
450006678,413
450006680,413
450006685,413
450006835,413
450007088,413
450007217,413
450007225,413
450007236,413
450007463,413
450007502,413
450007848,413
450007853,413
450007970,413
450007994,413
450008022,413
450008031,413
450008045,413
450008082,413
450008084,413
450008306,413
450008315,413
450008495,413
450008590,413
450008720,413
450008722,413
450008815,413
450008822,413
450008864,413
450009093,413
450009264,413
450009363,413
450009393,413
450009394,413
450009553,413
450009602,413
450009638,413
450009807,413
450009909,413
450009911,413
450009933,413
450010024,413
450010340,413
450010348,413
450010490,413
450010567,413
450010994,413
450010998,413
450011102,413
450011121,413
450011295,413
450011535,413
450011536,413
450011648,413
450011661,413
450012084,413
450012205,413
450012355,413
450012530,413
450012657,413
450012739,413
450012747,413
450013061,413
450013069,413
450013166,413
450013167,413
450013168,413
450013196,413
450013206,413
450013287,413
450013421,413
450013426,413
450013603,413
450013607,413
450013614,413
450013700,413
450013749,413
450013750,413
450013754,413
450013763,413
450013813,413
450013837,413
450013968,413
450013982,413
450014014,413
450014150,413
450014159,413
450014253,413
450014261,413
450014264,413
450014295,413
450014381,413
450014555,413
450014695,413
450014828,413
450014833,413
450014906,413
450014916,413
450015379,413
450015465,413
450015468,413
450015621,413
450015646,413
450015790,413
450015918,413
450016009,413
450016187,413
450016190,413
450016420,413
450016441,413
450016468,413
450016563,413
450016702,413
450016731,413
450016734,413
450016984,413
450017025,413
450017092,413
450017278,413
450017517,413
450017637,413
450017647,413
450017817,413
450018178,413
450018363,413
450018644,413
450018657,413
450018737,413
450019263,413
450019419,413
450019449,413
450019688,413
450019705,413
450019710,413
450019728,413
450019746,413
450019807,413
450019819,413
450019994,413
450019996,413
450020249,413
450020251,413
450020289,413
450020539,413
450020804,413
450020911,413
450020913,413
450020914,413
450021082,413
450021083,413
450021320,413
450021359,413
450021552,413
450021556,413
450021601,413
450021884,413
450021885,413
450021921,413
450021923,413
450021983,413
450021986,413
450022404,413
450022677,413
450022678,413
450022714,413
450022866,413
450023069,413
450023074,413
450023089,413
450024080,413
450024162,413
450024621,413
450024701,413
450024890,413
450025047,413
450025060,413
450025166,413
450025193,413
450025245,413
450025250,413
450025432,413
450025585,413
450025586,413
450025595,413
450025603,413
450025620,413
450025676,413
450025908,413
450026242,413
450026255,413
450026338,413
450026707,413
450026717,413
450026758,413
450026788,413
450026797,413
450027058,413
450027063,413
450027066,413
450027298,413
450027374,413
450027418,413
450027609,413
450027785,413
450027871,413
450027875,413
450027877,413
450028109,413
450028153,413
450028413,413
450028451,413
450028456,413
450028458,413
450028462,413
450028506,413
450028510,413
450028994,413
450029058,413
450029475,413
450029501,413
450029539,413
450029550,413
450029594,413
450029618,413
450029939,413
450029940,413
450029964,413
450030013,413
450030048,413
450030082,413
450030095,413
450030323,413
450030328,413
450030512,413
450030523,413
450030526,413
450030601,413
450030634,413
450030684,413
450030708,413
450031031,413
450031107,413
450031145,413
450031571,413
450031603,413
450031648,413
450031774,413
450032114,413
450032115,413
450032141,413
450032143,413
450032188,413
450032201,413
450032269,413
450032270,413
450032313,413
450032321,413
450032508,413
450032665,413
450032734,413
450032735,413
450032736,413
450032775,413
450032812,413
450032815,413
450032883,413
450032888,413
450033030,413
450033033,413
450033035,413
450033040,413
450033203,413
450033212,413
450033226,413
450033234,413
450033238,413
450033277,413
450033401,413
450033546,413
450033581,413
450033583,413
450033590,413
450033753,413
450033770,413
450033781,413
450033948,413
450034311,413
450034401,413
450034440,413
450034454,413
450034492,413
450034663,413
450034667,413
450034678,413
450034835,413
450034863,413
450034908,413
450034920,413
450034952,413
450034956,413
450035027,413
450035379,413
450035399,413
450035416,413
450035490,413
450035524,413
450035525,413
450035527,413
450035579,413
450035580,413
450035585,413
450035756,413
450035765,413
450035961,413
450036071,413
450036123,413
450036124,413
450036157,413
450036481,413
450036488,413
450036504,413
450036667,413
450036837,413
450036841,413
450036853,413
450037045,413
450037131,413
450037204,413
450037212,413
450037217,413
450037387,413
450037596,413
450037756,413
450037787,413
450037924,413
450037933,413
450037942,413
450038141,413
450038172,413
450038175,413
450038255,413
450038441,413
450038473,413
450038659,413
450038668,413
450038671,413
450038719,413
450038723,413
450038762,413
450038800,413
450039260,413
450039333,413
450039384,413
450039385,413
450039387,413
450039411,413
450039444,413
450039564,413
450039733,413
450039752,413
450039765,413
450039850,413
450039883,413
450039955,413
450039958,413
450039980,413
450040298,413
450040309,413
450040310,413
450040313,413
450040327,413
450040393,413
450040475,413
450040509,413
450040645,413
450040660,413
450040938,413
450040976,413
450041086,413
450041138,413
450041198,413
450041368,413
450041480,413
450041587,413
450041718,413
450041719,413
450041735,413
450041743,413
450041964,413
450041981,413
450042247,413
450042278,413
450042464,413
450042649,413
450043006,413
450043025,413
450043069,413
450043151,413
450043154,413
450043559,413
450043560,413
450043561,413
450043590,413
450043659,413
450043690,413
450043765,413
450043880,413
450044085,413
450044124,413
450044229,413
450044341,413
450044469,413
450044637,413
450044651,413
450044683,413
450044692,413
450045010,413
450045171,413
450045189,413
450045244,413
450045316,413
450045759,413
450045771,413
450045834,413
450045864,413
450045979,413
450045982,413
450045990,413
450046277,413
450046287,413
450046303,413
450046378,413
450046413,413
450046455,413
450046512,413
450046804,413
450046847,413
450046872,413
450046999,413
450047371,413
450047373,413
450047374,413
450047391,413
450047492,413
450047543,413
450047545,413
450047574,413
450047728,413
450047933,413
450048128,413
450048134,413
450048144,413
450048164,413
450048266,413
450048445,413
450048465,413
450048499,413
450048589,413
450048676,413
450048692,413
450048707,413
450048709,413
450048981,413
450048994,413
450049035,413
450049099,413
450049133,413
450049211,413
450049213,413
450049250,413
450049339,413
450049532,413
450049538,413
450049682,413
450049686,413
450049749,413
450050226,413
450050230,413
450050661,413
450050806,413
450050807,413
450050881,413
450050882,413
450051165,413
450051217,413
450051228,413
450051350,413
450051414,413
450051524,413
450051711,413
450051770,413
450051771,413
450051862,413
450051953,413
450052072,413
450052080,413
450052255,413
450052261,413
450052269,413
450052390,413
450052520,413
450052616,413
450052842,413
450052860,413
450053350,413
450053385,413
450053493,413
450053582,413
450053601,413
450053704,413
450053715,413
450054072,413
450054211,413
450054218,413
450054243,413
450054614,413
450054616,413
450054682,413
450055013,413
450055126,413
450055157,413
450055158,413
450055192,413
450055215,413
450055295,413
450055522,413
450055578,413
450055702,413
450055736,413
450055759,413
450056109,413
450056280,413
450056413,413
450056650,413
450056869,413
450057154,413
450057203,413
450057406,413
450057946,413
450058292,413
450058299,413
450058466,413
450058470,413
450058488,413
450058499,413
450058827,413
450059005,413
450059363,413
450059382,413
450059475,413
450059478,413
450059565,413
450059590,413
450060020,413
450060021,413
450060053,413
450060198,413
450060472,413
450060647,413
450060667,413
450060668,413
450060738,413
450061019,413
450061206,413
450061216,413
450061557,413
450061651,413
450061684,413
450061737,413
450062103,413
450062107,413
450062196,413
450062200,413
450062270,413
450062292,413
450062743,413
450062775,413
450062835,413
450062837,413
450062940,413
450063185,413
450063734,413
450063827,413
450063935,413
450064459,413
450064498,413
450064579,413
450064809,413
450064922,413
450064948,413
450065117,413
450065459,413
450065467,413
450065555,413
450065904,413
450066036,413
450066071,413
450066208,413
450066450,413
450066583,413
450066731,413
450066734,413
450066755,413
450067003,413
450067213,413
450067278,413
450067719,413
450067755,413
450067822,413
450067840,413
450068186,413
450068212,413
450068213,413
450068294,413
450068301,413
450068631,413
450068726,413
450068756,413
450068853,413
450068928,413
450069167,413
450069300,413
450069301,413
450069357,413
450069463,413
450069811,413
450069817,413
450069821,413
450069993,413
450070018,413
450070265,413
450070980,413
450071446,413
450071478,413
450071522,413
450071603,413
450071638,413
450072101,413
450072613,413
450072646,413
450072734,413
450073109,413
450073110,413
450073191,413
450073271,413
450073743,413
450073826,413
450074167,413
450074349,413
450074369,413
450074740,413
450074893,413
450074905,413
450075335,413
450075438,413
450075455,413
450075912,413
450075955,413
450075993,413
450075997,413
450076466,413
450076467,413
450076469,413
450076526,413
450076545,413
450076916,413
450077339,413
450077545,413
450077877,413
450077883,413
450077978,413
450078005,413
450078097,413
450078707,413
450078711,413
450079074,413
450079186,413
450079245,413
450079246,413
450079247,413
450079250,413
450079260,413
450080157,413
450080180,413
450080232,413
450080333,413
450080349,413
450080717,413
450080722,413
450080725,413
450080798,413
450080813,413
450080880,413
450080883,413
450080892,413
450081432,413
450081962,413
450081969,413
450081981,413
450082520,413
450082984,413
450083052,413
450083053,413
450083069,413
450083536,413
450083597,413
450083608,413
450084030,413
450084140,413
450084141,413
450084152,413
450084684,413
450084686,413
450084698,413
450085071,413
450085157,413
450085232,413
450085235,413
450085246,413
450085589,413
450085717,413
450085728,413
450086318,413
450086327,413
450086331,413
450086684,413
450087226,413
450087351,413
450087950,413
450087957,413
450088428,413
450088505,413
450088509,413
450088980,413
450089046,413
450089519,413
450089578,413
450089583,413
450089586,413
450089943,413
450090122,413
450090127,413
450090131,413
450090671,413
450091060,413
450091749,413
450092308,413
450092675,413
450092792,413
450092845,413
450093333,413
450093339,413
450093382,413
450093390,413
450093758,413
450093880,413
450093882,413
450093941,413
450094417,413
450094423,413
450094477,413
450094481,413
450094485,413
450094487,413
450094497,413
450094844,413
450094845,413
450094868,413
450095034,413
450095041,413
450095389,413
450095504,413
450095548,413
450095931,413
450096054,413
450096060,413
450096109,413
450096646,413
450096668,413
450097032,413
450097200,413
450097204,413
450097205,413
450097734,413
450097750,413
450098125,413
450098230,413
450098270,413
450098655,413
450098675,413
450098837,413
450099212,413
450099215,413
450099218,413
450099308,413
450099392,413
450099739,413
450099752,413
450099759,413
450099909,413
450099916,413
450100281,413
450100307,413
450100401,413
450100405,413
450100413,413
450100449,413
450100475,413
450100827,413
450100828,413
450101019,413
450101024,413
450101489,413
450101534,413
450101542,413
450101547,413
450102102,413
450102103,413
450102112,413
450102630,413
450103006,413
450103173,413
450103191,413
450103729,413
450103739,413
450103744,413
450104090,413
450104211,413
450104214,413
450104251,413
450104268,413
450104822,413
450104823,413
450105178,413
450105300,413
450105350,413
450105351,413
450105360,413
450105375,413
450105726,413
450105847,413
450105906,413
450105910,413
450106291,413
450106406,413
450106444,413
450106452,413
450106453,413
450106456,413
450106974,413
450107522,413
450107524,413
450107535,413
450107536,413
450107542,413
450107902,413
450107903,413
450108065,413
450108066,413
450108613,413
450108615,413
450108620,413
450108991,413
450108994,413
450109159,413
450109164,413
450109167,413
450109701,413
450110249,413
450110617,413
450110783,413
450110790,413
450110798,413
450110804,413
450111164,413
450111289,413
450111340,413
450111350,413
450111718,413
450111834,413
450111882,413
450112262,413
450112422,413
450112438,413
450112818,413
450112969,413
450113466,413
450113467,413
450114059,413
450114063,413
450114437,413
450115103,413
450115157,413
450115521,413
450115539,413
450115678,413
450115682,413
450115687,413
450116065,413
450116072,413
450116076,413
450116233,413
450116251,413
450116608,413
450116771,413
450116776,413
450116788,413
450116790,413
450117166,413
450117272,413
450117319,413
450117320,413
450117693,413
450117814,413
450118369,413
450118421,413
450118791,413
450118945,413
450118950,413
450119338,413
450119454,413
450119493,413
450119868,413
450119869,413
450119879,413
450120040,413
450120537,413
450120583,413
450120597,413
450121126,413
450121131,413
450121146,413
450121623,413
450121684,413
450122067,413
450122216,413
450122223,413
450122591,413
450122759,413
450122772,413
450123154,413
450123155,413
450123843,413
450123860,413
450124348,413
450124349,413
450124387,413
450124391,413
450124948,413
450125321,413
450125324,413
450125436,413
450125456,413
450125457,413
450125867,413
450125986,413
450126020,413
450126023,413
450126409,413
450126419,413
450126522,413
450126561,413
450126567,413
450127065,413
450127089,413
450127113,413
450128049,413
450128161,413
450128177,413
450128200,413
450128584,413
450128594,413
450128697,413
450128743,413
450129786,413
450129827,413
450129828,413
450129833,413
450129835,413
450130218,413
450130896,413
450131303,413
450131415,413
450131460,413
450131986,413
450132551,413
450132926,413
450132931,413
450134573,413
450135270,413
450135644,413
450135660,413
450135772,413
450135808,413
450136194,413
450136207,413
450136338,413
450136359,413
450136740,413
450136896,413
450137276,413
450137451,413
450137836,413
450137966,413
450137996,413
450138492,413
450138534,413
450138536,413
450138549,413
450138922,413
450139072,413
450139585,413
450139637,413
450140007,413
450140009,413
450140156,413
450140158,413
450140675,413
450140704,413
450140713,413
450141105,413
450141795,413
450142335,413
450142342,413
450142721,413
450143408,413
450144511,413
450145583,413
450145584,413
450145587,413
450146001,413
450146165,413
450146534,413
450146673,413
450147233,413
450147760,413
450147776,413
450148282,413
450148292,413
450148303,413
450148304,413
450148320,413
450148324,413
450148717,413
450149956,413
450149960,413
450150347,413
450150481,413
450151586,413
450151592,413
450151974,413
450152119,413
450152129,413
450152661,413
450152670,413
450153198,413
450153202,413
450153224,413
450153745,413
450153761,413
450154268,413
450154306,413
450155378,413
450155391,413
450155394,413
450155784,413
450155922,413
450155932,413
450156480,413
450156482,413
450157010,413
450157420,413
450157554,413
450157567,413
450157569,413
450158112,413
450158503,413
450158652,413
450158656,413
450160253,413
450160271,413
450160272,413
450161904,413
450161915,413
450162428,413
450163516,413
450163536,413
450163555,413
450164625,413
450165177,413
450165185,413
450165729,413
450166256,413
450166811,413
450166817,413
450167211,413
450167756,413
450168975,413
450168989,413
450169536,413
450170079,413
450171169,413
450171694,413
450171696,413
450172240,413
450175506,413
450176594,413
450177123,413
450177126,413
450177151,413
450177683,413
450178225,413
450178239,413
450178783,413
450178785,413
450179177,413
450180402,413
450180961,413
450182049,413
450183137,413
450184751,413
450184768,413
450185851,413
450186390,413
450187478,413
450187486,413
450187488,413
450189649,413
450189664,413
450190208,413
450190745,413
450190752,413
450191289,413
450191840,413
450193459,413
450193461,413
450194008,413
450194015,413
450195088,413
450197818,413
450198352,413
450199987,413
450199999,413
450200534,413
450202169,413
450205972,413
450205979,413
450206525,413
450206527,413
450208701,413
450209234,413
450210871,413
450211415,413
450211954,413
450212499,413
450212511,413
450213043,413
450213599,413
450214140,413
450214675,413
450216317,413
450217404,413
450224478,413
450227734,413
450227735,413
450229917,413
450230452,413
450234809,413
450239165,413
450240787,413
450244595,413
450244598,413
450246779,413
450249497,413
450250037,413
450250580,413
450250581,413
450251130,413
450251667,413
450256569,413
450257113,413
450258197,413
450258202,413
450260378,413
450260916,413
450265811,413
450268533,413
450285941,413
450287571,413
460013236,415
460016911,415
460019110,415
460023526,415
460024257,415
460025047,414
460027936,415
460030863,415
460031599,415
460032346,415
460038965,415
460038981,415
460042630,415
460057438,414
460070583,415
460075838,414
460086147,414
460089091,414
460104420,415
460107364,415
460123543,415
460123734,414
460131828,414
460131848,414
460135518,414
460141396,414
460149492,414
460153170,414
460154648,414
460156869,414
460157609,414
460164209,414
460166208,415
460167685,415
460170104,414
460170106,414
460175315,414
460179737,414
460182415,415
460188548,414
460189747,415
460190797,414
460195161,414
460197541,415
460200367,414
460201306,414
460201850,414
460202061,414
460203299,414
460204254,414
460204740,414
460205470,414
460207247,414
460208418,414
460208471,414
460209619,415
460209911,414
460212103,414
460212844,414
460213627,414
460213667,414
460214341,414
460214464,415
460216567,414
460220207,414
460220254,414
460220310,415
460221696,414
460222455,414
460222489,414
460223191,414
460224150,414
460226823,414
460227566,414
460227882,414
460228366,414
460228709,415
460229053,414
460229291,414
460229915,415
460230557,414
460230742,414
460231486,414
460231975,414
460232073,414
460232333,414
460232428,415
460232820,414
460234633,415
460234940,414
460235052,414
460235367,414
460235812,415
460235991,414
460237215,414
460237273,415
460237366,414
460237998,414
460238874,414
460238899,414
460239588,414
460239627,414
460241846,414
460243735,414
460243807,414
460244810,414
460244833,414
460245236,414
460246047,414
460246266,414
460246959,414
460247698,414
460248235,414
460250086,415
460251193,414
460251966,414
460252124,414
460252134,414
460252836,414
460252875,414
460252911,414
460256546,414
460256600,414
460257275,414
460258065,414
460258590,414
460260040,414
460260275,414
460260995,414
460261025,414
460261487,414
460261683,414
460262298,414
460263903,414
460264651,414
460265452,414
460266159,414
460268369,414
460268850,414
460272743,414
460272894,415
460274260,414
460275019,414
460275656,414
460276405,414
460277915,414
460279224,414
460279465,414
460282371,414
460284310,414
460286007,414
460286116,414
460287571,414
460289736,414
460290366,414
460290467,414
460290474,414
460293482,415
460294146,414
460297868,414
460299995,414
460306666,414
460311853,414
460313315,414
460317001,414
470075062,419
470077305,419
470080665,419
470081783,419
470084022,419
470084026,419
470094115,419
470096348,419
470096443,419
470098596,419
470100914,419
470102025,419
470103107,419
470103153,419
470104198,419
470105394,419
470107655,419
470108675,419
470113247,419
470115481,419
470118841,419
470119890,419
470120010,419
470121065,419
470121092,419
470121115,419
470122191,419
470124447,419
470124468,419
470125595,419
470126659,419
470126708,419
470126710,419
470126717,419
470128893,419
470130034,419
470130056,419
470130063,419
470131092,419
470131159,419
470132323,419
470133348,419
470133424,419
470135386,416
470135572,419
470135631,419
470137622,416
470139009,419
470140103,419
470140126,419
470140144,419
470142334,419
470142367,419
470142368,419
470143501,419
470143507,419
470144577,419
470144636,419
470145701,419
470145726,419
470145737,419
470145747,419
470149107,419
470149108,419
470149933,416
470150190,419
470150195,419
470150198,419
470150222,419
470150230,419
470150244,419
470151337,419
470151346,419
470151348,419
470151349,419
470151350,419
470151359,419
470152468,419
470152490,419
470153578,419
470154626,419
470154646,419
470154699,419
470154702,419
470155827,419
470156919,419
470158064,419
470158068,419
470158638,416
470159198,419
470160024,416
470161367,419
470161409,419
470162515,419
470162532,419
470163364,416
470163607,419
470163660,419
470165904,419
470168139,419
470171535,419
470175985,419
470177098,419
470177105,419
470179364,419
470179367,419
470181598,419
470181607,419
470182343,416
470184559,416
470187185,419
470195619,417
470196837,416
470198411,419
470201772,419
470205129,419
470205779,416
470208487,419
470211256,416
470212382,416
470212981,419
470213617,416
470215871,416
470219691,419
470219696,419
470220343,416
470233859,416
470234795,416
470240404,416
470243818,416
470244896,416
470244984,416
470251057,419
470252171,419
470261144,419
470261145,419
470261619,416
470261664,416
470262262,419
470263377,419
470265004,416
470266125,416
470267866,419
470270604,416
470270619,416
470271479,417
470272338,419
470273072,416
470273995,416
470275121,416
470276210,416
470277942,419
470280599,416
470282445,419
470283537,419
470284660,419
470285215,416
470286462,416
470288282,417
470289140,419
470289659,416
470291383,419
470291863,416
470291900,416
470292986,416
470293626,419
470293874,417
470294048,416
470294055,416
470295010,417
470295174,416
470295253,416
470295888,419
470296109,417
470296400,416
470296982,419
470296984,419
470297493,416
470298534,416
470299768,416
470301698,417
470301908,416
470303065,416
470303701,419
470307064,419
470307080,419
470307513,416
470308693,416
470309797,416
470310949,416
470311548,419
470312038,416
470313191,416
470314298,416
470314912,419
470316201,417
470316473,416
470316557,416
470317356,419
470317361,419
470319387,419
470319391,419
470319396,419
470320504,419
470320973,416
470321858,417
470322066,416
470323249,416
470323864,419
470325428,416
470325429,416
470326582,416
470327224,419
470331053,416
470332136,416
470333058,417
470335063,419
470335105,419
470335526,416
470337537,417
470338867,416
470340016,416
470340914,417
470341143,416
470342025,417
470342299,416
470343147,417
470343157,417
470343382,416
470344237,417
470344264,417
470346709,416
470347633,417
470348611,419
470348658,419
470348728,417
470349628,419
470351878,419
470352102,417
470352105,417
470352996,419
470353208,417
470353244,416
470356674,417
470357469,417
470359730,419
470361030,419
470361959,417
470362194,417
470362391,416
470363071,419
470363096,419
470363280,419
470363526,416
470365552,417
470366440,419
470366645,417
470366698,417
470367655,419
470367780,417
470368860,417
470368915,417
470369091,416
470369110,416
470369821,419
470370920,419
470371332,416
470371349,416
470372246,417
470372253,417
470372289,417
470372290,417
470372296,417
470373324,417
470374477,417
470375474,417
470375829,416
470376682,417
470376777,417
470376946,416
470377656,419
470377667,419
470377891,417
470378755,419
470378843,419
470378982,417
470379131,416
470379904,419
470380124,417
470381017,419
470381275,417
470382249,417
470382364,417
470382476,416
470383493,417
470384586,417
470384593,417
470385469,417
470385917,416
470386754,419
470387049,416
470388988,417
470390396,416
470391139,419
470391336,417
470393538,417
470393733,416
470394541,418
470394673,417
470395563,419
470396907,417
470397795,419
470397801,419
470397909,418
470398051,417
470399121,417
470400064,419
470400255,417
470400479,416
470401319,417
470402470,419
470402530,417
470402680,416
470403536,419
470403537,419
470403836,416
470404544,419
470405653,419
470405847,417
470406025,416
470406798,419
470406861,417
470406917,417
470406956,417
470407147,416
470407899,419
470407975,417
470408195,417
470409074,419
470409224,417
470410191,419
470410292,417
470410559,416
470411473,417
470412568,419
470413538,419
470413541,419
470414812,417
470415866,417
470415956,417
470415984,417
470416886,419
470417070,417
470417278,416
470418021,419
470419242,417
470420250,419
470420405,419
470421384,419
470421576,417
470423787,417
470424767,419
470424777,419
470424794,419
470425848,419
470427017,419
470427150,417
470427157,417
470427180,417
470428123,419
470429256,419
470430343,419
470431465,417
470431623,417
470431635,417
470432746,417
470433774,417
470433821,419
470434899,417
470434953,418
470435022,417
470435971,419
470436227,416
470437029,419
470438380,417
470438480,416
470439329,419
470440473,419
470440612,417
470440742,416
470442649,419
470442734,418
470443870,419
470443946,417
470445970,419
470446015,419
470446016,419
470446095,417
470446099,419
470447199,417
470447470,416
470448424,417
470448451,417
470449381,419
470449395,419
470449459,418
470449720,416
470450470,419
470450537,419
470450562,417
470450590,419
470451660,419
470451662,417
470452886,417
470452943,417
470453861,419
470453961,419
470454999,417
470455112,419
470455146,417
470456138,419
470456204,417
470456269,417
470457299,419
470458442,419
470458468,417
470459587,417
470460727,417
470460764,416
470461779,419
470461835,417
470461869,417
470461881,417
470462870,419
470463955,419
470463982,419
470464087,417
470465371,416
470467318,417
470467416,417
470467451,417
470467633,416
470468442,419
470468588,417
470468740,416
470469616,419
470469638,417
470469731,417
470470780,417
470471781,419
470472078,416
470472113,416
470472940,419
470472983,419
470473102,417
470474003,419
470474049,419
470474063,417
470474083,417
470474130,419
470474169,417
470475140,419
470475178,418
470475214,419
470475239,417
470476319,417
470476329,419
470477381,419
470477398,417
470477405,419
470477441,417
470477455,419
470477463,419
470477477,417
470477520,417
470477529,417
470478464,419
470478624,417
470479590,419
470479682,419
470480739,419
470480753,419
470480776,417
470480877,417
470481871,419
470482161,416
470482193,416
470484132,419
470484245,417
470485239,419
470486351,419
470486366,419
470486450,417
470487483,419
470487491,419
470487529,417
470487764,416
470488554,419
470488856,416
470489669,419
470490840,419
470490954,417
470491967,419
470491972,419
470492274,416
470493106,417
470493142,419
470494185,419
470494261,417
470494302,418
470495312,419
470496483,417
470496495,417
470496499,419
470497541,419
470497644,417
470497662,417
470497668,417
470498772,417
470498780,419
470498967,416
470499767,419
470500108,416
470500890,419
470501002,417
470501012,417
470503181,419
470503210,417
470503459,416
470504271,417
470504342,419
470505441,419
470506529,417
470507667,417
470507687,417
470508785,419
470509911,419
470510965,419
470511053,419
470511272,416
470512141,419
470512168,419
470513367,417
470514378,419
470514404,419
470514443,417
470514461,419
470514627,416
470514641,416
470515536,419
470515563,417
470516639,417
470516701,418
470517826,419
470517993,416
470517999,416
470518865,419
470519137,416
470521357,416
470523320,419
470523345,419
470523358,419
470523411,417
470524534,417
470525586,417
470526702,419
470526705,417
470527818,419
470528948,417
470528955,417
470529199,416
470531441,416
470531466,416
470532301,419
470532536,416
470533443,419
470535661,419
470536786,419
470537020,416
470537922,417
470537935,419
470538155,416
470540145,417
470542396,417
470542405,419
470543569,417
470543726,417
470544879,416
470545740,417
470545791,419
470551351,417
470552584,417
470554763,418
470556956,417
470558268,417
470560364,417
470567049,417
470568165,417
470568191,417
470572637,419
470574923,418
470577116,417
470582748,418
470586078,419
470586081,417
470586085,419
470589437,419
470590781,416
470591677,417
470593032,416
470593924,419
470605104,419
470620784,419
470625278,419
470627504,419
480048427,420
480053038,420
480058412,420
480059745,420
480066654,420
480066873,420
480071221,420
480073566,420
480075098,420
480078146,420
480078183,420
480081266,420
480086838,420
480090425,420
480091945,420
480091953,420
480091970,420
480096561,421
480098116,420
480098357,422
480099637,420
480100678,420
480102206,420
480102673,420
480106546,420
480107285,420
480107291,420
480108058,420
480117290,420
480118019,420
480119549,420
480121075,420
480121131,420
480121146,421
480124481,420
480125695,421
480125716,421
480128788,420
480128795,420
480129090,422
480137540,422
480141380,422
480142155,422
480142916,420
480143692,420
480154435,420
480154834,422
480155618,420
480159431,420
480159821,422
480160587,420
480161357,422
480162528,420
480162891,420
480166737,422
480168650,420
480171751,420
480175184,420
480175185,420
480175577,420
480176724,420
480181730,420
480183249,420
480183257,421
480183634,422
480187107,420
480189386,420
480189392,420
480190142,420
480190946,420
480195551,420
480196309,420
480197825,420
480199384,420
480199769,420
480203193,421
480209750,422
480211290,420
480215915,420
480217439,422
480219735,422
480225879,420
480225891,420
480228959,420
480229717,422
480231261,420
480232377,420
480233094,422
480233557,422
480236188,420
480237668,420
480237691,422
480238182,422
480239983,422
480240024,420
480240754,422
480240790,422
480242016,421
480244336,420
480244617,422
480245087,420
480246643,420
480246929,422
480247698,422
480248414,422
480249196,422
480249222,422
480249712,421
480250734,420
480251490,422
480251500,422
480251998,422
480252270,420
480252323,420
480253772,422
480253798,422
480254319,422
480254594,420
480254598,421
480256112,422
480256154,420
480256861,422
480256905,422
480257684,420
480257686,420
480258441,422
480259220,420
480260003,421
480260461,420
480260463,420
480261225,420
480261235,420
480261994,420
480262240,422
480262253,422
480262266,422
480262797,422
480264564,422
480265359,420
480265844,421
480266592,420
480266627,422
480266830,422
480266874,422
480267388,422
480267676,420
480268446,422
480268934,420
480269172,422
480269196,420
480269945,422
480270704,422
480272237,422
480272762,421
480273014,422
480273795,422
480274522,420
480274552,422
480275831,420
480275841,420
480277368,422
480278115,421
480279898,420
480279946,422
480279970,420
480280664,422
480281420,421
480281457,421
480281956,422
480281957,422
480282207,422
480282954,421
480282987,422
480283006,421
480283034,422
480283526,421
480284260,421
480284511,420
480285032,420
480285044,420
480286056,422
480287333,420
480288351,422
480288370,422
480289177,422
480290405,422
480290423,420
480291169,422
480291186,420
480291434,421
480291470,422
480291974,421
480292251,420
480293708,422
480295029,422
480296049,420
480296090,422
480298099,422
480299633,422
480299899,422
480299931,420
480300421,420
480301188,420
480301469,420
480302194,422
480302707,420
480303001,421
480304462,422
480305234,422
480305306,422
480305307,422
480305996,422
480307521,422
480307543,422
480307610,420
480308085,420
480308093,420
480308112,421
480308867,421
480309066,422
480309117,422
480310401,420
480310642,422
480311172,421
480311932,421
480314242,420
480314452,422
480315009,420
480315038,422
480315190,422
480315215,422
480315259,422
480315957,421
480318101,422
480318849,420
480319029,422
480320576,422
480322123,420
480324420,421
480324979,421
480325762,422
480325886,422
480326608,420
480327421,420
480328054,422
480328075,420
480328971,422
480329042,422
480329608,420
480330385,422
480330580,422
480331318,422
480333625,421
480334228,421
480335209,422
480335763,422
480336520,421
480336668,422
480337282,422
480337444,422
480338052,422
480338256,422
480338988,422
480339007,421
480339593,422
480339595,420
480342064,421
480342083,421
480342089,420
480342843,422
480344979,420
480345743,421
480345777,420
480347271,422
480347288,420
480348115,420
480348247,422
480348815,421
480348816,422
480350499,422
480351285,421
480352025,422
480352789,422
480353609,421
480354221,420
480354964,420
480355126,422
480355727,422
480355733,422
480355746,420
480357439,422
480358209,421
480358800,422
480358804,420
480358805,422
480361141,420
480361884,421
480362765,422
480364261,422
480364944,421
480365718,421
480365852,420
480365876,422
480366482,420
480366483,421
480366660,421
480367428,420
480368188,422
480368799,422
480368960,422
480370442,422
480371251,422
480371256,420
480372036,420
480372637,422
480373402,420
480373482,422
480373507,420
480373578,420
480374159,421
480374267,421
480375080,422
480375111,422
480375702,421
480375748,422
480375876,422
480376460,421
480376463,421
480376493,421
480376581,422
480377300,420
480378010,422
480378028,422
480378032,420
480378156,420
480380316,422
480380334,420
480380393,422
480380445,422
480381075,421
480381233,422
480381249,422
480381257,420
480381996,421
480382610,421
480382616,421
480383382,421
480383509,420
480384952,420
480385763,420
480385780,421
480386592,422
480387235,420
480387301,420
480388000,422
480388077,421
480390355,422
480390438,422
480391068,421
480391149,420
480391171,420
480391242,420
480391861,420
480391958,422
480391982,422
480392010,421
480392614,422
480392618,421
480392707,420
480392709,422
480393368,422
480393383,420
480395017,420
480395072,421
480395081,422
480395082,420
480395720,422
480395792,422
480395825,422
480396428,421
480396453,422
480396485,420
480396502,422
480396561,422
480396585,422
480396590,422
480397291,421
480398035,420
480398121,422
480398907,421
480399649,422
480400353,420
480400358,421
480400363,421
480400375,422
480400424,421
480400443,420
480401062,420
480401167,422
480401834,420
480402606,422
480402628,420
480402691,420
480404135,420
480404158,420
480404166,420
480404957,422
480405764,420
480405806,421
480406499,422
480406588,420
480407200,421
480407291,420
480408007,420
480408892,420
480409635,421
480411108,422
480411133,420
480411154,422
480411859,422
480413393,421
480413411,422
480413468,420
480413480,422
480414195,422
480414885,420
480414891,422
480414963,421
480414967,420
480416439,422
480416505,421
480416554,422
480417280,420
480417944,422
480418739,422
480418821,420
480419528,421
480419552,422
480419612,420
480420291,421
480420304,421
480421052,421
480421112,421
480421131,420
480421143,420
480421804,421
480421856,420
480422592,422
480423346,422
480423354,421
480423442,422
480424201,420
480424233,421
480424237,422
480425006,421
480425651,420
480425740,421
480427193,422
480427997,420
480428068,420
480428073,422
480428748,420
480428755,421
480429508,420
480429550,422
480429605,422
480430335,422
480431017,420
480431043,420
480431803,421
480431824,421
480432687,422
480433340,422
480433398,420
480434121,420
480434854,420
480434871,422
480434885,422
480434939,421
480435642,422
480435681,421
480435708,422
480435711,422
480435734,422
480436449,421
480436474,422
480437182,420
480437257,420
480437281,422
480437980,420
480438010,421
480438053,422
480438740,422
480438754,421
480438821,422
480439486,420
480440296,421
480440298,420
480440305,420
480440381,420
480441093,422
480441124,421
480441772,420
480441803,420
480442528,421
480442537,420
480442624,422
480442646,422
480443423,421
480444165,422
480445639,421
480446406,421
480447168,420
480447177,420
480447223,422
480447920,422
480447938,420
480447942,420
480448735,421
480448807,422
480450277,420
480451020,422
480451744,420
480451810,421
480451813,420
480451819,421
480451839,422
480451849,421
480451887,422
480455640,422
480457155,421
480457169,421
480457921,422
480458699,420
480462512,420
480462523,422
480463293,420
480463322,422
480464062,420
480464872,422
480464876,422
480465636,422
480467931,420
480469460,421
480469475,421
480469476,420
480470233,422
480470276,421
480470998,422
480474073,420
480474121,420
480475584,422
480476372,421
480477161,422
480480972,422
480481728,420
480484826,420
480485605,420
480485612,421
480487099,422
480487867,422
480487884,422
480487948,421
480489410,421
480490202,420
480493259,420
480494860,420
480496346,421
480497090,420
480498663,421
480514011,421
480524763,421
490009496,423
490023049,423
490026506,423
490030792,423
490042883,423
490044368,423
490045521,423
490046675,423
490049838,423
490050131,423
490050707,423
490050708,423
490051280,423
490051570,423
490051863,423
490052141,423
490052435,423
490052726,423
490054672,423
490055885,423
490056178,423
490056976,423
490057335,423
490058195,423
490059060,423
490059634,423
490059644,423
490061651,423
490062229,423
490062849,423
490063137,423
490063603,423
490063671,423
490063964,423
490064824,423
490065264,423
490065602,423
490065911,423
490065975,423
490066714,423
490066881,423
490067305,423
490068204,423
490068308,423
490069068,423
490069350,423
490069432,423
490069917,423
490070041,423
490070103,423
490070473,423
490070515,423
490070592,423
490071246,423
490071334,423
490072032,423
490072317,423
490072368,423
490072768,423
490073186,423
490073209,423
490073370,423
490073638,423
490073762,423
490074784,423
490074786,423
490074909,423
490075007,423
490075089,423
490075219,423
490075338,423
490075533,423
490075638,423
490075657,423
490075851,423
490075854,423
490076239,423
490076357,423
490076465,423
490076496,423
490076513,423
490076953,423
490077015,423
490077065,423
490077118,423
490077952,423
490078100,423
490078140,423
490078507,423
490078690,423
490078769,423
490078806,423
490078958,423
490079247,423
490079293,423
490079379,423
490079392,423
490079571,423
490079903,423
490079997,423
490080146,423
490080191,423
490080413,423
490080494,423
490080750,423
490080834,423
490081035,423
490081117,423
490081136,423
490081148,423
490081305,423
490081318,423
490081407,423
490081436,423
490081584,423
490081650,423
490081915,423
490081999,423
490082010,423
490082021,423
490082153,423
490082251,423
490082439,423
490082454,423
490082737,423
490083035,423
490083047,423
490083113,423
490083115,423
490083271,423
490083303,423
490083430,423
490083724,423
490083733,423
490083889,423
490083993,423
490084129,423
490084199,423
490084206,423
490084217,423
490084325,423
490084448,423
490084496,423
490084569,423
490084705,423
490084802,423
490084841,423
490084856,423
490085000,423
490085040,423
490085083,423
490085084,423
490085091,423
490085095,423
490085143,423
490085279,423
490085351,423
490085374,423
490085387,423
490085642,423
490085655,423
490085675,423
490085732,423
490085855,423
490085970,423
490086031,423
490086166,423
490086204,423
490086224,423
490086301,423
490086440,423
490086488,423
490086501,423
490086576,423
490086850,423
490086888,423
490087025,423
490087209,423
490087302,423
490087316,423
490087438,423
490087477,423
490087678,423
490087716,423
490087762,423
490087889,423
490087900,423
490087922,423
490087937,423
490087947,423
490088169,423
490088182,423
490088259,423
490088306,423
490088307,423
490088308,423
490088454,423
490088558,423
490088612,423
490088775,423
490088868,423
490088892,423
490089094,423
490089120,423
490089172,423
490089411,423
490089440,423
490089451,423
490089471,423
490089601,423
490089702,423
490089717,423
490090088,423
490090214,423
490090230,423
490090251,423
490090311,423
490090336,423
490090344,423
490090376,423
490090470,423
490090503,423
490090537,423
490090580,423
490090585,423
490090612,423
490090813,423
490090818,423
490091057,423
490091084,423
490091107,423
490091110,423
490091146,423
490091241,423
490091384,423
490091437,423
490091471,423
490091690,423
490091692,423
490091743,423
490091772,423
490091816,423
490091905,423
490091934,423
490092298,423
490092522,423
490092586,423
490092609,423
490092829,423
490092854,423
490092909,423
490092943,423
490093113,423
490093128,423
490093144,423
490093356,423
490093385,423
490093402,423
490093493,423
490093748,423
490093749,423
490093832,423
490093961,423
490093977,423
490094021,423
490094056,423
490094273,423
490094283,423
490094284,423
490094320,423
490094335,423
490094340,423
490094351,423
490094539,423
490094561,423
490094570,423
490094602,423
490094644,423
490094848,423
490094854,423
490094859,423
490094870,423
490095112,423
490095114,423
490095141,423
490095215,423
490095273,423
490095413,423
490095492,423
490095509,423
490095704,423
490095765,423
490095948,423
490096021,423
490096054,423
490096071,423
490096310,423
490096552,423
490096639,423
490096644,423
490096908,423
490097131,423
490097693,423
490097717,423
490097782,423
490097813,423
490098109,423
490098397,423
490098859,423
490099130,423
490099759,423
490099789,423
490099796,423
490099806,423
490099808,423
490100384,423
490100658,423
490100859,423
490101151,423
490101246,423
490101731,423
490101752,423
490101812,423
490102002,423
490102048,423
490102109,423
490102328,423
490102339,423
490102387,423
490102676,423
490102684,423
490103203,423
490103256,423
490103549,423
490103826,423
490103827,423
490103855,423
490104029,423
490104404,423
490104605,423
490104990,423
490105562,423
490105832,423
490107580,423
490107862,423
490107869,423
490107871,423
490109014,423
490109016,423
490109304,423
490110744,423
490113339,423
510000274,501
510000287,501
510000370,501
510000382,501
510000667,501
510000672,501
510000831,501
510000847,501
510000997,501
510001091,501
510001092,501
510001185,501
510001350,501
510001416,501
510001573,501
510001651,501
510001666,501
510001667,501
510001675,501
510002340,501
510002475,501
510002507,501
510002508,501
510002564,501
510002593,501
510002613,501
510002655,501
510002702,501
510002703,501
510002704,501
510002710,501
510002725,501
510002736,501
510003018,501
510003171,501
510003276,501
510003279,501
510003333,501
510003602,501
510003633,501
510003679,501
510003709,501
510003849,501
510003954,501
510003960,501
510004095,501
510004097,501
510004105,501
510004173,501
510004176,501
510004398,501
510005218,501
510005355,501
510005473,501
510005477,501
510005546,501
510005772,501
510006021,501
510006099,501
510006450,501
510006457,501
510006748,501
510006822,501
510006836,501
510006844,501
510006859,501
510006927,501
510007476,501
510007826,501
510007828,501
510007849,501
510008068,501
510008092,501
510008219,501
510008235,501
510008315,501
510008335,501
510009197,501
510009202,501
510009210,501
510009214,501
510009225,501
510009341,501
510009435,501
510009440,501
510009503,501
510009566,501
510009609,501
510009678,501
510009679,501
510009704,501
510010573,501
510010581,501
510010597,501
510010716,501
510010822,501
510010882,501
510010895,501
510010942,501
510010947,501
510011060,501
510011949,501
510011951,501
510011963,501
510011973,501
510011978,501
510011986,501
510012219,501
510012307,501
510012313,501
510012321,501
510012323,501
510012440,501
510012450,501
510013329,501
510013349,501
510013622,501
510013695,501
510013806,501
510013821,501
510014712,501
510014730,501
510014986,501
510016106,501
510016107,501
510016108,501
510016122,501
510016342,501
510016347,501
510016367,501
510016428,501
510016445,501
510016570,501
510016583,501
510017450,501
510017483,501
510017717,501
510017734,501
510017821,501
510018086,501
510018863,501
510018881,501
510019096,501
510019109,501
510019119,501
510019192,501
510019195,501
510019313,501
510019334,501
510020201,501
510020206,501
510020235,501
510020238,501
510020441,501
510020481,501
510020483,501
510020487,501
510020559,501
510020562,501
510020567,501
510020572,501
510020707,501
510020708,501
510020711,501
510020758,501
510021532,501
510021570,501
510021576,501
510021848,501
510021862,501
510021871,501
510021908,501
510021916,501
510021926,501
510021938,501
510021943,501
510021944,501
510022083,501
510022086,501
510022946,501
510022955,501
510022958,501
510022991,501
510022992,501
510022994,501
510023005,501
510023231,501
510023268,501
510023302,501
510023311,501
510023319,501
510023322,501
510023324,501
510023461,501
510023471,501
510024276,501
510024319,501
510024322,501
510024336,501
510024366,501
510024367,501
510024371,501
510024383,501
510024604,501
510024612,501
510024634,501
510024665,501
510024682,501
510024694,501
510024695,501
510024696,501
510024698,501
510024838,501
510024846,501
510024906,501
510024947,501
510025678,501
510025745,501
510025746,501
510025980,501
510025983,501
510025992,501
510025995,501
510026010,501
510026017,501
510026046,501
510026061,501
510026062,501
510026214,501
510026225,501
510026290,501
510026335,501
510026384,501
510027060,501
510027124,501
510027125,501
510027126,501
510027133,501
510027380,501
510027393,501
510027594,501
510027596,501
510027669,501
510027822,501
510028453,501
510028457,501
510028495,501
510028505,501
510028509,501
510028693,501
510028727,501
510028733,501
510028734,501
510028740,501
510028744,501
510028806,501
510028808,501
510028818,501
510028822,501
510028824,501
510028826,501
510029014,501
510029057,501
510029106,501
510029189,501
510029215,501
510029753,501
510029808,501
510029821,501
510029829,501
510029869,501
510029875,501
510029879,501
510030091,501
510030104,501
510030109,501
510030115,501
510030124,501
510030137,501
510030139,501
510030143,501
510030176,501
510030184,501
510030185,501
510030423,501
510030424,501
510030484,501
510030497,501
510030539,501
510030557,501
510030577,501
510030585,501
510031182,501
510031194,501
510031251,501
510031267,501
510031481,501
510031486,501
510031508,501
510031514,501
510031521,501
510031531,501
510031555,501
510031720,501
510031721,501
510031723,501
510031745,501
510031778,501
510031886,501
510032575,501
510032580,501
510032638,501
510032641,501
510032685,501
510032840,501
510032846,501
510032852,501
510032858,501
510032881,501
510032889,501
510032891,501
510032920,501
510033098,501
510033100,501
510033228,501
510033379,501
510033382,501
510033910,501
510033911,501
510033927,501
510033949,501
510033997,501
510034007,501
510034021,501
510034041,501
510034260,501
510034266,501
510034273,501
510034293,501
510034299,501
510034321,501
510034473,501
510034477,501
510034515,501
510034525,501
510034606,501
510034748,501
510035300,501
510035317,501
510035373,501
510035380,501
510035381,501
510035384,501
510035397,501
510035603,501
510035641,501
510035643,501
510035669,501
510035672,501
510035684,501
510035849,501
510035859,501
510035874,501
510035892,501
510035908,501
510035944,501
510035995,501
510036637,501
510036667,501
510036670,501
510036708,501
510036766,501
510036973,501
510037012,501
510037017,501
510037018,501
510037025,501
510037027,501
510037048,501
510037076,501
510037230,501
510037232,501
510037328,501
510037664,501
510038007,501
510038034,501
510038052,501
510038079,501
510038143,501
510038154,501
510038364,501
510038434,501
510038602,501
510038603,501
510038654,501
510038668,501
510038683,501
510038692,501
510038713,501
510038760,501
510038805,501
510038815,501
510038903,501
510039037,501
510039040,501
510039058,501
510039731,501
510039737,501
510039794,501
510039800,501
510039803,501
510039805,501
510040069,501
510040104,501
510040107,501
510040160,501
510040174,501
510040183,501
510040188,501
510040189,501
510040218,501
510040238,501
510040263,501
510040329,501
510040415,501
510040423,501
510040526,501
510040782,501
510040833,501
510040890,501
510041150,501
510041167,501
510041187,501
510041355,501
510041433,501
510041460,501
510041553,501
510041559,501
510041578,501
510041648,501
510041886,501
510042122,501
510042149,501
510042161,501
510042166,501
510042172,501
510042201,501
510042270,501
510042275,501
510042279,501
510042281,501
510042299,501
510042409,501
510042490,501
510042523,501
510042535,501
510042546,501
510042548,501
510042733,501
510042796,501
510042844,501
510042853,501
510042951,501
510043013,501
510043170,501
510043186,501
510043223,501
510043575,501
510043649,501
510043702,501
510043820,501
510043858,501
510043860,501
510043874,501
510043936,501
510044137,501
510044244,501
510044257,501
510044310,501
510044339,501
510044380,501
510044459,501
510044464,501
510044682,501
510044700,501
510044834,501
510044878,501
510044939,501
510044958,501
510045051,501
510045073,501
510045232,501
510045235,501
510045276,501
510045297,501
510045298,501
510045300,501
510045485,501
510045536,501
510045587,501
510045597,501
510045602,501
510045607,501
510045688,501
510045954,501
510046271,501
510046409,501
510046416,501
510046428,501
510046610,501
510046664,501
510046677,501
510046865,501
510046873,501
510046912,501
510046956,501
510046973,501
510046978,501
510047021,501
510047066,501
510047142,501
510047144,501
510047160,501
510047166,501
510047174,501
510047333,501
510047351,501
510047417,501
510047426,501
510047594,501
510047661,501
510047913,501
510047921,501
510047984,501
510048235,501
510048248,501
510048294,501
510048333,501
510048379,501
510048423,501
510048463,501
510048512,501
510048566,501
510048657,501
510048695,501
510048701,501
510048728,501
510048786,501
510048986,501
510049140,501
510049168,501
510049196,501
510049210,501
510049348,501
510049362,501
510049406,501
510049417,501
510049429,501
510049699,501
510049701,501
510049771,501
510049844,501
510049881,501
510049916,501
510049933,501
510049955,501
510050076,501
510050100,501
510050104,501
510050256,501
510050277,501
510050346,501
510050381,501
510050416,501
510050539,501
510050549,501
510050731,501
510050736,501
510050740,501
510050806,501
510050987,501
510050997,501
510051012,501
510051163,501
510051166,501
510051192,501
510051195,501
510051219,501
510051235,501
510051249,501
510051251,501
510051278,501
510051353,501
510051383,501
510051423,501
510051446,501
510051484,501
510051525,501
510051575,501
510051703,501
510051908,501
510051915,501
510051917,501
510051918,501
510051923,501
510051929,501
510051947,501
510052121,501
510052158,501
510052179,501
510052392,501
510052417,501
510052574,501
510052588,501
510052609,501
510052623,501
510052790,501
510052847,501
510052862,501
510052946,501
510053085,501
510053135,501
510053143,501
510053283,501
510053290,501
510053308,501
510053335,501
510053478,501
510053554,501
510053822,501
510053939,501
510053995,501
510054026,501
510054160,501
510054168,501
510054174,501
510054206,501
510054326,501
510054341,501
510054382,501
510054454,501
510054502,501
510054507,501
510054538,501
510054681,501
510054711,501
510054782,501
510054803,501
510054866,501
510054930,501
510055160,501
510055177,501
510055239,501
510055250,501
510055284,501
510055321,501
510055349,501
510055365,501
510055408,501
510055419,501
510055427,501
510055439,501
510055440,501
510055457,501
510055560,501
510055650,501
510055695,501
510055707,501
510055712,501
510055739,501
510055872,501
510056039,501
510056056,501
510056075,501
510056199,501
510056246,501
510056501,501
510056563,501
510056730,501
510056732,501
510056783,501
510056798,501
510056832,501
510056845,501
510057004,501
510057174,501
510057197,501
510057217,501
510057281,501
510057427,501
510057451,501
510057452,501
510057537,501
510057592,501
510057626,501
510057688,501
510058015,501
510058064,501
510058096,501
510058114,501
510058121,501
510058124,501
510058129,501
510058157,501
510058159,501
510058172,501
510058198,501
510058207,501
510058227,501
510058425,501
510058530,501
510058575,501
510058613,501
510058852,501
510058927,501
510058995,501
510059049,501
510059262,501
510059416,501
510059477,501
510059566,501
510059575,501
510059601,501
510059611,501
510059623,501
510059693,501
510059714,501
510059774,501
510059943,501
510060000,501
510060034,501
510060190,501
510060206,501
510060718,501
510060807,501
510060810,501
510060825,501
510060830,501
510060852,501
510060950,501
510060953,501
510060954,501
510061036,501
510061138,501
510061175,501
510061310,501
510061337,501
510061384,501
510061563,501
510061567,501
510061569,501
510061579,501
510061673,501
510061693,501
510061808,501
510062054,501
510062272,501
510062291,501
510062316,501
510062319,501
510062338,501
510062361,501
510062400,501
510062427,501
510062443,501
510062444,501
510062453,501
510062455,501
510062515,501
510063047,501
510063184,501
510063406,501
510063619,501
510063635,501
510063646,501
510063649,501
510063683,501
510063709,501
510063816,501
510063851,501
510063858,501
510063870,501
510063885,501
510063996,501
510064002,501
510064025,501
510064042,501
510064145,501
510064437,501
510064449,501
510064493,501
510064495,501
510064502,501
510064923,501
510065012,501
510065013,501
510065019,501
510065025,501
510065050,501
510065077,501
510065087,501
510065099,501
510065110,501
510065114,501
510065127,501
510065209,501
510065288,501
510065293,501
510065304,501
510065502,501
510065680,501
510065697,501
510065869,501
510066395,501
510066428,501
510066434,501
510066450,501
510066472,501
510066476,501
510066484,501
510066572,501
510066587,501
510066595,501
510066681,501
510066707,501
510066827,501
510066888,501
510067062,501
510067085,501
510067732,501
510067824,501
510067999,501
510068007,501
510068012,501
510068042,501
510068052,501
510068147,501
510068450,501
510068457,501
510068461,501
510068623,501
510068910,501
510069199,501
510069220,501
510069233,501
510069270,501
510069293,501
510069357,501
510069389,501
510069419,501
510069445,501
510069449,501
510069514,501
510069520,501
510069569,501
510069570,501
510069597,501
510069805,501
510069808,501
510069809,501
510069833,501
510069907,501
510069912,501
510069952,501
510069997,501
510070366,501
510070552,501
510070579,501
510070583,501
510070601,501
510070614,501
510070673,501
510070684,501
510070697,501
510070747,501
510070815,501
510070839,501
510070902,501
510070926,501
510070935,501
510071200,501
510071207,501
510071214,501
510071291,501
510071305,501
510071362,501
510071369,501
510071927,501
510071952,501
510071961,501
510071962,501
510071970,501
510071977,501
510071988,501
510072118,501
510072132,501
510072167,501
510072184,501
510072252,501
510072367,501
510072579,501
510072606,501
510072736,501
510073118,501
510073254,501
510073270,501
510073302,501
510073340,501
510073341,501
510073347,501
510073355,501
510073358,501
510073386,501
510073397,501
510073455,501
510073482,501
510073519,501
510073536,501
510073551,501
510073941,501
510073982,501
510074044,501
510074081,501
510074630,501
510074640,501
510074739,501
510074919,501
510074923,501
510074946,501
510074991,501
510075003,501
510075031,501
510075339,501
510075344,501
510075448,501
510075467,501
510075500,501
510075502,501
510076033,501
510076074,501
510076091,501
510076094,501
510076127,501
510076150,501
510076173,501
510076191,501
510076304,501
510076319,501
510076326,501
510076361,501
510076412,501
510076706,501
510077448,501
510077466,501
510077479,501
510077489,501
510077540,501
510077545,501
510077550,501
510077577,501
510077588,501
510077622,501
510077676,501
510077686,501
510077709,501
510077790,501
510077799,501
510077800,501
510077809,501
510078091,501
510078203,501
510078206,501
510078223,501
510078224,501
510078227,501
510078255,501
510078757,501
510078795,501
510078852,501
510078910,501
510078911,501
510078914,501
510078932,501
510078936,501
510079023,501
510079027,501
510079048,501
510079066,501
510079087,501
510079105,501
510079125,501
510079140,501
510079159,501
510079161,501
510079455,501
510079461,501
510079470,501
510079537,501
510079540,501
510079553,501
510079556,501
510079582,501
510079587,501
510080184,501
510080201,501
510080220,501
510080242,501
510080259,501
510080279,501
510080336,501
510080386,501
510080531,501
510080550,501
510080895,501
510080940,501
510080950,501
510080973,501
510080999,501
510081002,501
510081009,501
510081591,501
510081596,501
510081605,501
510081692,501
510081774,501
510081810,501
510081822,501
510081844,501
510081854,501
510081868,501
510081872,501
510081906,501
510081912,501
510081918,501
510081919,501
510082004,501
510082211,501
510082221,501
510082305,501
510082328,501
510082380,501
510082885,501
510082957,501
510082961,501
510083028,501
510083058,501
510083074,501
510083145,501
510083151,501
510083174,501
510083176,501
510083188,501
510083201,501
510083222,501
510083237,501
510083297,501
510083333,501
510083336,501
510083598,501
510083643,501
510083679,501
510083683,501
510083700,501
510083704,501
510083719,501
510083728,501
510083758,501
510084355,501
510084356,501
510084438,501
510084443,501
510084516,501
510084534,501
510084567,501
510084572,501
510084959,501
510085032,501
510085060,501
510085066,501
510085074,501
510085638,501
510085703,501
510085724,501
510085727,501
510085920,501
510086030,501
510086076,501
510086430,501
510086456,501
510086461,501
510086468,501
510086476,501
510086479,501
510087014,501
510087075,501
510087102,501
510087140,501
510087184,501
510087312,501
510087317,501
510087382,501
510087384,501
510087390,501
510087412,501
510087416,501
510087424,501
510087434,501
510087707,501
510087724,501
510087742,501
510087830,501
510087849,501
510087856,501
510087879,501
510087884,501
510088460,501
510088495,501
510088588,501
510088724,501
510088741,501
510088747,501
510088758,501
510088790,501
510088831,501
510089094,501
510089100,501
510089101,501
510089102,501
510089103,501
510089184,501
510089205,501
510089226,501
510089231,501
510089232,501
510089258,501
510089899,501
510089905,501
510089910,501
510089918,501
510090011,501
510090065,501
510090112,501
510090121,501
510090123,501
510090144,501
510090146,501
510090183,501
510090486,501
510090500,501
510090516,501
510090552,501
510090553,501
510090582,501
510090599,501
510090607,501
510091221,501
510091543,501
510091551,501
510091905,501
510091931,501
510091939,501
510091940,501
510091956,501
510091968,501
510091970,501
510091975,501
510091977,501
510091981,501
510092004,501
510092011,501
510092720,501
510092825,501
510092826,501
510092931,501
510093224,501
510093230,501
510093299,501
510093332,501
510093345,501
510093348,501
510093354,501
510093387,501
510093390,501
510093964,501
510093990,501
510094143,501
510094193,501
510094255,501
510094592,501
510094600,501
510094605,501
510094701,501
510094727,501
510094763,501
510095317,501
510095338,501
510095352,501
510095358,501
510095447,501
510095576,501
510095633,501
510095646,501
510095671,501
510095968,501
510095998,501
510096041,501
510096055,501
510096059,501
510096085,501
510096088,501
510096093,501
510096097,501
510096106,501
510096130,501
510096143,501
510096728,501
510096731,501
510096811,501
510096943,501
510096969,501
510097006,501
510097358,501
510097361,501
510097460,501
510097475,501
510097476,501
510097487,501
510097515,501
510098118,501
510098147,501
510098354,501
510098426,501
510098733,501
510098804,501
510098807,501
510098821,501
510098839,501
510098845,501
510098852,501
510098864,501
510098878,501
510098890,501
510099471,501
510099561,501
510099717,501
510099732,501
510099751,501
510099755,501
510099809,501
510099834,501
510100111,501
510100175,501
510100225,501
510100228,501
510100232,501
510100233,501
510100266,501
510101024,501
510101069,501
510101143,501
510101151,501
510101157,501
510101169,501
510101210,501
510101591,501
510101597,501
510101601,501
510101616,501
510101629,501
510101630,501
510101636,501
510101644,501
510102299,501
510102304,501
510102332,501
510102505,501
510102516,501
510102863,501
510102865,501
510102892,501
510102907,501
510102936,501
510102972,501
510102973,501
510102974,501
510102979,501
510102983,501
510102990,501
510102995,501
510103012,501
510103607,501
510103609,501
510103818,501
510103905,501
510103937,501
510104307,501
510104321,501
510104364,501
510104366,501
510104367,501
510104370,501
510104395,501
510104972,501
510105289,501
510105308,501
510105315,501
510105613,501
510105622,501
510105626,501
510105664,501
510105719,501
510105724,501
510105725,501
510105735,501
510105738,501
510105743,501
510105745,501
510105762,501
510106360,501
510106386,501
510106391,501
510106571,501
510106995,501
510107047,501
510107048,501
510107060,501
510107062,501
510107105,501
510107108,501
510107109,501
510107117,501
510107141,501
510107148,501
510107733,501
510108076,501
510108364,501
510108367,501
510108420,501
510108439,501
510108440,501
510108472,501
510108477,501
510108483,501
510108484,501
510108488,501
510108489,501
510108493,501
510108495,501
510108516,501
510109347,501
510109430,501
510109744,501
510109747,501
510109755,501
510109781,501
510109855,501
510109858,501
510109862,501
510109863,501
510109866,501
510109867,501
510109870,501
510109899,501
510110490,501
510110491,501
510110735,501
510110806,501
510111124,501
510111138,501
510111169,501
510111189,501
510111193,501
510111233,501
510111234,501
510111236,501
510111238,501
510111239,501
510111243,501
510111247,501
510111251,501
510112174,501
510112190,501
510112493,501
510112546,501
510112551,501
510112571,501
510112602,501
510112608,501
510112611,501
510112621,501
510112629,501
510112652,501
510113526,501
510113566,501
510113868,501
510113941,501
510113943,501
510113954,501
510113975,501
510113980,501
510113981,501
510113986,501
510113995,501
510113998,501
510114001,501
510114005,501
510114688,501
510115236,501
510115247,501
510115266,501
510115271,501
510115293,501
510115313,501
510115315,501
510115320,501
510115356,501
510115361,501
510115363,501
510115370,501
510115379,501
510115393,501
510115396,501
510116625,501
510116676,501
510116688,501
510116694,501
510116707,501
510116734,501
510116735,501
510116741,501
510116745,501
510116747,501
510116748,501
510116749,501
510117429,501
510117673,501
510117677,501
510118004,501
510118006,501
510118008,501
510118021,501
510118032,501
510118066,501
510118072,501
510118079,501
510118121,501
510118122,501
510118123,501
510118126,501
510118132,501
510118148,501
510118150,501
510119031,501
510119040,501
510119046,501
510119364,501
510119376,501
510119419,501
510119438,501
510119442,501
510119467,501
510119490,501
510119491,501
510119493,501
510119494,501
510119497,501
510119505,501
510119519,501
510120403,501
510120776,501
510120797,501
510120800,501
510120829,501
510120860,501
510120864,501
510120871,501
510120873,501
510120874,501
510120875,501
510120890,501
510120891,501
510121783,501
510121806,501
510121812,501
510122131,501
510122157,501
510122195,501
510122233,501
510122242,501
510122243,501
510122251,501
510122254,501
510122260,501
510122270,501
510122280,501
510122281,501
510122939,501
510123163,501
510123167,501
510123504,501
510123514,501
510123574,501
510123578,501
510123583,501
510123586,501
510123619,501
510123624,501
510123646,501
510123656,501
510124247,501
510124542,501
510124876,501
510124879,501
510124880,501
510124884,501
510124905,501
510124906,501
510124921,501
510124949,501
510124986,501
510124989,501
510124992,501
510125001,501
510125005,501
510125006,501
510125008,501
510125009,501
510125014,501
510125027,501
510125029,501
510125927,501
510126258,501
510126261,501
510126266,501
510126314,501
510126361,501
510126365,501
510126367,501
510126368,501
510126370,501
510126373,501
510126385,501
510126386,501
510126387,501
510126397,501
510127631,501
510127662,501
510127735,501
510127737,501
510127738,501
510127743,501
510127751,501
510127752,501
510127754,501
510127764,501
510127771,501
510127783,501
510127785,501
510128682,501
510129007,501
510129012,501
510129013,501
510129015,501
510129049,501
510129071,501
510129082,501
510129085,501
510129114,501
510129116,501
510129119,501
510129122,501
510129145,501
510129150,501
510129158,501
510129161,501
510130383,501
510130387,501
510130399,501
510130454,501
510130487,501
510130505,501
510130510,501
510130515,501
510130535,501
510131789,501
510131817,501
510131834,501
510131842,501
510131871,501
510131877,501
510131878,501
510131881,501
510131886,501
510131909,501
510133132,501
510133137,501
510133138,501
510133142,501
510133143,501
510133144,501
510133145,501
510133148,501
510133154,501
510133244,501
510133251,501
510133253,501
510133265,501
510133287,501
510134513,501
510134527,501
510134559,501
510134629,501
510134638,501
510134643,501
510134646,501
510134653,501
510134658,501
510135923,501
510135932,501
510135952,501
510135993,501
510136018,501
510136021,501
510136027,501
510137314,501
510137327,501
510137333,501
510137379,501
510137382,501
510137389,501
510137394,501
510137415,501
510138654,501
510138666,501
510138706,501
510138711,501
510138717,501
510138757,501
510138758,501
510138760,501
510138766,501
510138773,501
510139692,501
510140020,501
510140040,501
510140122,501
510140131,501
510141393,501
510141395,501
510141396,501
510141411,501
510141458,501
510141461,501
510141465,501
510141507,501
510141509,501
510141521,501
510141531,501
510141537,501
510141543,501
510142770,501
510142833,501
510142834,501
510142874,501
510142889,501
510144214,501
510144215,501
510144259,501
510144274,501
510144278,501
510145530,501
510145548,501
510145585,501
510145594,501
510145646,501
510145658,501
510145670,501
510146899,501
510147001,501
510147002,501
510147007,501
510147021,501
510147022,501
510148275,501
510148279,501
510148319,501
510148343,501
510148398,501
510148403,501
510148404,501
510148405,501
510148406,501
510149717,501
510149759,501
510149765,501
510149768,501
510149783,501
510149790,501
510149793,501
510149801,501
510151097,501
510151159,501
510151168,501
510151172,501
510151174,501
510152469,501
510152470,501
510152508,501
510152520,501
510152533,501
510152537,501
510152550,501
510153783,501
510153912,501
510153913,501
510155161,501
510155222,501
510155289,501
510155301,501
510156532,501
510156540,501
510156599,501
510156661,501
510156676,501
510157910,501
510157912,501
510158036,501
510158048,501
510159285,501
510159288,501
510159293,501
510159419,501
510160661,501
510160663,501
510160791,501
510162036,501
510162041,501
510162042,501
510162152,501
510162165,501
510162166,501
510163411,501
510163548,501
510164789,501
510164802,501
510164832,501
510164854,501
510164930,501
510166295,501
510170428,501
510171682,501
510173053,501
510173172,501
510174421,501
510174551,501
510174556,501
510175797,501
510175814,501
510175927,501
510175932,501
510178676,501
510178690,501
510180055,501
510181428,501
510184071,501
510184183,501
510185468,501
510188311,501
510193815,501
510195191,501
510196567,501
510197819,501
510199191,501
510199196,501
510200571,501
510201947,501
520000062,502
520000101,502
520000179,502
520000201,502
520000327,502
520000375,502
520000538,502
520000583,502
520000593,502
520000737,502
520000744,502
520000825,502
520000924,502
520001085,502
520001142,502
520001150,502
520001202,502
520001230,502
520001355,502
520001815,502
520001868,502
520002040,502
520002147,502
520002248,502
520002273,502
520002274,502
520002320,502
520002328,502
520002338,502
520002371,502
520002425,502
520002624,502
520002625,502
520002650,502
520002701,502
520002851,502
520002877,502
520003015,502
520003018,502
520003044,502
520003094,502
520003146,502
520003151,502
520003207,502
520003304,502
520003314,502
520003348,502
520003422,502
520003598,502
520003850,502
520003991,502
520004016,502
520004270,502
520004316,502
520004375,502
520004505,502
520004630,502
520004677,502
520004813,502
520005092,502
520005262,502
520005312,502
520005462,502
520005548,502
520006174,502
520006203,502
520006379,502
520006496,502
520006764,502
520006996,502
520007163,502
520007387,502
520007456,502
520007743,502
520008127,502
520008164,502
520008397,502
520008661,502
520008720,502
520009039,502
520009042,502
520009047,502
520009190,502
520009247,502
520009642,502
520009689,502
520010014,502
520010233,502
520010252,502
520010960,502
520011044,502
520011053,502
520011138,502
520011194,502
520011212,502
520011291,502
520012135,502
520012145,502
520012188,502
520012201,502
520012268,502
520012599,502
520012909,502
520013087,502
520013089,502
520013093,502
520013106,502
520013153,502
520013890,502
520014499,502
520014574,502
520014728,502
520014864,502
520014935,502
520015499,502
520015986,502
520015995,502
520016522,502
520016526,502
520016822,502
520016825,502
520016852,502
520017792,502
520017798,502
520017801,502
520017851,502
520017895,502
520018031,502
520018478,502
520018824,502
520018853,502
520018896,502
520019438,502
520019753,502
520019798,502
520019840,502
520019844,502
520019864,502
520019901,502
520019903,502
520019928,502
520020377,502
520020729,502
520020730,502
520020774,502
520020785,502
520020787,502
520021359,502
520021405,502
520021700,502
520021701,502
520021702,502
520021756,502
520021763,502
520021787,502
520021834,502
520021887,502
520021908,502
520021932,502
520022134,502
520022671,502
520022707,502
520022766,502
520022855,502
520022856,502
520023335,502
520023652,502
520023713,502
520023714,502
520023715,502
520023727,502
520023743,502
520023745,502
520023750,502
520023794,502
520023834,502
520024299,502
520024489,502
520024491,502
520024496,502
520024636,502
520024681,502
520024682,502
520024685,502
520024716,502
520024720,502
520024730,502
520024757,502
520024770,502
520025308,502
520025608,502
520025658,502
520025662,502
520025666,502
520025724,502
520025773,502
520025779,502
520025809,502
520026282,502
520026442,502
520026575,502
520026596,502
520026611,502
520026632,502
520026634,502
520026638,502
520026641,502
520026668,502
520026671,502
520026723,502
520026747,502
520026749,502
520026752,502
520027239,502
520027260,502
520027426,502
520027546,502
520027587,502
520027591,502
520027642,502
520027649,502
520027659,502
520027727,502
520028169,502
520028215,502
520028400,502
520028578,502
520028592,502
520028596,502
520028617,502
520028623,502
520028670,502
520028694,502
520028707,502
520028742,502
520029191,502
520029520,502
520029526,502
520029541,502
520029572,502
520029603,502
520029613,502
520029628,502
520029677,502
520029690,502
520029779,502
520029787,502
520030121,502
520030123,502
520030165,502
520030169,502
520030174,502
520030188,502
520030346,502
520030347,502
520030484,502
520030568,502
520030574,502
520030581,502
520030614,502
520030657,502
520031096,502
520031141,502
520031159,502
520031330,502
520031410,502
520031428,502
520031434,502
520031459,502
520031460,502
520031499,502
520031508,502
520031543,502
520031546,502
520031548,502
520031557,502
520031558,502
520031610,502
520031630,502
520031632,502
520031637,502
520031747,502
520032059,502
520032308,502
520032328,502
520032413,502
520032426,502
520032488,502
520032502,502
520032523,502
520032527,502
520032553,502
520032554,502
520032585,502
520032586,502
520032611,502
520032618,502
520032662,502
520032716,502
520033092,502
520033099,502
520033281,502
520033287,502
520033373,502
520033392,502
520033404,502
520033441,502
520033456,502
520033457,502
520033459,502
520033467,502
520033476,502
520033503,502
520033507,502
520033513,502
520033556,502
520033581,502
520033598,502
520034029,502
520034036,502
520034083,502
520034092,502
520034252,502
520034255,502
520034290,502
520034374,502
520034380,502
520034383,502
520034452,502
520034495,502
520034537,502
520034538,502
520034543,502
520034544,502
520034570,502
520034574,502
520034580,502
520035044,502
520035233,502
520035274,502
520035352,502
520035401,502
520035412,502
520035450,502
520035451,502
520035459,502
520035486,502
520036023,502
520036042,502
520036043,502
520036212,502
520036276,502
520036308,502
520036328,502
520036344,502
520036383,502
520036388,502
520036391,502
520036393,502
520036400,502
520036423,502
520036435,502
520036454,502
520036474,502
520036489,502
520036506,502
520036513,502
520036524,502
520036536,502
520036981,502
520037005,502
520037014,502
520037019,502
520037196,502
520037265,502
520037299,502
520037320,502
520037339,502
520037343,502
520037363,502
520037368,502
520037369,502
520037381,502
520037434,502
520037459,502
520037460,502
520037475,502
520037488,502
520037489,502
520037973,502
520037978,502
520037992,502
520037995,502
520038162,502
520038253,502
520038264,502
520038276,502
520038326,502
520038344,502
520038350,502
520038357,502
520038435,502
520038448,502
520038467,502
520038477,502
520038478,502
520038520,502
520038551,502
520038955,502
520039171,502
520039234,502
520039259,502
520039290,502
520039297,502
520039301,502
520039349,502
520039367,502
520039377,502
520039386,502
520039399,502
520039416,502
520039422,502
520039434,502
520039442,502
520039496,502
520039538,502
520039912,502
520039925,502
520039929,502
520039946,502
520040111,502
520040138,502
520040172,502
520040174,502
520040250,502
520040289,502
520040319,502
520040321,502
520040323,502
520040370,502
520040379,502
520040393,502
520040400,502
520040409,502
520040410,502
520040412,502
520040417,502
520040421,502
520040427,502
520040504,502
520040536,502
520040890,502
520040895,502
520040912,502
520041127,502
520041180,502
520041196,502
520041202,502
520041253,502
520041256,502
520041298,502
520041337,502
520041338,502
520041361,502
520041369,502
520041370,502
520041387,502
520041396,502
520041397,502
520041403,502
520041414,502
520041416,502
520041477,502
520041852,502
520041868,502
520041881,502
520041890,502
520041896,502
520041897,502
520041898,502
520042063,502
520042065,502
520042122,502
520042178,502
520042215,502
520042225,502
520042246,502
520042261,502
520042262,502
520042267,502
520042271,502
520042273,502
520042274,502
520042278,502
520042312,502
520042317,502
520042347,502
520042352,502
520042361,502
520042373,502
520042375,502
520042383,502
520042444,502
520042636,502
520042861,502
520042864,502
520042871,502
520042875,502
520043058,502
520043074,502
520043092,502
520043114,502
520043115,502
520043137,502
520043138,502
520043150,502
520043210,502
520043222,502
520043228,502
520043238,502
520043269,502
520043289,502
520043290,502
520043303,502
520043313,502
520043316,502
520043317,502
520043334,502
520043343,502
520043350,502
520043351,502
520043358,502
520043419,502
520043432,502
520043470,502
520043782,502
520043838,502
520043840,502
520043851,502
520044111,502
520044136,502
520044142,502
520044183,502
520044193,502
520044213,502
520044216,502
520044224,502
520044232,502
520044249,502
520044268,502
520044277,502
520044279,502
520044288,502
520044291,502
520044293,502
520044294,502
520044300,502
520044310,502
520044314,502
520044324,502
520044325,502
520044326,502
520044340,502
520044369,502
520044400,502
520044408,502
520044410,502
520044795,502
520044813,502
520044824,502
520044826,502
520044827,502
520045112,502
520045153,502
520045159,502
520045169,502
520045170,502
520045175,502
520045189,502
520045222,502
520045269,502
520045271,502
520045273,502
520045285,502
520045287,502
520045291,502
520045292,502
520045319,502
520045764,502
520045767,502
520045768,502
520045769,502
520045771,502
520045772,502
520045788,502
520045970,502
520045976,502
520045995,502
520046022,502
520046038,502
520046043,502
520046052,502
520046057,502
520046128,502
520046129,502
520046133,502
520046135,502
520046151,502
520046171,502
520046172,502
520046184,502
520046198,502
520046217,502
520046220,502
520046222,502
520046228,502
520046242,502
520046248,502
520046252,502
520046254,502
520046255,502
520046266,502
520046271,502
520046277,502
520046285,502
520046362,502
520046743,502
520046752,502
520046756,502
520046761,502
520046771,502
520046775,502
520046777,502
520046983,502
520047010,502
520047037,502
520047057,502
520047065,502
520047095,502
520047110,502
520047118,502
520047121,502
520047141,502
520047143,502
520047150,502
520047154,502
520047174,502
520047180,502
520047199,502
520047217,502
520047241,502
520047246,502
520047264,502
520047708,502
520047721,502
520047747,502
520048076,502
520048087,502
520048088,502
520048099,502
520048118,502
520048130,502
520048154,502
520048168,502
520048169,502
520048171,502
520048180,502
520048194,502
520048203,502
520048204,502
520048207,502
520048214,502
520048216,502
520048232,502
520048250,502
520048310,502
520048702,502
520048727,502
520048728,502
520048918,502
520048967,502
520049019,502
520049040,502
520049094,502
520049098,502
520049099,502
520049105,502
520049106,502
520049110,502
520049132,502
520049167,502
520049218,502
520049222,502
520049285,502
520049288,502
520049290,502
520049292,502
520049294,502
520049323,502
520049660,502
520049669,502
520049681,502
520049699,502
520049912,502
520050010,502
520050028,502
520050038,502
520050039,502
520050051,502
520050054,502
520050070,502
520050071,502
520050085,502
520050106,502
520050120,502
520050122,502
520050123,502
520050127,502
520050150,502
520050158,502
520050164,502
520050177,502
520050185,502
520050191,502
520050193,502
520050194,502
520050196,502
520050205,502
520050261,502
520050268,502
520050613,502
520050614,502
520050645,502
520050646,502
520050647,502
520050671,502
520050676,502
520050847,502
520050861,502
520050870,502
520050922,502
520050967,502
520050969,502
520050998,502
520051015,502
520051054,502
520051111,502
520051117,502
520051131,502
520051132,502
520051139,502
520051143,502
520051226,502
520051265,502
520051597,502
520051621,502
520051624,502
520051627,502
520051641,502
520051652,502
520051656,502
520051927,502
520051928,502
520051935,502
520051971,502
520051982,502
520051991,502
520052025,502
520052032,502
520052067,502
520052075,502
520052077,502
520052084,502
520052097,502
520052098,502
520052104,502
520052110,502
520052116,502
520052119,502
520052141,502
520052143,502
520052146,502
520052150,502
520052152,502
520052157,502
520052212,502
520052213,502
520052252,502
520052601,502
520052604,502
520052608,502
520052625,502
520052869,502
520052876,502
520052953,502
520052958,502
520053001,502
520053008,502
520053011,502
520053049,502
520053055,502
520053057,502
520053060,502
520053063,502
520053065,502
520053066,502
520053072,502
520053078,502
520053080,502
520053109,502
520053113,502
520053117,502
520053131,502
520053136,502
520053179,502
520053222,502
520053586,502
520053785,502
520053830,502
520053842,502
520053916,502
520053918,502
520053924,502
520053932,502
520053944,502
520053948,502
520053949,502
520053977,502
520053978,502
520053981,502
520054016,502
520054021,502
520054023,502
520054030,502
520054037,502
520054038,502
520054039,502
520054055,502
520054060,502
520054165,502
520054173,502
520054190,502
520054235,502
520054537,502
520054545,502
520054547,502
520054574,502
520054766,502
520054803,502
520054822,502
520054865,502
520054867,502
520054903,502
520054904,502
520054908,502
520054921,502
520054992,502
520055000,502
520055001,502
520055004,502
520055009,502
520055021,502
520055022,502
520055024,502
520055025,502
520055030,502
520055036,502
520055039,502
520055079,502
520055082,502
520055083,502
520055132,502
520055135,502
520055178,502
520055203,502
520055551,502
520055552,502
520055554,502
520055872,502
520055873,502
520055879,502
520055926,502
520055928,502
520055930,502
520055933,502
520055960,502
520055984,502
520055985,502
520055990,502
520056002,502
520056006,502
520056012,502
520056017,502
520056048,502
520056055,502
520056120,502
520056150,502
520056515,502
520056527,502
520056528,502
520056533,502
520056535,502
520056736,502
520056759,502
520056768,502
520056777,502
520056785,502
520056812,502
520056844,502
520056855,502
520056857,502
520056860,502
520056861,502
520056871,502
520056874,502
520056906,502
520056908,502
520056935,502
520056938,502
520056965,502
520056969,502
520056978,502
520056997,502
520057016,502
520057026,502
520057027,502
520057039,502
520057093,502
520057095,502
520057097,502
520057119,502
520057467,502
520057471,502
520057477,502
520057478,502
520057482,502
520057486,502
520057487,502
520057500,502
520057506,502
520057714,502
520057837,502
520057888,502
520057912,502
520057937,502
520057964,502
520057965,502
520057972,502
520058000,502
520058011,502
520058441,502
520058461,502
520058466,502
520058485,502
520058806,502
520058828,502
520058856,502
520058893,502
520058898,502
520058908,502
520058922,502
520058935,502
520058946,502
520058951,502
520058978,502
520058990,502
520059044,502
520059107,502
520059432,502
520059434,502
520059437,502
520059440,502
520059454,502
520059459,502
520059780,502
520059830,502
520059835,502
520059863,502
520059869,502
520059883,502
520059888,502
520059892,502
520059893,502
520059906,502
520059921,502
520059962,502
520059964,502
520059967,502
520059972,502
520060012,502
520060014,502
520060057,502
520060392,502
520060399,502
520060407,502
520060412,502
520060419,502
520060431,502
520060437,502
520060657,502
520060723,502
520060752,502
520060812,502
520060847,502
520060852,502
520060860,502
520060863,502
520060867,502
520060869,502
520060876,502
520060879,502
520060900,502
520060938,502
520060947,502
520060978,502
520061026,502
520061368,502
520061371,502
520061374,502
520061378,502
520061381,502
520061394,502
520061410,502
520061411,502
520061609,502
520061626,502
520061725,502
520061739,502
520061795,502
520061820,502
520061822,502
520061828,502
520061848,502
520061849,502
520061851,502
520061852,502
520061854,502
520061868,502
520061878,502
520061917,502
520061918,502
520061921,502
520061957,502
520061962,502
520061964,502
520061965,502
520061969,502
520061970,502
520061972,502
520061982,502
520062009,502
520062011,502
520062344,502
520062359,502
520062368,502
520062371,502
520062565,502
520062622,502
520062648,502
520062708,502
520062715,502
520062763,502
520062800,502
520062807,502
520062819,502
520062830,502
520062891,502
520062942,502
520062956,502
520062967,502
520062971,502
520062984,502
520062990,502
520063329,502
520063333,502
520063344,502
520063566,502
520063605,502
520063608,502
520063613,502
520063690,502
520063768,502
520063774,502
520063783,502
520063788,502
520063791,502
520063795,502
520063806,502
520063820,502
520063827,502
520063832,502
520063915,502
520063920,502
520063932,502
520063935,502
520063957,502
520063964,502
520063965,502
520064307,502
520064308,502
520064335,502
520064560,502
520064599,502
520064669,502
520064752,502
520064755,502
520064767,502
520064770,502
520064772,502
520064779,502
520064804,502
520064824,502
520064835,502
520064837,502
520064843,502
520064879,502
520064881,502
520064907,502
520064911,502
520064912,502
520064936,502
520064940,502
520064941,502
520064942,502
520064965,502
520065276,502
520065638,502
520065731,502
520065758,502
520065808,502
520065817,502
520065824,502
520065868,502
520065872,502
520065873,502
520065883,502
520065886,502
520065895,502
520065959,502
520066269,502
520066273,502
520066534,502
520066583,502
520066606,502
520066613,502
520066615,502
520066715,502
520066720,502
520066725,502
520066734,502
520066757,502
520066776,502
520066798,502
520066799,502
520066801,502
520066828,502
520066832,502
520066851,502
520066862,502
520066864,502
520067590,502
520067591,502
520067592,502
520067594,502
520067607,502
520067642,502
520067654,502
520067687,502
520067691,502
520067782,502
520067811,502
520067827,502
520067837,502
520067843,502
520067858,502
520067870,502
520067872,502
520068186,502
520068199,502
520068222,502
520068453,502
520068568,502
520068570,502
520068628,502
520068659,502
520068672,502
520068675,502
520068681,502
520068739,502
520068750,502
520068753,502
520068815,502
520068822,502
520068827,502
520069433,502
520069541,502
520069544,502
520069562,502
520069649,502
520069651,502
520069704,502
520069715,502
520069756,502
520069767,502
520069787,502
520069795,502
520069808,502
520069810,502
520069820,502
520069892,502
520070178,502
520070197,502
520070412,502
520070487,502
520070522,502
520070523,502
520070524,502
520070607,502
520070624,502
520070625,502
520070635,502
520070653,502
520070688,502
520070734,502
520070753,502
520070776,502
520070788,502
520070795,502
520071125,502
520071132,502
520071138,502
520071495,502
520071497,502
520071500,502
520071584,502
520071604,502
520071635,502
520071664,502
520071717,502
520071721,502
520071726,502
520071757,502
520071759,502
520071760,502
520072109,502
520072115,502
520072323,502
520072347,502
520072353,502
520072469,502
520072470,502
520072584,502
520072585,502
520072591,502
520072643,502
520072654,502
520072699,502
520073075,502
520073084,502
520073102,502
520073105,502
520073446,502
520073447,502
520073495,502
520073563,502
520073567,502
520073585,502
520073634,502
520073668,502
520073669,502
520073672,502
520073677,502
520073708,502
520073711,502
520073722,502
520074048,502
520074058,502
520074060,502
520074101,502
520074360,502
520074421,502
520074427,502
520074543,502
520074612,502
520074641,502
520074666,502
520074690,502
520074692,502
520074693,502
520074694,502
520075512,502
520075515,502
520075519,502
520075571,502
520075573,502
520075582,502
520075587,502
520075596,502
520075617,502
520075625,502
520075664,502
520075723,502
520076035,502
520076300,502
520076373,502
520076377,502
520076459,502
520076461,502
520076468,502
520076586,502
520076589,502
520076609,502
520076621,502
520076624,502
520076641,502
520076646,502
520076680,502
520076980,502
520076990,502
520077011,502
520077290,502
520077348,502
520077351,502
520077399,502
520077467,502
520077533,502
520077536,502
520077571,502
520077935,502
520077961,502
520078327,502
520078329,502
520078468,502
520078577,502
520078583,502
520078607,502
520078659,502
520078931,502
520079321,502
520079392,502
520079441,502
520079442,502
520079493,502
520079498,502
520079528,502
520079569,502
520079573,502
520079583,502
520079665,502
520079908,502
520080204,502
520080214,502
520080365,502
520080369,502
520080394,502
520080496,502
520080503,502
520080510,502
520080528,502
520080543,502
520080551,502
520080881,502
520080888,502
520080889,502
520081183,502
520081246,502
520081250,502
520081256,502
520081348,502
520081480,502
520081487,502
520081489,502
520081499,502
520081508,502
520081525,502
520081533,502
520081551,502
520081854,502
520082324,502
520082345,502
520082424,502
520082426,502
520082441,502
520082445,502
520082446,502
520082480,502
520082484,502
520082489,502
520082496,502
520082532,502
520082833,502
520082837,502
520083300,502
520083402,502
520083420,502
520083441,502
520083470,502
520083473,502
520083474,502
520083532,502
520083536,502
520083805,502
520084370,502
520084396,502
520084403,502
520084410,502
520084418,502
520084433,502
520084434,502
520084442,502
520084446,502
520084447,502
520084484,502
520084515,502
520084782,502
520084786,502
520084788,502
520085161,502
520085343,502
520085346,502
520085377,502
520085382,502
520085386,502
520085396,502
520085410,502
520085420,502
520085424,502
520085425,502
520085507,502
520086137,502
520086323,502
520086355,502
520086384,502
520086406,502
520086411,502
520086415,502
520086448,502
520087201,502
520087296,502
520087361,502
520087362,502
520087379,502
520087385,502
520087411,502
520087462,502
520087706,502
520087718,502
520087731,502
520088078,502
520088089,502
520088269,502
520088280,502
520088335,502
520088347,502
520088348,502
520088355,502
520088356,502
520088357,502
520088392,502
520088686,502
520088694,502
520089064,502
520089153,502
520089297,502
520089331,502
520089335,502
520089351,502
520089379,502
520089383,502
520089424,502
520090240,502
520090265,502
520090271,502
520090291,502
520090303,502
520090345,502
520090650,502
520091013,502
520091017,502
520091294,502
520091337,502
520092081,502
520092180,502
520092199,502
520092204,502
520092237,502
520092248,502
520092263,502
520092267,502
520092271,502
520092329,502
520092596,502
520092599,502
520093167,502
520093228,502
520093321,502
520093566,502
520093941,502
520094145,502
520094166,502
520094191,502
520094539,502
520094920,502
520095168,502
520095194,502
520095217,502
520095218,502
520095225,502
520095230,502
520095254,502
520095520,502
520095527,502
520096009,502
520096088,502
520096089,502
520096092,502
520096139,502
520096174,502
520096190,502
520096210,502
520096224,502
520096244,502
520097057,502
520097084,502
520097119,502
520097170,502
520097474,502
520098096,502
520098097,502
520098101,502
520098116,502
520098121,502
520098447,502
520098451,502
520099034,502
520099427,502
520099430,502
520099985,502
520100012,502
520100014,502
520100106,502
520100390,502
520100398,502
520100400,502
520100961,502
520100973,502
520101059,502
520101066,502
520101071,502
520101082,502
520101105,502
520101382,502
520101746,502
520101956,502
520101967,502
520101977,502
520102020,502
520102045,502
520102053,502
520102075,502
520102343,502
520102951,502
520103027,502
520103698,502
520103896,502
520103947,502
520103953,502
520103972,502
520103999,502
520104031,502
520104049,502
520104884,502
520104900,502
520104970,502
520104977,502
520105007,502
520105266,502
520105279,502
520105868,502
520105936,502
520105954,502
520105983,502
520106246,502
520106823,502
520106926,502
520107238,502
520107821,502
520107892,502
520107916,502
520107935,502
520108780,502
520108791,502
520108867,502
520108885,502
520108892,502
520109183,502
520109756,502
520109767,502
520109885,502
520110785,502
520110856,502
520110861,502
520111110,502
520111708,502
520111720,502
520111794,502
520112108,502
520112685,502
520112696,502
520112738,502
520112740,502
520112803,502
520112815,502
520112851,502
520113656,502
520113658,502
520113800,502
520113807,502
520114058,502
520114059,502
520114062,502
520114064,502
520114646,502
520114708,502
520114742,502
520115039,502
520115613,502
520115676,502
520115696,502
520115724,502
520115740,502
520116585,502
520116592,502
520116985,502
520117560,502
520117673,502
520117691,502
520117701,502
520117732,502
520118544,502
520118697,502
520119652,502
520119921,502
520120492,502
520120496,502
520120504,502
520121465,502
520121556,502
520121563,502
520121593,502
520121862,502
520121863,502
520122501,502
520122620,502
520122623,502
520122768,502
520122833,502
520122840,502
520122845,502
520123425,502
520123548,502
520123563,502
520123580,502
520123826,502
520124494,502
520124524,502
520124526,502
520124787,502
520124788,502
520125444,502
520125502,502
520125506,502
520125545,502
520125761,502
520125775,502
520126359,502
520126470,502
520126518,502
520126521,502
520126743,502
520127334,502
520127337,502
520127474,502
520127502,502
520127686,502
520127719,502
520127724,502
520128297,502
520128314,502
520128428,502
520128451,502
520129286,502
520129348,502
520129459,502
520129672,502
520130359,502
520130431,502
520130654,502
520131228,502
520131341,502
520131383,502
520131620,502
520132311,502
520132415,502
520133179,502
520133182,502
520133281,502
520133297,502
520133308,502
520133358,502
520133572,502
520134318,502
520134544,502
520135223,502
520135254,502
520135296,502
520135298,502
520136267,502
520136448,502
520136499,502
520136505,502
520137086,502
520137181,502
520137225,502
520138062,502
520138181,502
520138230,502
520138236,502
520138257,502
520138452,502
520139179,502
520139212,502
520139233,502
520139432,502
520142114,502
520142152,502
520142357,502
520143092,502
520143111,502
520143333,502
520143918,502
520144052,502
520144309,502
520145018,502
520145061,502
520145875,502
520145881,502
520146030,502
520146067,502
520146857,502
520146936,502
520146968,502
520146970,502
520147018,502
520147019,502
520147946,502
520147964,502
520148215,502
520148951,502
520148973,502
520149190,502
520149895,502
520150845,502
520150918,502
520151138,502
520151141,502
520151843,502
520151851,502
520151866,502
520152045,502
520152115,502
520152837,502
520152873,502
520153084,502
520153093,502
520153823,502
520154798,502
520155768,502
520155776,502
520155816,502
520156782,502
520156787,502
520156904,502
520156990,502
520157713,502
520157739,502
520157973,502
520158559,502
520158683,502
520158939,502
520158945,502
520159658,502
520159700,502
520160724,502
520160878,502
520160887,502
520160898,502
520161656,502
520161874,502
520162780,502
520163562,502
520163821,502
520164803,502
520164806,502
520165390,502
520165508,502
520165535,502
520165699,502
520166547,502
520166576,502
520167347,502
520167526,502
520167725,502
520168323,502
520168700,502
520168707,502
520170394,502
520170469,502
520170648,502
520170657,502
520171631,502
520172559,502
520172612,502
520173367,502
520173378,502
520173401,502
520173473,502
520173589,502
520174354,502
520174466,502
520174565,502
520175298,502
520175427,502
520175531,502
520175533,502
520176311,502
520176451,502
520176492,502
520177275,502
520177401,502
520177488,502
520179327,502
520179354,502
520179432,502
520180208,502
520180243,502
520181182,502
520181390,502
520182227,502
520182263,502
520182285,502
520182356,502
520183247,502
520183255,502
520183348,502
520185289,502
520185300,502
520185301,502
520186064,502
520186139,502
520187164,502
520187252,502
520187983,502
520188079,502
520188114,502
520188156,502
520189112,502
520189196,502
520189989,502
520190014,502
520190016,502
520190027,502
520190172,502
520190983,502
520191090,502
520191148,502
520191155,502
520192911,502
520192924,502
520192960,502
520193011,502
520193093,502
520194959,502
520194972,502
520195045,502
520195861,502
520196032,502
520196793,502
520196824,502
520196918,502
520196998,502
520197010,502
520197847,502
520197892,502
520197927,502
520198752,502
520198829,502
520198834,502
520198866,502
520198903,502
520198941,502
520199729,502
520199818,502
520199897,502
520200748,502
520200787,502
520200866,502
520200872,502
520200900,502
520200913,502
520201694,502
520201871,502
520201887,502
520201888,502
520202701,502
520202761,502
520202776,502
520203673,502
520203825,502
520203831,502
520204688,502
520204695,502
520204736,502
520204792,502
520204815,502
520205590,502
520205595,502
520205607,502
520205638,502
520205786,502
520205789,502
520205792,502
520206676,502
520206687,502
520207546,502
520207573,502
520207651,502
520207740,502
520208703,502
520208717,502
520208724,502
520209489,502
520209497,502
520209644,502
520209696,502
520210659,502
520210669,502
520210671,502
520211467,502
520211469,502
520211477,502
520211566,502
520212514,502
520212536,502
520212564,502
520212624,502
520213389,502
520213505,502
520213530,502
520214494,502
520214564,502
520215356,502
520215435,502
520215458,502
520215549,502
520216487,502
520217405,502
520217466,502
520218298,502
520218381,502
520218397,502
520218456,502
520219259,502
520219293,502
520219329,502
520219408,502
520219435,502
520219443,502
520219445,502
520219449,502
520220384,502
520221338,502
520221376,502
520222235,502
520222314,502
520222316,502
520223198,502
520223292,502
520223315,502
520223352,502
520224229,502
520224246,502
520224287,502
520225292,502
520226143,502
520226193,502
520226201,502
520226227,502
520226249,502
520226259,502
520226277,502
520226287,502
520227102,502
520227239,502
520228075,502
520228154,502
520228163,502
520228176,502
520228184,502
520228191,502
520228211,502
520228241,502
520229082,502
520229096,502
520229138,502
520229169,502
520229188,502
520230027,502
520230048,502
520230065,502
520230110,502
520230136,502
520230186,502
520230955,502
520231002,502
520231017,502
520231057,502
520231115,502
520231156,502
520231974,502
520232946,502
520232992,502
520233034,502
520233077,502
520233106,502
520233926,502
520233982,502
520233986,502
520234042,502
520234074,502
520234075,502
520234946,502
520234968,502
520234992,502
520235034,502
520235043,502
520235059,502
520235855,502
520235885,502
520235888,502
520235952,502
520235959,502
520235974,502
520236854,502
520236919,502
520236937,502
520236951,502
520236960,502
520236987,502
520237830,502
520237876,502
520237897,502
520237927,502
520237941,502
520237999,502
520238780,502
520238885,502
520238900,502
520238926,502
520239766,502
520239874,502
520239938,502
520239942,502
520240767,502
520240789,502
520240878,502
520240914,502
520241755,502
520241776,502
520241803,502
520241806,502
520241819,502
520241851,502
520241878,502
520242712,502
520242714,502
520242731,502
520242755,502
520242792,502
520242835,502
520242856,502
520242857,502
520243696,502
520243756,502
520244768,502
520244774,502
520244816,502
520245639,502
520245642,502
520245661,502
520245681,502
520245695,502
520245750,502
520245756,502
520245794,502
520245802,502
520246633,502
520246641,502
520246657,502
520246702,502
520247611,502
520247633,502
520247636,502
520247637,502
520248712,502
520249594,502
520249644,502
520249647,502
520250595,502
520250620,502
520250639,502
520250667,502
520250677,502
520251472,502
520251495,502
520252554,502
520253469,502
520253585,502
520254423,502
520254509,502
520254527,502
520254545,502
520254546,502
520254579,502
520255495,502
520256377,502
520256388,502
520256462,502
520256499,502
520256519,502
520256541,502
520257365,502
520257433,502
520257453,502
520257459,502
520258398,502
520258424,502
520258430,502
520258431,502
520258434,502
520258441,502
520258463,502
520258481,502
520259374,502
520259424,502
520259460,502
520260432,502
520261284,502
520261334,502
520261340,502
520261342,502
520261355,502
520261356,502
520261374,502
520261400,502
520262310,502
520262342,502
520262345,502
520263214,502
520263236,502
520263276,502
520263286,502
520263303,502
520263313,502
520264182,502
520264232,502
520264235,502
520264261,502
520264304,502
520264337,502
520264340,502
520266126,502
520266181,502
520266208,502
520266225,502
520266242,502
520266253,502
520266271,502
520267122,502
520267208,502
520267233,502
520268098,502
520268108,502
520268164,502
520268199,502
520268232,502
520269081,502
520269107,502
520269109,502
520269218,502
520271042,502
520271064,502
520271115,502
520271141,502
520272076,502
520272082,502
520273006,502
520273051,502
520273059,502
520273986,502
520274006,502
520274027,502
520274035,502
520274083,502
520274957,502
520275034,502
520275047,502
520275928,502
520276873,502
520276883,502
520276909,502
520276949,502
520276957,502
520276972,502
520277003,502
520277018,502
520277849,502
520277868,502
520277888,502
520277924,502
520277933,502
520277938,502
520277946,502
520278906,502
520278934,502
520278956,502
520278959,502
520279809,502
520279840,502
520279846,502
520279888,502
520279892,502
520279896,502
520280770,502
520280819,502
520280824,502
520280871,502
520280893,502
520281865,502
520281898,502
520282737,502
520282748,502
520282769,502
520282771,502
520282815,502
520282845,502
520282852,502
520283698,502
520283788,502
520283789,502
520283790,502
520283813,502
520284693,502
520284736,502
520284762,502
520284780,502
520284799,502
520285658,502
520285731,502
520285739,502
520285755,502
520285761,502
520285772,502
520286750,502
520286751,502
520286755,502
520287721,502
520287753,502
520287760,502
520288591,502
520288665,502
520288673,502
520288680,502
520288738,502
520289571,502
520289579,502
520289587,502
520289651,502
520290537,502
520290563,502
520290589,502
520290600,502
520290624,502
520290627,502
520291526,502
520291600,502
520291605,502
520291662,502
520292494,502
520292528,502
520292581,502
520292582,502
520293530,502
520293551,502
520293562,502
520293577,502
520293612,502
520293615,502
520294538,502
520294539,502
520294591,502
520294594,502
520295436,502
520295455,502
520295498,502
520295505,502
520295513,502
520295523,502
520295527,502
520296387,502
520296543,502
520297389,502
520297464,502
520297487,502
520297512,502
520298389,502
520298404,502
520298429,502
520298433,502
520298444,502
520299338,502
520299352,502
520299400,502
520299404,502
520300333,502
520301316,502
520301368,502
520301424,502
520302263,502
520302405,502
520303248,502
520303259,502
520303298,502
520303381,502
520304204,502
520304284,502
520304311,502
520304340,502
520304357,502
520305200,502
520305330,502
520305333,502
520306176,502
520306192,502
520306194,502
520306259,502
520307165,502
520307215,502
520307216,502
520307279,502
520308189,502
520308203,502
520308261,502
520309165,502
520309210,502
520310084,502
520310092,502
520310151,502
520310155,502
520310161,502
520311120,502
520311148,502
520312044,502
520312105,502
520312124,502
520312146,502
520312997,502
520313001,502
520313007,502
520313114,502
520313968,502
520313972,502
520313997,502
520314002,502
520314093,502
520314961,502
520314973,502
520315005,502
520315027,502
520315937,502
520316007,502
520316060,502
520316913,502
520316927,502
520316928,502
520317895,502
520317897,502
520317903,502
520317967,502
520317979,502
520318014,502
520318862,502
520318863,502
520318879,502
520318946,502
520318954,502
520318966,502
520318969,502
520319912,502
520319941,502
520320816,502
520320834,502
520320875,502
520320876,502
520320905,502
520320908,502
520320909,502
520320919,502
520320922,502
520321795,502
520321809,502
520321852,502
520321853,502
520321855,502
520321885,502
520321914,502
520321921,502
520322789,502
520322829,502
520322861,502
520323718,502
520323741,502
520323837,502
520325686,502
520325693,502
520325762,502
520326653,502
520326733,502
520326763,502
520327622,502
520327637,502
520327685,502
520327728,502
520328599,502
520328709,502
520328712,502
520329667,502
520329680,502
520329688,502
520329693,502
520329727,502
520330555,502
520330590,502
520330655,502
520330656,502
520331566,502
520331672,502
520332517,502
520332532,502
520332538,502
520333518,502
520333564,502
520333592,502
520334481,502
520334540,502
520334559,502
520334607,502
520335444,502
520335534,502
520335579,502
520336505,502
520337487,502
520337490,502
520338463,502
520338484,502
520339365,502
520339440,502
520340334,502
520340339,502
520340416,502
520341309,502
520341317,502
520341372,502
520341389,502
520342299,502
520342301,502
520342367,502
520342411,502
520343324,502
520343332,502
520343391,502
520344329,502
520345213,502
520345335,502
520346186,502
520346189,502
520346263,502
520346313,502
520347165,502
520347167,502
520347296,502
520348141,502
520348226,502
520348266,502
520349215,502
520350092,502
520350110,502
520350206,502
520350219,502
520351161,502
520352028,502
520352046,502
520352062,502
520353110,502
520353978,502
520354007,502
520354014,502
520354060,502
520355050,502
520355070,502
520356908,502
520356915,502
520356944,502
520357020,502
520357970,502
520357981,502
520358877,502
520358893,502
520358895,502
520359872,502
520359973,502
520360811,502
520360828,502
520360830,502
520360833,502
520362782,502
520362848,502
520362859,502
520362866,502
520363758,502
520363763,502
520364728,502
520364801,502
520365691,502
520365790,502
520366749,502
520367646,502
520367670,502
520367671,502
520368759,502
520369677,502
520370587,502
520371571,502
520372544,502
520372547,502
520374495,502
520377438,502
520377503,502
520378397,502
520379379,502
520379381,502
520380357,502
520380469,502
520381312,502
520381340,502
520381406,502
520383345,502
520384262,502
520384273,502
520385224,502
520385235,502
520385247,502
520387189,502
520388161,502
520389149,502
520391090,502
520391093,502
520392066,502
520394029,502
520394995,502
520395981,502
520396936,502
520396939,502
520396946,502
520397922,502
520397927,502
520400844,502
520401893,502
520402790,502
520403787,502
520407681,502
520408749,502
520409645,502
520412574,502
520414512,502
520416468,502
520418414,502
520419393,502
520420382,502
520423298,502
520424273,502
520424283,502
520426227,502
520427202,502
520427213,502
520429167,502
520431100,502
520436958,502
520436962,502
520443794,502
520445741,502
520453554,502
520458442,502
520463325,502
520470145,502
520471133,502
520481857,502
520505282,502
520507234,502
520512121,502
530000017,503
530000052,503
530000063,503
530000220,503
530000226,503
530000247,503
530000253,503
530000329,503
530000373,503
530000496,503
530000554,503
530000559,503
530000616,503
530000696,503
530000727,503
530000732,503
530000832,503
530001005,503
530001388,503
530001404,503
530001418,503
530001421,503
530001430,503
530001556,503
530001567,503
530001594,503
530001596,503
530001608,503
530001621,503
530001666,503
530001845,503
530001847,503
530001868,503
530001926,503
530001936,503
530002632,503
530002643,503
530002702,503
530002703,503
530002742,503
530002772,503
530002802,503
530002809,503
530002810,503
530002820,503
530002826,503
530002829,503
530002908,503
530002962,503
530002963,503
530002972,503
530002976,503
530002993,503
530002996,503
530003005,503
530003008,503
530003354,503
530003362,503
530003498,503
530003964,503
530004019,503
530004074,503
530004098,503
530004143,503
530004149,503
530004166,503
530004184,503
530004222,503
530004371,503
530004378,503
530004456,503
530004600,503
530004743,503
530004845,503
530004974,503
530005370,503
530005391,503
530005399,503
530005460,503
530005464,503
530005552,503
530005558,503
530005599,503
530005605,503
530005606,503
530005622,503
530005670,503
530005671,503
530005673,503
530005679,503
530005682,503
530005718,503
530005761,503
530005786,503
530005834,503
530005889,503
530005994,503
530006032,503
530006089,503
530006347,503
530006741,503
530006932,503
530006934,503
530006966,503
530006972,503
530006987,503
530007000,503
530007058,503
530007068,503
530007073,503
530007086,503
530007166,503
530007400,503
530007403,503
530007407,503
530007408,503
530007410,503
530007488,503
530007545,503
530007706,503
530007709,503
530007900,503
530008117,503
530008220,503
530008282,503
530008291,503
530008363,503
530008367,503
530008370,503
530008397,503
530008403,503
530008425,503
530008439,503
530008456,503
530008462,503
530008466,503
530008518,503
530008677,503
530008816,503
530009041,503
530009485,503
530009490,503
530009492,503
530009518,503
530009739,503
530009767,503
530009775,503
530009781,503
530009785,503
530009798,503
530009802,503
530009845,503
530009891,503
530009894,503
530009914,503
530009925,503
530009929,503
530010145,503
530010212,503
530010861,503
530010972,503
530011120,503
530011130,503
530011140,503
530011169,503
530011174,503
530011208,503
530011219,503
530011284,503
530011299,503
530011305,503
530011538,503
530011587,503
530012228,503
530012235,503
530012265,503
530012352,503
530012495,503
530012502,503
530012524,503
530012537,503
530012538,503
530012545,503
530012574,503
530012591,503
530012660,503
530012662,503
530012663,503
530012666,503
530012695,503
530012934,503
530013413,503
530013527,503
530013608,503
530013610,503
530013620,503
530013638,503
530013728,503
530013881,503
530013955,503
530014018,503
530014036,503
530014043,503
530014047,503
530014050,503
530014057,503
530014071,503
530014222,503
530014329,503
530014342,503
530014915,503
530014999,503
530015000,503
530015248,503
530015278,503
530015284,503
530015425,503
530015426,503
530015428,503
530015453,503
530015718,503
530015730,503
530016363,503
530016367,503
530016380,503
530016390,503
530016395,503
530016635,503
530016636,503
530016665,503
530016715,503
530016773,503
530016782,503
530016792,503
530016799,503
530016801,503
530016802,503
530016815,503
530016818,503
530016829,503
530017056,503
530017545,503
530017747,503
530017750,503
530017754,503
530017756,503
530018048,503
530018158,503
530018172,503
530018176,503
530018177,503
530018181,503
530018191,503
530018195,503
530018199,503
530018202,503
530019073,503
530019126,503
530019136,503
530019141,503
530019401,503
530019410,503
530019412,503
530019544,503
530019553,503
530019575,503
530019854,503
530020481,503
530020502,503
530020788,503
530020906,503
530020911,503
530020939,503
530021210,503
530021218,503
530021817,503
530021839,503
530021858,503
530021860,503
530021862,503
530021866,503
530021884,503
530022162,503
530022316,503
530022321,503
530022325,503
530022334,503
530022586,503
530023181,503
530023216,503
530023233,503
530023234,503
530023239,503
530023507,503
530023544,503
530023661,503
530023702,503
530023712,503
530023950,503
530024518,503
530024534,503
530024570,503
530024580,503
530024609,503
530024616,503
530024631,503
530024644,503
530024883,503
530024898,503
530024969,503
530025033,503
530025043,503
530025069,503
530025070,503
530025078,503
530025209,503
530025297,503
530025970,503
530025991,503
530026345,503
530026438,503
530026439,503
530026614,503
530027279,503
530027333,503
530027341,503
530027355,503
530027814,503
530027819,503
530027843,503
530027995,503
530028044,503
530028114,503
530028588,503
530028650,503
530028693,503
530028702,503
530028710,503
530028728,503
530028765,503
530029190,503
530029195,503
530029218,503
530030024,503
530030061,503
530030065,503
530030069,503
530030095,503
530030591,503
530030609,503
530030614,503
530030669,503
530030791,503
530031435,503
530031442,503
530031466,503
530031479,503
530031480,503
530031487,503
530031846,503
530031963,503
530031982,503
530031998,503
530032823,503
530032857,503
530032860,503
530032862,503
530032864,503
530032891,503
530033367,503
530033416,503
530033426,503
530033446,503
530034150,503
530034169,503
530034218,503
530034221,503
530034222,503
530034233,503
530034236,503
530034240,503
530034721,503
530034742,503
530034743,503
530034874,503
530035449,503
530035522,503
530035525,503
530035529,503
530035549,503
530035552,503
530035567,503
530035578,503
530035584,503
530035601,503
530035607,503
530036088,503
530036145,503
530036896,503
530036907,503
530036913,503
530036923,503
530036943,503
530036956,503
530036960,503
530037533,503
530037535,503
530037539,503
530038256,503
530038284,503
530038285,503
530038288,503
530038342,503
530038353,503
530038354,503
530038854,503
530038862,503
530038880,503
530038914,503
530038915,503
530038925,503
530038944,503
530038973,503
530039116,503
530039612,503
530039650,503
530039666,503
530039714,503
530040222,503
530040226,503
530040231,503
530040278,503
530040279,503
530040285,503
530040297,503
530040368,503
530040383,503
530040952,503
530040984,503
530041024,503
530041030,503
530041040,503
530041057,503
530041058,503
530041068,503
530041071,503
530041079,503
530041107,503
530041111,503
530041632,503
530041661,503
530041667,503
530042413,503
530042420,503
530042421,503
530042432,503
530042450,503
530042979,503
530043019,503
530043067,503
530043401,503
530043742,503
530043775,503
530043776,503
530043790,503
530043806,503
530043807,503
530043835,503
530043861,503
530044356,503
530044392,503
530044396,503
530044403,503
530044412,503
530044418,503
530044432,503
530044497,503
530044916,503
530045166,503
530045172,503
530045175,503
530045177,503
530045178,503
530045202,503
530045226,503
530045724,503
530045731,503
530045766,503
530045767,503
530045808,503
530045809,503
530045822,503
530045858,503
530045859,503
530045879,503
530045883,503
530045972,503
530046501,503
530046517,503
530046524,503
530046529,503
530046550,503
530046555,503
530046556,503
530046568,503
530046613,503
530047107,503
530047117,503
530047124,503
530047138,503
530047167,503
530047176,503
530047177,503
530047183,503
530047256,503
530047655,503
530047845,503
530047902,503
530047929,503
530047933,503
530047981,503
530047989,503
530048486,503
530048488,503
530048489,503
530048499,503
530048511,503
530048561,503
530048574,503
530048625,503
530049274,503
530049277,503
530049278,503
530049302,503
530049310,503
530049313,503
530049858,503
530049865,503
530049883,503
530049921,503
530049927,503
530049928,503
530049944,503
530050634,503
530050648,503
530050656,503
530050658,503
530050668,503
530050672,503
530050678,503
530050679,503
530050684,503
530050686,503
530050709,503
530051279,503
530051289,503
530051301,503
530051317,503
530051331,503
530051332,503
530051333,503
530051337,503
530051372,503
530051980,503
530052011,503
530052022,503
530052028,503
530052030,503
530052052,503
530052080,503
530052084,503
530052659,503
530052705,503
530052706,503
530052707,503
530052736,503
530052746,503
530052751,503
530052754,503
530052755,503
530053298,503
530053432,503
530053443,503
530053446,503
530053450,503
530053460,503
530054012,503
530054016,503
530054053,503
530054069,503
530054075,503
530054130,503
530054563,503
530054637,503
530054768,503
530054780,503
530054810,503
530054821,503
530055363,503
530055364,503
530055402,503
530055405,503
530055478,503
530055492,503
530055504,503
530055505,503
530055512,503
530056109,503
530056177,503
530056197,503
530056198,503
530056213,503
530056214,503
530056216,503
530056743,503
530056746,503
530056747,503
530056791,503
530056808,503
530056830,503
530056842,503
530056851,503
530056856,503
530056873,503
530056874,503
530056878,503
530056906,503
530057139,503
530057498,503
530057529,503
530057543,503
530058117,503
530058142,503
530058156,503
530058180,503
530058201,503
530058204,503
530058207,503
530058215,503
530058216,503
530058242,503
530058248,503
530058252,503
530058287,503
530058290,503
530058292,503
530058843,503
530058858,503
530058881,503
530058910,503
530058918,503
530058932,503
530058934,503
530059523,503
530059532,503
530059558,503
530059559,503
530059563,503
530059576,503
530059583,503
530059589,503
530059603,503
530059647,503
530060154,503
530060212,503
530060214,503
530060225,503
530060232,503
530060234,503
530060282,503
530060285,503
530060310,503
530060328,503
530060331,503
530060936,503
530060949,503
530060952,503
530060957,503
530060962,503
530060973,503
530060989,503
530061020,503
530061591,503
530061615,503
530061641,503
530061654,503
530061684,503
530061685,503
530061689,503
530061695,503
530061702,503
530061706,503
530062309,503
530062329,503
530062334,503
530062343,503
530062362,503
530062402,503
530062417,503
530063005,503
530063027,503
530063651,503
530063701,503
530063705,503
530063706,503
530063753,503
530063761,503
530063768,503
530063793,503
530064411,503
530065054,503
530065072,503
530065085,503
530065088,503
530065120,503
530065123,503
530065133,503
530065155,503
530065710,503
530065733,503
530065749,503
530065812,503
530065820,503
530065825,503
530066404,503
530066443,503
530066446,503
530066457,503
530066467,503
530066473,503
530066478,503
530066491,503
530066506,503
530066525,503
530066563,503
530066838,503
530066992,503
530067011,503
530067094,503
530067101,503
530067127,503
530067188,503
530067190,503
530067833,503
530067864,503
530067880,503
530067887,503
530067902,503
530067913,503
530068080,503
530068368,503
530068490,503
530068533,503
530068538,503
530069124,503
530069128,503
530069221,503
530069228,503
530069240,503
530069243,503
530069255,503
530069256,503
530069260,503
530069267,503
530069690,503
530069851,503
530069855,503
530069958,503
530070576,503
530070595,503
530070602,503
530070617,503
530070619,503
530070648,503
530070683,503
530070876,503
530071105,503
530071229,503
530071233,503
530071269,503
530071881,503
530071898,503
530071963,503
530071995,503
530071997,503
530072012,503
530072610,503
530072650,503
530072655,503
530072673,503
530073317,503
530073343,503
530073344,503
530073387,503
530073388,503
530073686,503
530073937,503
530073972,503
530074027,503
530074034,503
530074036,503
530074704,503
530074712,503
530074724,503
530074725,503
530074738,503
530074744,503
530074799,503
530075278,503
530075355,503
530075408,503
530075419,503
530076089,503
530076108,503
530076109,503
530076123,503
530076133,503
530076136,503
530076187,503
530076718,503
530076781,503
530076784,503
530077478,503
530077484,503
530077497,503
530077501,503
530077509,503
530077536,503
530077538,503
530077539,503
530077548,503
530077555,503
530077556,503
530077561,503
530077564,503
530077840,503
530078115,503
530078116,503
530078126,503
530078162,503
530078872,503
530078899,503
530078917,503
530078932,503
530078942,503
530079467,503
530079539,503
530080132,503
530080247,503
530080259,503
530080289,503
530080310,503
530080561,503
530080583,503
530080691,503
530080841,503
530080869,503
530080916,503
530080920,503
530081606,503
530081651,503
530081669,503
530081898,503
530081930,503
530082082,503
530082122,503
530082179,503
530082206,503
530082233,503
530082255,503
530082268,503
530082287,503
530082985,503
530083003,503
530083027,503
530083041,503
530083046,503
530083066,503
530083074,503
530083288,503
530083309,503
530083583,503
530083625,503
530084562,503
530084723,503
530084953,503
530084977,503
530084991,503
530085006,503
530085011,503
530085042,503
530085766,503
530085770,503
530085771,503
530085788,503
530085798,503
530085803,503
530085810,503
530085824,503
530086094,503
530086097,503
530086321,503
530086333,503
530086346,503
530086369,503
530086393,503
530087150,503
530087179,503
530087189,503
530087203,503
530087209,503
530087451,503
530087632,503
530087662,503
530087709,503
530087719,503
530087722,503
530087731,503
530087746,503
530087795,503
530087796,503
530087800,503
530088490,503
530088492,503
530088503,503
530088548,503
530088562,503
530088588,503
530088944,503
530088993,503
530089077,503
530089090,503
530089151,503
530089162,503
530089166,503
530089169,503
530089938,503
530089942,503
530090143,503
530090214,503
530090378,503
530090404,503
530090463,503
530090475,503
530090489,503
530090498,503
530091269,503
530091312,503
530091315,503
530091335,503
530091475,503
530091574,503
530091593,503
530091628,503
530091710,503
530091783,503
530091802,503
530091829,503
530091836,503
530091851,503
530091879,503
530091884,503
530092616,503
530092625,503
530092636,503
530092646,503
530092695,503
530092700,503
530092868,503
530092931,503
530092963,503
530093063,503
530093068,503
530093124,503
530093266,503
530093301,503
530094391,503
530094394,503
530094562,503
530094563,503
530094610,503
530094673,503
530095400,503
530095431,503
530095448,503
530095467,503
530095474,503
530095681,503
530095695,503
530095967,503
530095975,503
530095977,503
530095978,503
530095996,503
530096055,503
530096056,503
530096815,503
530096844,503
530097070,503
530097206,503
530097222,503
530097259,503
530097340,503
530097354,503
530097392,503
530098137,503
530098185,503
530098218,503
530098417,503
530098465,503
530098577,503
530098582,503
530098680,503
530098736,503
530099595,503
530099727,503
530099732,503
530099786,503
530099787,503
530099957,503
530099963,503
530100005,503
530100099,503
530100111,503
530100949,503
530100957,503
530101160,503
530101337,503
530101346,503
530101377,503
530101412,503
530101447,503
530102278,503
530102331,503
530102345,503
530102464,503
530102574,503
530102586,503
530102642,503
530102715,503
530102795,503
530102820,503
530102851,503
530102865,503
530102867,503
530102897,503
530103655,503
530103700,503
530103709,503
530103869,503
530103929,503
530104084,503
530104087,503
530104164,503
530104173,503
530105009,503
530105078,503
530105079,503
530105108,503
530105297,503
530105343,503
530105599,503
530105600,503
530105608,503
530106446,503
530106470,503
530106474,503
530106476,503
530106491,503
530106618,503
530106653,503
530106795,503
530106835,503
530106846,503
530106851,503
530106868,503
530106874,503
530106884,503
530106917,503
530106961,503
530106965,503
530106995,503
530107832,503
530107840,503
530107949,503
530108148,503
530108153,503
530108204,503
530108224,503
530108249,503
530108355,503
530108363,503
530108387,503
530109204,503
530109207,503
530109214,503
530109236,503
530109307,503
530109444,503
530109492,503
530109584,503
530109593,503
530109660,503
530109673,503
530109706,503
530109728,503
530109737,503
530110596,503
530110606,503
530110737,503
530110789,503
530110847,503
530110848,503
530110849,503
530110948,503
530110959,503
530111048,503
530111067,503
530111072,503
530111082,503
530111105,503
530111110,503
530112339,503
530112352,503
530112421,503
530112430,503
530112437,503
530112465,503
530112484,503
530112493,503
530113361,503
530113459,503
530113468,503
530113518,503
530113537,503
530113595,503
530113603,503
530113638,503
530113645,503
530113729,503
530113823,503
530113836,503
530113861,503
530113871,503
530113924,503
530114710,503
530114721,503
530114727,503
530114750,503
530114893,503
530115094,503
530115177,503
530115209,503
530115211,503
530115225,503
530115248,503
530116098,503
530116109,503
530116129,503
530116184,503
530116419,503
530116444,503
530116457,503
530116460,503
530116594,503
530116598,503
530117476,503
530117490,503
530117555,503
530117562,503
530117720,503
530117729,503
530117733,503
530117831,503
530117841,503
530117846,503
530117862,503
530117875,503
530117908,503
530117962,503
530117978,503
530117981,503
530117984,503
530117985,503
530118840,503
530118846,503
530118852,503
530118874,503
530118896,503
530118902,503
530118908,503
530118961,503
530118993,503
530119006,503
530119016,503
530119026,503
530119042,503
530119056,503
530119064,503
530119067,503
530119104,503
530119105,503
530119109,503
530119164,503
530119220,503
530119301,503
530119373,503
530119375,503
530119386,503
530120236,503
530120262,503
530120342,503
530120386,503
530120401,503
530120415,503
530120433,503
530120441,503
530120469,503
530120473,503
530120481,503
530120530,503
530120608,503
530120635,503
530120695,503
530120708,503
530120716,503
530120728,503
530120729,503
530120735,503
530120746,503
530120762,503
530121611,503
530121613,503
530121617,503
530121618,503
530121621,503
530121648,503
530121670,503
530121693,503
530121707,503
530121714,503
530121752,503
530121854,503
530121855,503
530121861,503
530121872,503
530121919,503
530121971,503
530121972,503
530121989,503
530122021,503
530122058,503
530122060,503
530122066,503
530122104,503
530123027,503
530123064,503
530123074,503
530123090,503
530123099,503
530123112,503
530123134,503
530123138,503
530123171,503
530123230,503
530123268,503
530123287,503
530123329,503
530123400,503
530123405,503
530123419,503
530123424,503
530123498,503
530123500,503
530124402,503
530124413,503
530124423,503
530124424,503
530124509,503
530124573,503
530124614,503
530124630,503
530124660,503
530124700,503
530124795,503
530124823,503
530124857,503
530125719,503
530125745,503
530125783,503
530125930,503
530126006,503
530126093,503
530126098,503
530126105,503
530126201,503
530126207,503
530126234,503
530127113,503
530127117,503
530127118,503
530127124,503
530127154,503
530127189,503
530127191,503
530127234,503
530127244,503
530127262,503
530127290,503
530127357,503
530127365,503
530127435,503
530127448,503
530127536,503
530127554,503
530127571,503
530127577,503
530128565,503
530128584,503
530128622,503
530128679,503
530128684,503
530128775,503
530128816,503
530128847,503
530128849,503
530128864,503
530128930,503
530129853,503
530129857,503
530129942,503
530129958,503
530130002,503
530130091,503
530130167,503
530130289,503
530130334,503
530130358,503
530131277,503
530131318,503
530131322,503
530131323,503
530131327,503
530131341,503
530131417,503
530131423,503
530131489,503
530131496,503
530131501,503
530131536,503
530131542,503
530131573,503
530131615,503
530131618,503
530131683,503
530131691,503
530131699,503
530132626,503
530132642,503
530132702,503
530132723,503
530132724,503
530132872,503
530132873,503
530132903,503
530132928,503
530132943,503
530132969,503
530132999,503
530133073,503
530133074,503
530133992,503
530134012,503
530134203,503
530134214,503
530134245,503
530134276,503
530134343,503
530134468,503
530134472,503
530134475,503
530134476,503
530134493,503
530135358,503
530135372,503
530135381,503
530135411,503
530135434,503
530135457,503
530135620,503
530135735,503
530135820,503
530135839,503
530136785,503
530136826,503
530136829,503
530136830,503
530136994,503
530137078,503
530137118,503
530137131,503
530137220,503
530137230,503
530137245,503
530138107,503
530138115,503
530138125,503
530138162,503
530138224,503
530138235,503
530138323,503
530138481,503
530138483,503
530138493,503
530138558,503
530138612,503
530139491,503
530139503,503
530139526,503
530139536,503
530139543,503
530139589,503
530139676,503
530139695,503
530139706,503
530139742,503
530139752,503
530139852,503
530139867,503
530139870,503
530140013,503
530140916,503
530140921,503
530140927,503
530140931,503
530140954,503
530141087,503
530141092,503
530141094,503
530141124,503
530141174,503
530141328,503
530142258,503
530142339,503
530142346,503
530142425,503
530142452,503
530142503,503
530142540,503
530142548,503
530142567,503
530142581,503
530142615,503
530142751,503
530142762,503
530143649,503
530143660,503
530143722,503
530143778,503
530143796,503
530143828,503
530143861,503
530143876,503
530143918,503
530143947,503
530143965,503
530144013,503
530144104,503
530145014,503
530145017,503
530145047,503
530145073,503
530145077,503
530145112,503
530145146,503
530145198,503
530145254,503
530145255,503
530145269,503
530145273,503
530145366,503
530145375,503
530145492,503
530145496,503
530145498,503
530145509,503
530146422,503
530146445,503
530146469,503
530146519,503
530146586,503
530146624,503
530146626,503
530146633,503
530146641,503
530146666,503
530146672,503
530146687,503
530146824,503
530146856,503
530146875,503
530146880,503
530147764,503
530147777,503
530147833,503
530147856,503
530147896,503
530147976,503
530148003,503
530148014,503
530148020,503
530148022,503
530148047,503
530148075,503
530148078,503
530148112,503
530148133,503
530148138,503
530148209,503
530148212,503
530148245,503
530148258,503
530149136,503
530149196,503
530149197,503
530149272,503
530149278,503
530149377,503
530149421,503
530149445,503
530149474,503
530149490,503
530149491,503
530149559,503
530149565,503
530149592,503
530149610,503
530149611,503
530150512,503
530150706,503
530150727,503
530150736,503
530150758,503
530150761,503
530150849,503
530150968,503
530150988,503
530151013,503
530151913,503
530151918,503
530151927,503
530151928,503
530151930,503
530151953,503
530151958,503
530151994,503
530152031,503
530152136,503
530153256,503
530153264,503
530153348,503
530153355,503
530153425,503
530153491,503
530153525,503
530153527,503
530153548,503
530153563,503
530153585,503
530153611,503
530153631,503
530153762,503
530154629,503
530154635,503
530154648,503
530154654,503
530154705,503
530154765,503
530154782,503
530154803,503
530154989,503
530155033,503
530155093,503
530155119,503
530155120,503
530155127,503
530156019,503
530156062,503
530156135,503
530156166,503
530156169,503
530156262,503
530156285,503
530156300,503
530156328,503
530156329,503
530156353,503
530157414,503
530157466,503
530157487,503
530157527,503
530157547,503
530157567,503
530157572,503
530157638,503
530157650,503
530157675,503
530157730,503
530157839,503
530157871,503
530157885,503
530158770,503
530158788,503
530158804,503
530158839,503
530158874,503
530158911,503
530158912,503
530158975,503
530159014,503
530159015,503
530159034,503
530159035,503
530159100,503
530159189,503
530159193,503
530159213,503
530159221,503
530159255,503
530160136,503
530160143,503
530160163,503
530160169,503
530160173,503
530160174,503
530160178,503
530160188,503
530160296,503
530160313,503
530160391,503
530160422,503
530160428,503
530160430,503
530160628,503
530160634,503
530161522,503
530161525,503
530161548,503
530161552,503
530161573,503
530161588,503
530161616,503
530161638,503
530161736,503
530161770,503
530161774,503
530161830,503
530161869,503
530162915,503
530162921,503
530162935,503
530162989,503
530163140,503
530163165,503
530163182,503
530163197,503
530163241,503
530163250,503
530163298,503
530163332,503
530163339,503
530163370,503
530164275,503
530164285,503
530164308,503
530164330,503
530164415,503
530164450,503
530164478,503
530164515,503
530164516,503
530164524,503
530164535,503
530164564,503
530164567,503
530164606,503
530164619,503
530164756,503
530165687,503
530165695,503
530165847,503
530165902,503
530166005,503
530166091,503
530167017,503
530167045,503
530167154,503
530167164,503
530167182,503
530167210,503
530167273,503
530167276,503
530167305,503
530167386,503
530167454,503
530167466,503
530168446,503
530168483,503
530168493,503
530168591,503
530168651,503
530168675,503
530168697,503
530168734,503
530168835,503
530168858,503
530168886,503
530169843,503
530169862,503
530169931,503
530170020,503
530170045,503
530170130,503
530170138,503
530170240,503
530170254,503
530170267,503
530171151,503
530171194,503
530171253,503
530171261,503
530171358,503
530171379,503
530171420,503
530171427,503
530171453,503
530171454,503
530171640,503
530172553,503
530172555,503
530172567,503
530172570,503
530172571,503
530172583,503
530172624,503
530172649,503
530172661,503
530172774,503
530172865,503
530172880,503
530173930,503
530173931,503
530173939,503
530173950,503
530173962,503
530173963,503
530173972,503
530173985,503
530174024,503
530174043,503
530174153,503
530174156,503
530174179,503
530174199,503
530174227,503
530174256,503
530175290,503
530175296,503
530175356,503
530175398,503
530175424,503
530175469,503
530175501,503
530175544,503
530175570,503
530175573,503
530175577,503
530175625,503
530175637,503
530176689,503
530176690,503
530176789,503
530176864,503
530176899,503
530176904,503
530176905,503
530176912,503
530176913,503
530176925,503
530176956,503
530176972,503
530177090,503
530178041,503
530178049,503
530178051,503
530178070,503
530178177,503
530178223,503
530178258,503
530178326,503
530178339,503
530178381,503
530179431,503
530179452,503
530179504,503
530179571,503
530179591,503
530179657,503
530179692,503
530179721,503
530179743,503
530179835,503
530180792,503
530180827,503
530180850,503
530180892,503
530180978,503
530181034,503
530181040,503
530181050,503
530181063,503
530181082,503
530181089,503
530181123,503
530182174,503
530182176,503
530182204,503
530182210,503
530182293,503
530182313,503
530182325,503
530182376,503
530182414,503
530182428,503
530182443,503
530183545,503
530183560,503
530183614,503
530183617,503
530183686,503
530183786,503
530183802,503
530183803,503
530183833,503
530183888,503
530184904,503
530184925,503
530184931,503
530184939,503
530185033,503
530185058,503
530185071,503
530185178,503
530185187,503
530186339,503
530186342,503
530186378,503
530186434,503
530186535,503
530186539,503
530186567,503
530186596,503
530186600,503
530186609,503
530186627,503
530187694,503
530187910,503
530187917,503
530187930,503
530187953,503
530189112,503
530189328,503
530189342,503
530189349,503
530189351,503
530189367,503
530189379,503
530189481,503
530190438,503
530190445,503
530190456,503
530190658,503
530190668,503
530190684,503
530190698,503
530190707,503
530190718,503
530190877,503
530191798,503
530191819,503
530191825,503
530191938,503
530192049,503
530192077,503
530192086,503
530193193,503
530193245,503
530193260,503
530193420,503
530193445,503
530194557,503
530194561,503
530194588,503
530194601,503
530194625,503
530194795,503
530194812,503
530194821,503
530195007,503
530195943,503
530195963,503
530196009,503
530196162,503
530196166,503
530196208,503
530196232,503
530197569,503
530197601,503
530198703,503
530198717,503
530198753,503
530198809,503
530199143,503
530200089,503
530200167,503
530200299,503
530200318,503
530201430,503
530201451,503
530201464,503
530201487,503
530201542,503
530201677,503
530201702,503
530201713,503
530201717,503
530201734,503
530202809,503
530203068,503
530203080,503
530204197,503
530204206,503
530204212,503
530204309,503
530204318,503
530204426,503
530204434,503
530204441,503
530204445,503
530204467,503
530204472,503
530204488,503
530205596,503
530205669,503
530205715,503
530205802,503
530205837,503
530206958,503
530206967,503
530206973,503
530206991,503
530207181,503
530207189,503
530207369,503
530208328,503
530208398,503
530208555,503
530208567,503
530208593,503
530209722,503
530209735,503
530209952,503
530209982,503
530211079,503
530211097,503
530211328,503
530211339,503
530211368,503
530212440,503
530212459,503
530212478,503
530212494,503
530213832,503
530213835,503
530213845,503
530213857,503
530214063,503
530214080,503
530215230,503
530215457,503
530216571,503
530216631,503
530216810,503
530217977,503
530217985,503
530218004,503
530218214,503
530218225,503
530219358,503
530219558,503
530219601,503
530220746,503
530220938,503
530221000,503
530222376,503
530223476,503
530223705,503
530223733,503
530223742,503
530223752,503
530227589,503
530227613,503
530228965,503
530229221,503
530230597,503
530230601,503
530230613,503
530231739,503
530231973,503
530233384,503
530235833,503
530235861,503
530236120,503
530238607,503
530239996,503
530244125,503
530245501,503
530245731,503
530246877,503
530248520,503
530249896,503
530255159,503
540016005,513
540016113,513
540017529,512
540018656,513
540020218,512
540021354,513
540022648,513
540022726,513
540024070,513
540028289,512
540030791,513
540030792,513
540037609,513
540043067,512
540044333,513
540044411,512
540047012,513
540053737,513
540057765,513
540060276,513
540063049,513
540064308,513
540069854,513
540079090,513
540079255,513
540080434,513
540080528,513
540083213,513
540083214,513
540085810,513
540088592,513
540089934,513
540090121,506
540092622,513
540092811,506
540095519,506
540099530,506
540100893,506
540102106,513
540103375,513
540104785,513
540104928,512
540108751,513
540108801,513
540111443,513
540111481,513
540111648,506
540114187,513
540114198,513
540114325,506
540114330,506
540115375,513
540115663,506
540115670,512
540116886,513
540118348,506
540118352,512
540118361,512
540119506,513
540119549,513
540119710,506
540120886,513
540121054,506
540123540,513
540126121,504
540126124,513
540128917,513
540131604,513
540132848,513
540132948,513
540137189,506
540141010,513
540142251,513
540143711,513
540145075,513
540149094,513
540153317,512
540157146,513
540169127,504
540169128,504
540173478,506
540174822,512
540177191,513
540178855,506
540181223,504
540182888,506
540184232,512
540186597,513
540188264,506
540191974,504
540192296,506
540198692,513
540200035,504
540204395,506
540212460,512
540216491,506
540221866,506
540228249,513
540229595,504
540232282,513
540232283,513
540240353,513
540240684,506
540244385,513
540244387,504
540246061,506
540249761,513
540251107,513
540258199,506
540266224,506
540268909,506
540271597,506
540275291,504
540279662,506
540281007,506
540285044,506
540290434,512
540293110,506
540294448,506
540295445,504
540296788,513
540299824,506
540299827,506
540300816,513
540306550,506
540309244,506
540310229,513
540310576,506
540311570,513
540311927,506
540315962,512
540315971,512
540318291,513
540318645,512
540318658,512
540322323,513
540322699,512
540328076,506
540334815,512
540337508,506
540341535,512
540342476,513
540342837,506
540345554,506
540350902,512
540350919,512
540352277,506
540352286,506
540358976,512
540365294,504
540365711,506
540368410,506
540372421,506
540373805,508
540375151,506
540376492,512
540378725,504
540381832,506
540381872,512
540383221,506
540384536,512
540386833,513
540389512,504
540392187,513
540392627,512
540394825,504
540396641,506
540397541,504
540401615,513
540404711,506
540406944,513
540408308,504
540412367,513
540412789,512
540412794,506
540413639,504
540414139,508
540415471,508
540417675,504
540417677,513
540417713,513
540419499,512
540419511,512
540420361,504
540421721,513
540423546,508
540424456,513
540425731,504
540426223,508
540428438,504
540430279,512
540433785,504
540435644,512
540436537,504
540437008,512
540439207,504
540442368,512
540442370,506
540443705,508
540444561,504
540445886,504
540445899,504
540447274,504
540449073,506
540449988,504
540450449,506
540451250,504
540453116,506
540453127,508
540453943,504
540453973,504
540456618,504
540457960,504
540458022,513
540459307,504
540459327,504
540459367,504
540461179,512
540461184,512
540462015,504
540462527,512
540462531,512
540463340,504
540463357,504
540463863,512
540464693,504
540465218,512
540470077,504
540471935,508
540471955,506
540472767,513
540472823,513
540474090,513
540475443,504
540475455,504
540476778,504
540479464,513
540479486,504
540480808,513
540481352,508
540482182,504
540482699,508
540484038,506
540488874,504
540488907,504
540490226,504
540494787,512
540494794,512
540496936,504
540496946,504
540496970,504
540497477,512
540498291,504
540499635,504
540500171,508
540500179,506
540500986,504
540505015,504
540505542,506
540510378,504
540510389,504
540512281,508
540513070,504
540514414,504
540514415,504
540516292,512
540516310,506
540521126,504
540526493,504
540526503,504
540527059,508
540532445,506
540534575,504
540535910,504
540536470,506
540542663,513
540543965,504
540546683,504
540548024,504
540549378,504
540553388,504
540555279,506
540555282,512
540555298,508
540556633,506
540558761,504
540560090,504
540561472,504
540563342,512
540564709,508
540565467,504
540565470,504
540565486,504
540568724,506
540568726,506
540569503,509
540572198,504
540573521,504
540578912,504
540580254,509
540580256,504
540580260,504
540580261,509
540584288,504
540586205,512
540587556,508
540587565,512
540588313,504
540588315,504
540588320,507
540588900,506
540590237,512
540590994,504
540591580,506
540595609,512
540595633,506
540598302,508
540599075,504
540607141,504
540607701,506
540613101,506
540615203,504
540615757,506
540618461,506
540620552,504
540621925,504
540622494,506
540623254,504
540624608,504
540627297,509
540629217,506
540630585,506
540631318,504
540631914,512
540633237,512
540633989,504
540634012,504
540634621,512
540635362,504
540636693,504
540636709,509
540638052,509
540639393,504
540639995,506
540644769,504
540645355,508
540647442,513
540648069,506
540649380,508
540650730,508
540652836,509
540653446,508
540656852,507
540658213,509
540659541,507
540660898,504
540661517,508
540662223,509
540662229,504
540662818,506
540662862,506
540663577,504
540666262,509
540666864,506
540670304,513
540671638,504
540672978,504
540673574,512
540677010,504
540678364,504
540678952,506
540680318,506
540681698,506
540687014,506
540691070,508
540691783,504
540691789,504
540692384,512
540693137,504
540696450,506
540697149,504
540697814,508
540698516,504
540700459,508
540702549,509
540703147,508
540704507,512
540705215,504
540705224,504
540705228,504
540705232,504
540705848,508
540707196,506
540707912,504
540711238,506
540711948,504
540712556,512
540714629,504
540715983,509
540718669,504
540720614,508
540720652,506
540721352,504
540724031,507
540724032,504
540727349,506
540727403,508
540730057,506
540732111,504
540734792,504
540737487,509
540740172,509
540741518,504
540743488,506
540744194,504
540746204,508
540748860,506
540750922,507
540750924,504
540751564,508
540751569,506
540752270,509
540752280,504
540757646,504
540761666,504
540763662,506
540763665,508
540764356,504
540765699,504
540769076,508
540771749,506
540772409,504
540775110,504
540779810,506
540779811,512
540780483,509
540780485,504
540781173,506
540783171,504
540783832,506
540785856,509
540789219,508
540798633,506
540800646,504
540800648,509
540802634,512
540803314,504
540804644,504
540806692,506
540807353,507
540811397,507
540814729,512
540814744,506
540815419,509
540817440,506
540820152,506
540825504,508
540826185,504
540829519,512
540830217,504
540830898,508
540834243,507
540836922,507
540836929,509
540838269,513
540838961,506
540839618,504
540840969,509
540845689,506
540849712,506
540849716,506
540851709,507
540853049,509
540856412,506
540856454,506
540857083,509
540857864,508
540858424,509
540863157,506
540866491,504
540867158,512
540869868,506
540869876,508
540872543,506
540873947,506
540875339,508
540877232,509
540878601,504
540879267,506
540880612,508
540880708,508
540883296,512
540884652,508
540887343,508
540888730,508
540890675,504
540890697,504
540891395,506
540892024,509
540894100,508
540894713,504
540896789,508
540899454,506
540900820,508
540901420,504
540902104,506
540902778,509
540904841,506
540906197,506
540906808,504
540907571,506
540908147,504
540910188,508
540910189,506
540914868,504
540921567,507
540923618,506
540923680,512
540925595,504
540925604,509
540926949,504
540926968,509
540929088,512
540929656,504
540930987,513
540933689,509
540934362,506
540934366,506
540936366,509
540936373,504
540937690,509
540938413,512
540940387,504
540941752,509
540942444,508
540942446,512
540943064,504
540943076,507
540943113,509
540944431,504
540947112,509
540948464,504
540948471,509
540949238,506
540949798,509
540950502,506
540951131,507
540951918,506
540953232,512
540953827,504
540953846,513
540954544,506
540954571,506
540957249,512
540957279,506
540959222,504
540961882,504
540962599,512
540963991,506
540965400,512
540967260,509
540967986,508
540968617,504
540969976,509
540970684,506
540971292,504
540972021,506
540973396,508
540973435,512
540974726,506
540976682,507
540978007,504
540978014,504
540978763,506
540978780,506
540979367,504
540980071,508
540980121,506
540980719,509
540980724,507
540981423,512
540981438,506
540983358,507
540987446,504
540988161,506
540988792,504
540989500,512
540989515,506
540990110,509
540990837,508
540990895,512
540991463,509
540991470,504
540993608,508
540994147,504
540994168,509
540996225,512
540996840,509
540996856,509
540997565,506
540997569,512
540998972,512
540999519,504
541000867,509
541002220,504
541004407,511
541006243,509
541006263,509
541007594,509
541008314,506
541008315,506
541010269,504
541010975,512
541011633,504
541012355,506
541015027,506
541015040,512
541015652,504
541015667,507
541016450,508
541017003,507
541017791,512
541017811,508
541018332,507
541018356,504
541019067,512
541019070,512
541023694,507
541023705,513
541025816,508
541025819,506
541025876,508
541027763,509
541029821,512
541030436,507
541030440,509
541031135,506
541031793,504
541033099,504
541033115,509
541033140,504
541035217,506
541035269,508
541036604,508
541037170,509
541037910,512
541037955,508
541040619,506
541041176,504
541043331,508
541043859,504
541044615,506
541045225,509
541046035,512
541046540,504
541047376,512
541047381,512
541047393,513
541047903,504
541047906,504
541047925,509
541053250,504
541054066,508
541055947,504
541057310,509
541058667,504
541060003,513
541061315,509
541064852,508
541065375,509
541066124,508
541066709,507
541066715,509
541068061,507
541070750,509
541071494,506
541071557,508
541072116,507
541073450,504
541074786,507
541076114,509
541076150,509
541077458,504
541077465,507
541077472,507
541078217,506
541078830,504
541079566,512
541079642,512
541081482,504
541081495,509
541081526,509
541082234,512
541083629,508
541085011,506
541085529,507
541085530,504
541088201,504
541088960,508
541088962,506
541090358,508
541090391,512
541092255,509
541094958,504
541095724,506
541097627,507
541098428,508
541098957,507
541099790,508
541101078,506
541101084,506
541101100,506
541103004,507
541104337,504
541105702,504
541106995,507
541107043,504
541109692,509
541111072,504
541111089,507
541113749,509
541113751,509
541115095,509
541115101,507
541115844,508
541116460,513
541117222,506
541117277,513
541118646,508
541119132,507
541119135,507
541119991,511
541120459,504
541121329,508
541121812,504
541123971,508
541125838,509
541126643,506
541128027,508
541128531,504
541128547,507
541128549,509
541131220,504
541132004,508
541133912,509
541133914,504
541135992,512
541136034,512
541136078,512
541141950,509
541141967,504
541141970,507
541141974,509
541144640,509
541144644,509
541144674,509
541147341,504
541148180,508
541148214,508
541148687,504
541150878,508
541150895,508
541152718,507
541153591,508
541158872,506
541160772,507
541160785,509
541161601,508
541161606,512
541161632,508
541162967,508
541162969,508
541164826,507
541164829,509
541166150,504
541166161,504
541166981,508
541166983,512
541166988,508
541167492,504
541170984,506
541171079,508
541171509,507
541172373,506
541172851,507
541174229,504
541175557,507
541175562,513
541176908,507
541178252,504
541178266,509
541179128,511
541179594,507
541180464,508
541183585,507
541184960,509
541185807,508
541185813,508
541187677,504
541188508,508
541191681,507
541192541,506
541194372,507
541195710,509
541195735,504
541198420,507
541199274,508
541199730,509
541200620,508
541201111,507
541201954,513
541202441,509
541203284,508
541203773,504
541206456,509
541206468,507
541206469,509
541206488,504
541207332,511
541210520,504
541211835,509
541214046,508
541216741,508
541217228,509
541219418,508
541221225,509
541221247,504
541222593,507
541222596,509
541226162,508
541226188,511
541226640,509
541228846,508
541229314,509
541230164,506
541232023,504
541233328,507
541234216,508
541234704,509
541235574,508
541236001,507
541236051,513
541237377,507
541238250,511
541238720,509
541240071,504
541240926,508
541241402,504
541241405,507
541242753,509
541242761,513
541244069,507
541244084,507
541245031,510
541247634,508
541249477,507
541250816,509
541250818,509
541252175,504
541253229,510
541254375,511
541254401,508
541254841,509
541254861,509
541255711,508
541258876,509
541261543,507
541262901,507
541263914,510
541265605,504
541266480,511
541267830,508
541270717,510
541271863,508
541272301,509
541273519,507
541273639,509
541275884,513
541275893,511
541277646,507
541279046,504
541279927,508
541283941,508
541284410,507
541285610,507
541286630,511
541287066,507
541287097,509
541288434,509
541295156,509
541297761,509
541298737,513
541300531,507
541301434,513
541301889,509
541307163,509
541307202,507
541308596,507
541309475,508
541309631,507
541311302,509
541312630,509
541313532,511
541317914,507
541318022,509
541319345,507
541322919,511
541322935,508
541322939,508
541323392,509
541324753,509
541326056,507
541328332,512
541328762,507
541328773,509
541331445,509
541332780,509
541332790,507
541333854,510
541335440,504
541336809,507
541336812,509
541337740,508
541338144,507
541340492,513
541341756,511
541342183,509
541343095,511
541343483,507
541344432,511
541344867,507
541344882,509
541345932,510
541347115,508
541347433,507
541348850,507
541348890,509
541350241,509
541351148,508
541352900,507
541352930,509
541352941,507
541352966,504
541355638,513
541356974,507
541357866,511
541358250,505
541358287,507
541358322,507
541358323,509
541361008,509
541361011,509
541361018,504
541362359,504
541363443,511
541366394,509
541367556,507
541367687,507
541373116,509
541374160,510
541374431,507
541374470,504
541375352,511
541375363,508
541375372,511
541376694,511
541376981,507
541379538,507
541379711,511
541380711,508
541380883,510
541382077,511
541383854,507
541387860,507
541387900,509
541388812,508
541388854,511
541389135,507
541389181,504
541389226,509
541390272,510
541391902,507
541393084,510
541393241,507
541393260,507
541394526,507
541395491,508
541395542,513
541395891,507
541396851,511
541397162,505
541397193,507
541398639,509
541398644,507
541399899,507
541399902,507
541399907,507
541399922,507
541399960,507
541399985,509
541401211,507
541402221,508
541402618,507
541403866,510
541403924,507
541403955,507
541404909,508
541404918,508
541405271,511
541406425,510
541406697,507
541406701,504
541406704,504
541408035,507
541408040,507
541409040,511
541409343,507
541409351,504
541410634,505
541410679,504
541412056,509
541412065,513
541414574,507
541416067,507
541416105,507
541417451,504
541418360,511
541418534,505
541419719,513
541420034,505
541420093,507
541420122,504
541421414,509
541421478,507
541422526,507
541422811,507
541422821,507
541423846,513
541424090,507
541424126,509
541426480,513
541426865,509
541427787,508
541428046,507
541428178,507
541428194,509
541430731,507
541430867,507
541431937,510
541432129,507
541432234,513
541433259,510
541433576,509
541434650,507
541434816,507
541434884,507
541434903,507
541436205,509
541436224,507
541437357,510
541437507,505
541437612,507
541439936,510
541440118,505
541440293,509
541441300,511
541441631,507
541442723,510
541442864,507
541442965,507
541442977,507
541442994,507
541443901,513
541444100,510
541445225,511
541445270,506
541445395,507
541446933,507
541446944,507
541448276,507
541449257,508
541449274,511
541449587,507
541449609,507
541450631,508
541450822,507
541452389,507
541452402,509
541453419,510
541453607,507
541453660,513
541453698,507
541453712,509
541454906,507
541455043,507
541456015,511
541456358,507
541456374,507
541456391,507
541456407,507
541456420,504
541456425,507
541457358,508
541457752,507
541460085,513
541460087,513
541460355,510
541461353,508
541461709,507
541461739,507
541462708,508
541462742,511
541462912,510
541462961,505
541463145,507
541465630,511
541465716,509
541465725,507
541467124,507
541468090,508
541468262,505
541468439,509
541468467,507
541469417,511
541469572,510
541469609,507
541469793,507
541469821,507
541470838,510
541470965,510
541471049,511
541471143,509
541471212,513
541472563,507
541473822,509
541473826,507
541474952,510
541475090,507
541475245,507
541476434,507
541476480,507
541477779,505
541477820,507
541477859,507
541477895,507
541477902,509
541478880,511
541479273,509
541480245,511
541480418,505
541480574,507
541480579,509
541481819,507
541481832,513
541481837,507
541481908,507
541481935,507
541481971,504
541482943,511
541483060,511
541483166,507
541483170,507
541484578,507
541485721,510
541485916,507
541485981,509
541487308,507
541488371,510
541488484,505
541488583,507
541488651,507
541489768,511
541489790,505
541489991,507
541490014,507
541491121,511
541491269,507
541491316,504
541491343,509
541492484,510
541492512,511
541492694,504
541493975,509
541495272,505
541495376,509
541495387,509
541495394,507
541496605,510
541496744,509
541497770,510
541497781,510
541498090,507
541499313,505
541499397,507
541500373,508
541500572,511
541500602,511
541500719,507
541500779,509
541501847,507
541501951,507
541502018,507
541502054,511
541503101,510
541503323,510
541503428,507
541503457,507
541503475,504
541504762,509
541504816,507
541505755,508
541505994,510
541507451,507
541508409,508
541508716,507
541508817,507
541510107,507
541510119,507
541510153,507
541511481,507
541512579,510
541512738,511
541512755,505
541512822,509
541512855,509
541512880,509
541513811,511
541514096,505
541514106,505
541514142,509
541514194,507
541515224,510
541515323,510
541515491,507
541516805,505
541516904,507
541517837,513
541517978,507
541518047,511
541518093,507
541518176,507
541518210,507
541519515,511
541519528,509
541519564,509
541520529,511
541520789,507
541520938,504
541522173,510
541522176,509
541523313,510
541523350,510
541523555,507
541523567,507
541523576,509
541523624,509
541523625,507
541524677,510
541524912,504
541526075,507
541526198,507
541526204,507
541526245,507
541526282,509
541527544,505
541527603,505
541527664,509
541528836,507
541530150,507
541530196,507
541530338,504
541530345,504
541531635,507
541531676,509
541532790,510
541532854,510
541532982,509
541534307,507
541535638,504
541536643,511
541536922,507
541536954,507
541536967,507
541536979,509
541537018,504
541537040,507
541538127,510
541538135,505
541538225,513
541538327,507
541539633,505
541539638,505
541539714,507
541539750,509
541540934,510
541541015,507
541541027,507
541541053,509
541542442,507
541543681,507
541543735,507
541546066,508
541546332,505
541546343,505
541546410,507
541546415,507
541547614,513
541547643,510
541547753,507
541547760,507
541547780,507
541548961,505
541549051,511
541549089,507
541549112,504
541549121,507
541550157,511
541550401,507
541551521,510
541551664,511
541551745,505
541551764,509
541551827,507
541551848,507
541552782,511
541554168,513
541554411,507
541554412,510
541554460,507
541555518,513
541555865,507
541557069,511
541557093,507
541557160,509
541557194,507
541558271,507
541558456,505
541558570,507
541559519,508
541559797,507
541559914,507
541560902,510
541561042,511
541561143,507
541561193,509
541561203,507
541561227,507
541562303,510
541562322,510
541562450,507
541562478,505
541565034,511
541565142,505
541565274,507
541565298,509
541566358,511
541566534,507
541566566,509
541566608,509
541567573,510
541567673,511
541567716,510
541567747,510
541567935,507
541567978,507
541568994,510
541569031,513
541569077,511
541569128,505
541569176,505
541569179,507
541569182,505
541569192,505
541569272,509
541569293,507
541569315,507
541570449,511
541571731,510
541571757,510
541571971,507
541573168,510
541573263,505
541573281,509
541573292,507
541574524,505
541574551,507
541575662,510
541575875,510
541575984,507
541576020,507
541577184,511
541577322,507
541578492,507
541578519,511
541578688,504
541579803,507
541579983,507
541581141,507
541581179,507
541582481,511
541582666,509
541582740,507
541583677,508
541583779,510
541583813,510
541583838,510
541583980,510
541583995,505
541584020,507
541584088,504
541585049,511
541585360,505
541585424,504
541586515,510
541586531,510
541586730,507
541586776,504
541587826,510
541587898,505
541587926,511
541587985,510
541588005,505
541588103,509
541588106,507
541589369,507
541589441,507
541589471,507
541590426,508
541590434,511
541590440,511
541590536,510
541590591,510
541590597,511
541590712,507
541592123,507
541593172,510
541593388,507
541593400,505
541593485,504
541593503,507
541594717,505
541594796,504
541594828,507
541596050,507
541596098,507
541596147,507
541596175,509
541596189,504
541597135,508
541597377,507
541597387,507
541597437,505
541597440,507
541597471,509
541597489,509
541597503,507
541598547,510
541598618,510
541598648,510
541598692,510
541598694,505
541598743,505
541599905,510
541600130,507
541600219,507
541601334,511
541601489,507
541602772,511
541602808,505
541602811,505
541602844,509
541603963,511
541604001,513
541604160,509
541604234,507
541605311,505
541605562,507
541606710,511
541606795,505
541606810,507
541606924,504
541608290,507
541609254,510
541609550,509
541610583,511
541610624,510
541610965,507
541610976,507
541612130,511
541612202,505
541613314,513
541613579,507
541614650,510
541614768,505
541614835,510
541614838,511
541614887,505
541614931,507
541616090,507
541616220,510
541616349,507
541617334,510
541617439,510
541617491,511
541617629,504
541617633,509
541617694,507
541618655,510
541618763,513
541618861,507
541618911,505
541618952,507
541618990,505
541619013,509
541620052,510
541620112,507
541620126,507
541620165,510
541620229,507
541620284,507
541620382,507
541621580,507
541621659,507
541622804,507
541622965,505
541623024,507
541624329,505
541624350,507
541624379,509
541624397,504
541625370,512
541625507,510
541625574,510
541625666,505
541625688,507
541625705,507
541626957,507
541626998,507
541628206,511
541628223,505
541628239,511
541628274,505
541628311,507
541628367,507
541628401,507
541628424,507
541629464,510
541629487,510
541629554,510
541629630,510
541630843,510
541630980,510
541631068,509
541631122,504
541631124,507
541632108,510
541632166,513
541632318,505
541632416,507
541632444,507
541632452,509
541633467,513
541633551,510
541633730,505
541633734,507
541635087,507
541635111,504
541635144,507
541636233,510
541636481,507
541636482,509
541636495,509
541637750,507
541637790,507
541639038,505
541639100,507
541639138,507
541639164,507
541640141,508
541640277,507
541640372,511
541640444,509
541640459,509
541641697,505
541641729,510
541643145,505
541643147,507
541643186,509
541644408,505
541644454,507
541644485,507
541644508,509
541644545,509
541645684,511
541645770,510
541645787,507
541645875,509
541647146,507
541647204,507
541647207,509
541647214,507
541647230,507
541647261,507
541648291,510
541648338,510
541648403,511
541648451,509
541648521,507
541648566,507
541648582,507
541649679,510
541649771,513
541649854,505
541649860,505
541649911,509
541651148,510
541651237,507
541652488,505
541652549,507
541653956,509
541653970,507
541655025,513
541655081,507
541655090,510
541655155,505
541655186,511
541655220,509
541655229,507
541656471,505
541656498,505
541657709,510
541657717,510
541657740,510
541657888,507
541657966,504
541659262,507
541659275,507
541659329,507
541659334,509
541660470,511
541660477,513
541660511,505
541660560,510
541660674,511
541661761,505
541661904,507
541662009,507
541663116,510
541663290,505
541663372,509
541664369,511
541664471,505
541664479,510
541664488,510
541664609,510
541664714,507
541664734,507
541665788,505
541665801,511
541665930,510
541665946,507
541666065,507
541667276,510
541667303,507
541667369,507
541668733,507
541668736,507
541669976,505
541670055,509
541670083,511
541671374,507
541671396,507
541671408,505
541671412,513
541672568,511
541672597,511
541672793,513
541673844,510
541673870,513
541673979,511
541674049,505
541674113,507
541675324,505
541675342,511
541675383,507
541675424,507
541676451,511
541676693,505
541676700,509
541676706,509
541676794,507
541677843,510
541678119,509
541679345,511
541679470,504
541680506,511
541680577,505
541680617,510
541680772,507
541681821,511
541681961,511
541682127,507
541682139,507
541683198,511
541683291,507
541683400,507
541683468,507
541683476,507
541683490,509
541684557,507
541684668,511
541684871,509
541684886,509
541686015,505
541686156,511
541686166,509
541686227,507
541687558,504
541688611,510
541688674,511
541688773,507
541688837,507
541688896,504
541688904,507
541690186,507
541690253,507
541690262,509
541691318,513
541691326,510
541691350,511
541691481,511
541691504,505
541691558,509
541692709,513
541692922,507
541692942,509
541693987,510
541694126,511
541694156,505
541694190,505
541694227,507
541694279,504
541695325,510
541695355,510
541695424,505
541696668,510
541696704,510
541696705,507
541696709,510
541696734,510
541696770,505
541696894,507
541698047,510
541698095,513
541698233,507
541698272,507
541699442,510
541699479,510
541699607,511
541700623,508
541700808,511
541700881,507
541702051,510
541702102,505
541702156,505
541702334,507
541703422,511
541703503,510
541704835,510
541704896,511
541706139,511
541706174,505
541706175,505
541706310,507
541706354,507
541706389,509
541707454,510
541707696,511
541707733,507
541708887,510
541708970,511
541708975,505
541708989,507
541709049,509
541710090,507
541710322,507
541710351,509
541710395,507
541710400,504
541710404,513
541710411,507
541710428,507
541711600,510
541712830,510
541712913,511
541712986,510
541714330,513
541714407,504
541716801,510
541716967,510
541717020,505
541717035,510
541717060,510
541717102,509
541717148,507
541718167,510
541718391,509
541718411,507
541719576,507
541719705,510
541719707,509
541719721,507
541721005,505
541722277,505
541722384,511
541722389,505
541722434,510
541722490,509
541723581,511
541723748,505
541724907,510
541725012,513
541725116,507
541725175,511
541726238,510
541726244,510
541726311,510
541726366,511
541726421,505
541726485,510
541727587,513
541727653,505
541727693,510
541727751,510
541727818,510
541727819,507
541727901,507
541729103,511
541729133,507
541730372,511
541730373,511
541730387,505
541730397,511
541730427,505
541730503,505
541730562,507
541730578,504
541731579,510
541731669,505
541731681,505
541731712,505
541731854,507
541731884,507
541731892,507
541732997,505
541733116,505
541733130,513
541733143,505
541733152,510
541734425,511
541734458,511
541735644,510
541735824,513
541735913,507
541735916,505
541735922,504
541738427,505
541738487,513
541738499,511
541738524,511
541739819,505
541739847,507
541739907,505
541739919,509
541739950,509
541742533,510
541743753,505
541745114,505
541746592,505
541749270,510
541749353,505
541750432,510
541750637,505
541750711,509
541750718,504
541751934,505
541753179,513
541753216,511
541753263,511
541753277,507
541753331,505
541754589,511
541754699,507
541756003,507
541757192,510
541757246,510
541757359,511
541757395,505
541757412,507
541758512,507
541759886,510
541759889,505
541759952,511
541760068,511
541760078,507
541762642,505
541762656,510
541764149,507
541764151,507
541764154,504
541765307,505
541765335,505
541765345,511
541765406,505
541765500,509
541766606,510
541766755,507
541766774,505
541768019,505
541768071,505
541769347,510
541769350,510
541769402,505
541769509,507
541769530,513
541770733,505
541770764,505
541770772,507
541770852,509
541772164,505
541772177,507
541772201,507
541773344,505
541773347,505
541773429,507
541774656,505
541774777,510
541777357,510
541777525,507
541777555,507
541777618,507
541778833,505
541780282,507
541781396,510
541781534,507
541781552,505
541782824,511
541782844,507
541782880,510
541784236,507
541785432,507
541785655,507
541785672,507
541786857,507
541786859,511
541786985,507
541789594,507
541790931,510
541790987,507
541792060,510
541793566,505
541794910,505
541794934,510
541794949,505
541795045,504
541796180,513
541796192,505
541796259,510
541797601,505
541797758,504
541798865,513
541798870,510
541798880,511
541798955,505
541799054,509
541800181,510
541800212,511
541800254,510
541800303,505
541801603,505
541801715,507
541805664,510
541805715,507
541807038,505
541812294,507
541812320,505
541812489,510
541816484,505
541819008,510
541819156,505
541820430,505
541820440,505
541821832,507
541823270,509
541824468,505
541824587,513
541825904,510
541827180,505
541828511,511
541828549,507
541829840,505
541829867,510
541831172,505
541831249,510
541832509,505
541832547,507
541833930,510
541833973,513
541833993,509
541836628,507
541840641,511
541843189,510
541843334,509
541845995,505
541846036,510
541847329,505
541847335,505
541847368,510
541848695,507
541848785,507
541850056,511
541850068,505
541850098,510
541852699,510
541852707,505
541854086,513
541855434,509
541862087,505
541862102,505
541862150,510
541868810,510
541868851,505
541868917,511
541872863,505
541878151,507
541884988,505
541886281,505
541890357,505
541906493,505
541919931,513
541925273,505
541952181,510
541966983,507
570003695,514
570006187,514
570006766,514
570007282,514
570008213,514
570008284,514
570009826,514
570010850,514
570011384,514
570011872,514
570012332,514
570012364,514
570012896,514
570012917,514
570013400,514
570013429,514
570014380,514
570014439,514
570014463,514
570014967,514
570015404,514
570015462,514
570015491,514
570015494,514
570016991,514
570017015,514
570017531,514
570018477,514
570018509,514
570018533,514
570019039,514
570019514,514
570019531,514
570020614,514
570020627,514
570022582,514
570023611,514
570023623,514
570023636,514
570023660,514
570023715,514
570024718,514
570024720,514
570025911,514
570026201,514
570026685,514
570026688,514
570026723,514
570026952,514
570027225,514
570027787,514
570027812,514
570028250,514
570028253,514
570028820,514
570028982,514
570028986,514
570029754,514
570030857,514
570031894,514
570032039,514
570032916,514
570033092,514
570033942,514
570034111,514
570034387,514
570034988,514
570035134,514
570036000,514
570036446,514
570037149,514
570037459,514
570039231,514
570039232,514
570039507,514
570040109,514
570040264,514
570041130,514
570041234,514
570041322,514
570041388,514
570041559,514
570042153,514
570042164,514
570043310,514
570043413,514
570043603,514
570044205,514
570044322,514
570044371,514
570044409,514
570044421,514
570045415,514
570045483,514
570046355,514
570046445,514
570047430,514
570047438,514
570047695,514
570048497,514
570048515,514
570049328,514
570049432,514
570049437,514
570049551,514
570049580,514
570049586,514
570050551,514
570051462,514
570051592,514
570051632,514
570052516,514
570053428,514
570053537,514
570053573,514
570053603,514
570053624,514
570053660,514
570053837,514
570054447,514
570054624,514
570055484,514
570055534,514
570055567,514
570055698,514
570056589,514
570056600,514
570056660,514
570056662,514
570056698,514
570057522,514
570057756,514
570057789,514
570058733,514
570058781,514
570058784,514
570058804,514
570058849,514
570059691,514
570059738,514
570059752,514
570059849,514
570060683,514
570060751,514
570060777,514
570060853,514
570061618,514
570061634,514
570061785,514
570061788,514
570061883,514
570062809,514
570062883,514
570062980,514
570063039,514
570063673,514
570063718,514
570063757,514
570063923,514
570063967,514
570064691,514
570064695,514
570064852,514
570064853,514
570064858,514
570065102,514
570065893,514
570065999,514
570067091,514
570067788,514
570067842,514
570067927,514
570067938,514
570067945,514
570068039,514
570068074,514
570068096,514
570068847,514
570068987,514
570069821,514
570069980,514
570069986,514
570070217,514
570070921,514
570071062,514
570071199,514
570071229,514
570071863,514
570072052,514
570072132,514
570072166,514
570072265,514
570072268,514
570072891,514
570072894,514
570073151,514
570073167,514
570073211,514
570073253,514
570073983,514
570074081,514
570074174,514
570074200,514
570075003,514
570075191,514
570075257,514
570075263,514
570075287,514
570075317,514
570075969,514
570076016,514
570076042,514
570076253,514
570076361,514
570077006,514
570077221,514
570077239,514
570077295,514
570077299,514
570077317,514
570078066,514
570078291,514
570078306,514
570078307,514
570078310,514
570078367,514
570078370,514
570078376,514
570079044,514
570079087,514
570079308,514
570079337,514
570079399,514
570079405,514
570080095,514
570080096,514
570080098,514
570080328,514
570080358,514
570080374,514
570080460,514
570081088,514
570081137,514
570081142,514
570081458,514
570081462,514
570082106,514
570082110,514
570082144,514
570082267,514
570082268,514
570082404,514
570082437,514
570083209,514
570083421,514
570084501,514
570085340,514
570085466,514
570085490,514
570085558,514
570086536,514
570086554,514
570086573,514
570087255,514
570087514,514
570087622,514
570088535,514
570088617,514
570089564,514
570090554,514
570090682,514
570092396,514
570092620,514
570093660,514
570093664,514
570093703,514
570094787,514
570095453,514
570095473,514
570096495,514
570097807,514
570099536,514
570101620,514
570101869,514
570102615,514
570103984,514
570105022,514
610003629,601
610003672,603
610003674,603
610004419,601
610005303,601
610014282,603
610015124,603
610017807,603
610018677,603
610020398,603
610020406,603
610021297,603
610021300,603
610021313,603
610021319,603
610022169,603
610022174,603
610022199,603
610022207,603
610023038,603
610023048,603
610023928,603
610023935,603
610023954,603
610024844,603
610024847,603
610025724,603
610025730,603
610027473,603
610027475,603
610028355,603
610028371,603
610029227,603
610029238,603
610030092,603
610030109,603
610030998,603
610031011,603
610031014,603
610031857,603
610031862,603
610033650,603
610033651,603
610034504,603
610034512,603
610034531,603
610035392,603
610037171,603
610042207,602
610045092,603
610045980,603
610046606,602
610046860,603
610050122,602
610050373,603
610050377,603
610051252,603
610052138,603
610053622,602
610053892,603
610053898,603
610054773,603
610058298,603
610059181,603
610060061,603
610061824,603
610062699,603
610063586,603
610064466,603
610066221,603
610067104,603
610067106,603
610067981,603
610068888,603
610069744,603
610069748,603
610071506,603
610072988,602
610073271,603
610075026,603
610076784,603
610078563,603
610079422,603
610085587,603
610085590,603
610087342,603
610088232,603
610088234,603
610089994,603
610091754,603
610095283,601
610096161,603
610097917,603
610100556,603
610101434,603
610101437,603
610104087,603
610104964,603
610108476,603
610113772,603
610117278,603
610118158,603
610119933,603
610123463,601
610124364,601
610125195,603
610126105,603
610126960,603
610127860,601
610132786,602
610134907,603
610135785,601
610136668,603
610137550,603
610138418,601
610143697,603
610143707,603
610144586,603
610145467,603
610145487,603
610146349,601
610149866,603
610150774,601
610155148,603
610156020,603
610158720,603
610159549,603
610159551,603
610161303,601
610162188,603
610165700,601
610165703,601
610167493,601
610168337,603
610169224,601
610171873,603
610172751,603
610172788,603
610174504,603
610174518,601
610176261,601
610176301,603
610176776,602
610177147,603
610177159,601
610178973,603
610180730,603
610181587,603
610181588,601
610185079,603
610190424,603
610191236,603
610192989,601
610192998,603
610193017,601
610193041,603
610194756,601
610194770,601
610195624,603
610195663,601
610197391,603
610197900,602
610200040,601
610200499,602
610200912,603
610200915,603
610201791,601
610201800,601
610201892,603
610202694,603
610203567,603
610203611,601
610204453,603
610204461,603
610204490,603
610204491,603
610205421,603
610206191,601
610207153,603
610208019,601
610208901,603
610209723,603
610209732,601
610210644,601
610211474,601
610212474,603
610213247,601
610215017,603
610215887,601
610215905,601
610215997,603
610217651,601
610217652,601
610217654,603
610217698,603
610217755,602
610218580,603
610218617,603
610220282,603
610220315,603
610220390,603
610222072,603
610222925,603
610222952,601
610223795,601
610224687,601
610225568,601
610225576,601
610226456,603
610226507,601
610227338,603
610227346,601
610228222,601
610228225,603
610228244,603
610228251,603
610229126,603
610229168,601
610229206,602
610231796,603
610232659,603
610232699,603
610233502,601
610234387,601
610235249,603
610236163,601
610236227,603
610237053,603
610237145,603
610237890,601
610237948,603
610237952,603
610239696,603
610240533,601
610240552,601
610241420,603
610243261,602
610244533,602
610245859,603
610246731,603
610247566,601
610247613,603
610247637,603
610247683,603
610249345,603
610249450,603
610249790,602
610251166,603
610252889,601
610252913,603
610252977,603
610253070,602
610255584,602
610256505,603
610259062,603
610259969,601
610263474,603
610264327,603
610264348,601
610266149,603
610268743,603
610269655,603
610270533,603
610272338,603
610272461,602
610272679,602
610273148,601
610275860,602
610277555,603
610277556,603
610280177,603
610281981,603
610288106,603
610288141,601
610289912,602
610291639,603
610292603,602
610294345,602
610296172,602
610296949,601
610302584,602
610303106,602
610303200,602
610303264,602
610305889,602
610306788,602
610307615,602
610311393,602
610313119,601
610314642,602
610317312,602
610322807,602
610324573,602
610325222,602
610328864,602
610330424,603
610333130,602
610334808,603
610337555,602
610341898,602
610350841,602
610351770,602
610355133,602
610358701,602
610365880,602
610366689,602
610367502,602
610368560,602
610369121,602
610375375,602
610375446,602
610378066,602
610378134,602
610379096,602
610394766,602
610394785,602
610397449,602
610406226,602
610409791,602
610410653,602
610411506,602
610412388,602
610412471,602
610413272,602
610422958,602
610423825,602
610428327,602
610437915,602
610443288,602
610452926,602
610456469,602
610460789,602
610465209,602
610483696,602
620053615,604
620063252,604
620574021,604
620608472,604
620609153,604
620636000,604
620656587,604
620668993,604
620670379,604
620682789,606
620691018,606
620700615,604
620706182,604
620714425,606
620718563,606
620724036,604
620724112,605
620729556,604
620733784,606
620737837,604
620744735,606
620746171,605
620752955,604
620755800,605
620758466,606
620758490,605
620762576,604
620762599,606
620763983,604
620768076,604
620772194,604
620773548,604
620780472,606
620780515,605
620781841,604
620787384,604
620788815,605
620790206,605
620791542,605
620802591,606
620803967,605
620806603,606
620808006,606
620809459,605
620810752,606
620823133,604
620831424,605
620834127,604
620835501,604
620841014,604
620845119,604
620849280,606
620849302,606
620850665,604
620852037,606
620858983,605
620859013,605
620860385,606
620861738,605
620862996,604
620863129,606
620867254,605
620867262,606
620867278,605
620868604,605
620868628,605
620869973,605
620871340,605
620878197,604
620881007,605
620885095,605
620886508,605
620889213,604
620893409,606
620897498,605
620897530,605
620897535,606
620898823,604
620901593,606
620903032,606
620904390,605
620912574,604
620914032,605
620918166,606
620918190,605
620920840,604
620930552,606
620931925,606
620934680,606
620938730,606
620948384,605
620952509,606
620952563,605
620956639,605
620973214,606
620974572,605
620989705,605
620991104,605
621002044,606
621003424,605
621010293,604
621013121,606
621020001,606
621041996,605
621042031,605
621058448,604
621062592,606
621070912,606
630007328,607
630016326,608
630017960,608
630018774,608
630018776,608
630019590,608
630019592,608
630022857,608
630024454,607
630024488,608
630026083,607
630026123,608
630030975,607
630031834,608
630033467,608
630039947,607
630044080,608
630044090,608
630045711,608
630046550,608
630046552,608
630047288,607
630047365,608
630049809,608
630049810,608
630050627,608
630051368,607
630051424,608
630051429,608
630051443,608
630051446,608
630053076,608
630053816,607
630053873,608
630053879,608
630054693,608
630054704,608
630057978,608
630057992,608
630058775,608
630059463,607
630059587,608
630060429,608
630061258,608
630061923,607
630062875,608
630063670,608
630063674,608
630063699,608
630064503,608
630065322,608
630066117,608
630066835,607
630066970,608
630067673,607
630067771,608
630075952,608
630077567,608
630077581,608
630078294,607
630078396,608
630080726,607
630082480,608
630083996,607
630084797,607
630084822,607
630085580,607
630085630,607
630086558,608
630086566,608
630088085,607
630088898,607
630090466,607
630090533,607
630090642,608
630092153,607
630094724,608
630095421,607
630095422,607
630097015,607
630097174,608
630098805,608
630099489,607
630099500,607
630099619,608
630103588,607
630103704,608
630104405,607
630105216,607
630105334,608
630105965,607
630106154,608
630106775,607
630107669,607
630108456,607
630108597,608
630108600,608
630109414,608
630110230,608
630112564,607
630114313,608
630114318,608
630115005,607
630115755,607
630116564,607
630116757,608
630117460,607
630118272,607
630119216,608
630120724,607
630122470,608
630123987,607
630131455,608
630133080,608
630138796,608
630139616,608
630140428,608
630142065,608
630142480,607
630142880,608
630144039,607
630144293,607
630144511,608
630146957,608
630147778,608
630148175,607
630151852,608
630153483,608
630156803,608
630157571,608
630158384,608
630160551,607
630162461,608
630162817,607
630164909,608
630164914,608
630164921,608
630165728,608
630166284,607
630167362,608
630167742,607
630171214,607
630171439,608
630171786,607
630171934,607
630173615,607
630175266,607
630176126,607
630176912,607
630177155,608
630177516,607
630177574,607
630177968,608
630178406,607
630179601,608
630179980,607
630180203,607
630181565,607
630181643,607
630182390,607
630182430,607
630182521,607
630186129,608
630186713,607
630187762,608
630188354,607
630189582,608
630189868,607
630190478,607
630191538,607
630191843,608
630194002,607
630194651,607
630194762,607
630197554,608
630197594,608
630197906,607
630198376,608
630198908,607
630199185,608
630199522,607
630199566,607
630200005,608
630200017,608
630201978,607
630203283,608
630203600,607
630203752,607
630206106,607
630207039,607
630207684,607
630207829,607
630208198,608
630208455,607
630208503,607
630211452,608
630212558,607
630212597,607
630213071,608
630213898,608
630214208,607
630214284,607
630215264,607
630217999,608
630218776,608
630218779,608
630224810,607
630224962,607
630228180,607
630229836,607
630229895,607
630229902,607
630230699,607
630236898,608
630236950,608
630237963,607
630238430,608
630240211,608
630240427,607
630240453,607
630241124,607
630242073,607
630242494,608
630243567,607
630246159,607
630248173,608
630249093,608
630249140,608
630252260,608
630252475,608
630253934,608
630254693,608
630254951,607
630255522,608
630255760,607
630256324,608
630256513,608
630258195,608
630258233,607
630258997,608
630259686,608
630260070,607
630260585,608
630261373,608
630262265,608
630262864,608
630263062,608
630265728,607
630267222,607
630269436,608
630271306,607
630272701,608
630272888,607
630276908,608
630280862,608
630281643,608
630281677,608
630282493,608
630282574,608
630283286,608
630284103,608
630286565,608
630286781,607
630289975,608
630290684,608
630290701,608
630290715,608
630292285,608
630292299,608
630292450,608
630293195,608
630294092,608
630295658,608
630296430,608
630296439,608
630297181,608
630298813,608
630301262,608
630303843,608
630303852,608
630307063,608
630308609,608
630310377,608
630313661,608
630315191,608
630316774,608
630316864,608
630317604,608
630317624,608
630320835,608
630324963,608
630325737,608
630325889,608
630329073,608
630330689,608
630330757,608
630332354,608
630334060,608
630341246,608
630342180,608
630347102,608
630352772,608
630353505,608
630353600,608
630357694,608
640002299,610
640008054,610
640011513,610
640023026,610
640024171,610
640031059,610
640033362,610
640035672,610
640035684,610
640036817,610
640037987,610
640041422,610
640044879,610
640044886,610
640048334,610
640049486,610
640050638,610
640051796,610
640054092,610
640054094,610
640057563,610
640062153,610
640074829,610
640081739,610
640084042,610
640085195,610
640087488,610
640088647,610
640088651,610
640089797,610
640090950,610
640092100,610
640101320,610
640107079,610
640111677,610
640124343,610
640127810,610
640134711,610
640134721,610
640138174,610
640138175,610
640139326,610
640148537,610
640150809,609
640151995,610
640153131,610
640155448,610
640161194,609
640161206,610
640165810,610
640172711,609
640187699,610
640191148,609
640200373,610
640204958,609
640207225,609
640207265,609
640210735,610
640211870,609
640214163,609
640216456,609
640225667,610
640225711,609
640230290,610
640238332,609
640238353,609
640238363,610
640239501,610
640240623,610
640240660,609
640241787,609
640254452,610
640255644,609
640256769,610
640259079,609
640259091,610
640260228,609
640260231,609
640260242,609
640262558,610
640264849,609
640267157,609
640270624,610
640287886,610
640287890,609
640290182,609
640294432,609
640295936,609
640300561,609
640301696,610
640312047,610
640313222,610
640314378,610
640315134,609
640327775,610
640329207,610
640330014,610
640330385,610
640332785,610
640334932,610
640335873,609
640337093,610
640338439,610
640339595,610
640343059,610
640344142,610
640347622,610
640348551,610
640348758,610
640355450,610
640355705,610
640358944,610
640361492,610
640363458,610
640363759,610
640364980,610
640366123,610
640367195,610
640369495,610
640369516,610
640369557,610
640369605,610
640370704,610
640370747,610
640371614,609
640372692,610
640373925,609
640374996,610
640375285,610
640375327,610
640377359,610
640377606,610
640378750,610
640379444,609
640381013,610
640381955,610
640382212,610
640386570,610
640387800,610
640389976,610
640392256,610
640392612,610
640399222,610
640399474,610
640402697,610
640405053,610
640407510,610
640408080,609
640409537,610
640409832,610
640411775,610
640413131,610
640413285,610
640414458,610
640416796,610
640417695,609
640417962,610
640418780,610
640419951,610
640420227,610
640420270,610
640422144,610
640423375,610
640423389,610
640424517,610
640429126,610
640429403,610
640430380,610
640430585,609
640431372,610
640431568,609
640432858,610
640439759,610
640440658,610
640442968,610
640443230,610
640443318,609
640444078,610
640444289,610
640445012,609
640447865,609
640448848,609
640450088,610
640450955,610
640452489,610
640453420,609
640454530,610
640457923,610
640461489,609
640462670,609
640462685,610
640462877,609
640463615,610
640463652,610
640464790,610
640465766,609
640468304,610
640470687,609
640474236,610
640476563,610
640477708,610
640483410,610
640484501,610
640493773,610
640494697,609
640498100,609
640499659,610
640500374,609
640501680,610
640503128,610
640504142,609
640505093,610
640508877,610
640511034,610
640513076,609
640516775,610
640521414,610
640538827,610
640549194,609
650012793,612
650014390,612
650015991,612
650019188,612
650019209,611
650022388,612
650026389,612
650027189,612
650031986,612
650035222,611
650040821,611
650042419,611
650044785,612
650047221,611
650049583,612
650051982,612
650056827,611
650058380,612
650061542,612
650061636,611
650067935,612
650070336,612
650070337,612
650071132,612
650071141,612
650071177,612
650071930,612
650071944,612
650072142,611
650072146,611
650074336,612
650074342,612
650075129,612
650075179,612
650075929,612
650075933,612
650075938,612
650077392,612
650077527,612
650078326,612
650079009,612
650079140,612
650079930,612
650079939,612
650082192,612
650082330,612
650082335,612
650083930,612
650083940,612
650084746,612
650085528,612
650085747,611
650086191,612
650087928,612
650088103,611
650088144,611
650088583,612
650089379,612
650089399,612
650090203,612
650091127,612
650091148,612
650091795,612
650092556,612
650093527,612
650093547,612
650093568,612
650094176,612
650094211,612
650094996,612
650095787,612
650095800,612
650096566,612
650097395,612
650097476,612
650097502,612
650098182,612
650098325,612
650098373,612
650098969,612
650099788,612
650099917,612
650100560,612
650100580,612
650100586,612
650102174,612
650102958,612
650103008,612
650103105,612
650103118,612
650103785,612
650103854,612
650104672,612
650105561,612
650105575,612
650106162,612
650106263,612
650106285,612
650106996,612
650107058,612
650107075,612
650107123,612
650107784,612
650107866,612
650107881,612
650107951,612
650108721,612
650108769,612
650109385,612
650109401,612
650109519,612
650109554,612
650110182,612
650110256,612
650110349,612
650110363,612
650110519,611
650110958,612
650110988,612
650111005,612
650111058,612
650111171,612
650112602,612
650112608,612
650112618,612
650112664,612
650112725,612
650112765,612
650113454,612
650113468,612
650113568,612
650114187,612
650114191,612
650114293,612
650114299,612
650114308,612
650115000,612
650115738,612
650115875,612
650115924,612
650115954,612
650115967,612
650116602,612
650116615,612
650116665,612
650116756,612
650117409,612
650117472,612
650117566,612
650117569,612
650117575,612
650118040,612
650118236,612
650118261,612
650118275,612
650118319,612
650118320,612
650118977,612
650118986,612
650119125,612
650119162,612
650119768,612
650119856,612
650120624,612
650120675,612
650120680,612
650120722,612
650121328,612
650121331,612
650121355,612
650121409,612
650121557,612
650122173,612
650122258,612
650122262,612
650122958,612
650123021,612
650123050,612
650123072,612
650123124,612
650123150,612
650123760,612
650123874,612
650124552,612
650124632,612
650124720,612
650124753,612
650124771,612
650125224,612
650125466,612
650125506,612
650125508,612
650125552,612
650125558,612
650126216,612
650126290,612
650126291,612
650126351,612
650126356,612
650126357,612
650126369,612
650126938,612
650127021,612
650127048,612
650127759,612
650127819,612
650127855,612
650127858,612
650127907,612
650127916,612
650127924,612
650127950,612
650127972,612
650128551,612
650128557,612
650128661,612
650128669,612
650128702,612
650128750,612
650128765,612
650129354,612
650129356,612
650129496,612
650130044,612
650130263,612
650130302,612
650130308,612
650130353,612
650130836,612
650131044,612
650131055,612
650131070,612
650131074,612
650131104,612
650131170,612
650131652,612
650131755,612
650131956,612
650132610,612
650132650,612
650132661,612
650132677,612
650132684,612
650132704,612
650133331,612
650133474,612
650133507,612
650133551,612
650133557,612
650134142,612
650134218,612
650134227,612
650134238,612
650134938,612
650135016,612
650135050,612
650135154,612
650135164,612
650135962,612
650135966,612
650135969,612
650136197,611
650136514,612
650136547,612
650136607,612
650136689,612
650136693,612
650136751,612
650137442,612
650137506,612
650137559,612
650138250,612
650138274,612
650139029,612
650139030,612
650139046,612
650139080,612
650139121,612
650139721,612
650139811,612
650139859,612
650139867,612
650140550,612
650140551,612
650140617,612
650140632,612
650140650,612
650140659,612
650140670,612
650140764,612
650141338,612
650141506,612
650141524,612
650142030,612
650142230,612
650142234,612
650142254,612
650142257,612
650142259,612
650142309,612
650143016,612
650143072,612
650143164,612
650143725,612
650143867,612
650143872,612
650143964,612
650144497,612
650144654,612
650144656,612
650144688,612
650145296,612
650145353,612
650145413,612
650145419,612
650145480,612
650146125,612
650146155,612
650146255,612
650146260,612
650146280,612
650146354,612
650146919,612
650146928,612
650146939,612
650146951,612
650147020,612
650147049,612
650147053,612
650147054,612
650147055,612
650147718,612
650147860,612
650147902,612
650148444,612
650148489,612
650148517,612
650148552,612
650148636,612
650148677,612
650148688,612
650148724,612
650148760,612
650148762,612
650149227,612
650149308,612
650149414,612
650149430,612
650149477,612
650149554,612
650149564,612
650150217,612
650150249,612
650150252,612
650150280,612
650150912,612
650150950,612
650151019,612
650151038,612
650151051,612
650151056,612
650151152,612
650151682,612
650151726,612
650151729,612
650151737,612
650151744,612
650151751,612
650151836,612
650151843,612
650151850,612
650151855,612
650151867,612
650151890,612
650152488,612
650152503,612
650152630,612
650152631,612
650152655,612
650152659,612
650152679,612
650152687,612
650152694,612
650153249,612
650153350,612
650153420,612
650153426,612
650153456,612
650153462,612
650153479,612
650153486,612
650153496,612
650154082,612
650154231,612
650154251,612
650154285,612
650154358,612
650154829,612
650154893,612
650154915,612
650154916,612
650154938,612
650154940,612
650155046,612
650155050,612
650155079,612
650155099,612
650155724,612
650155896,612
650155905,612
650155968,612
650156437,612
650156497,612
650156549,612
650156636,612
650156639,612
650156652,612
650156696,612
650156758,612
650156759,612
650157304,612
650157314,612
650157333,612
650157429,612
650157457,612
650157479,612
650158034,612
650158111,612
650158151,612
650158152,612
650158213,612
650158236,612
650158240,612
650158265,612
650158823,612
650158824,612
650158879,612
650159019,612
650159020,612
650159021,612
650159024,612
650159030,612
650159033,612
650159161,612
650159637,612
650159677,612
650159724,612
650159732,612
650159813,612
650159840,612
650159879,612
650160451,612
650160480,612
650160511,612
650160637,612
650160642,612
650160657,612
650160685,612
650160998,611
650161283,612
650161289,612
650161308,612
650161433,612
650161446,612
650161450,612
650162042,612
650162139,612
650162226,612
650162282,612
650162852,612
650162919,612
650163040,612
650163649,612
650163661,612
650163714,612
650163740,612
650163826,612
650163832,612
650163835,612
650164427,612
650164428,612
650164503,612
650164510,612
650164548,612
650164623,612
650164634,612
650164642,612
650164645,612
650164652,612
650164699,612
650165193,611
650165235,612
650165332,612
650165334,612
650165415,612
650165429,612
650165449,612
650165450,612
650166239,612
650166242,612
650166257,612
650166829,612
650166830,612
650166936,612
650167021,612
650167045,612
650167398,611
650167742,612
650167852,612
650168450,612
650168479,612
650168483,612
650168516,612
650168630,612
650168632,612
650168645,612
650168703,612
650168705,612
650169227,612
650169285,612
650169286,612
650169299,612
650169335,612
650169336,612
650169337,612
650169431,612
650169452,612
650170041,612
650170097,612
650170116,612
650170128,612
650170135,612
650170143,612
650170218,612
650170221,612
650170879,612
650170900,612
650170945,612
650171632,612
650171707,612
650171819,612
650171829,612
650171834,612
650171837,612
650172431,612
650172619,612
650172633,612
650172635,612
650172645,612
650173225,612
650173245,612
650173269,612
650173277,612
650173452,612
650174024,612
650174029,612
650174070,612
650174247,612
650174857,612
650175679,612
650175682,612
650175747,612
650175841,612
650175851,612
650176399,612
650176489,612
650176528,612
650176536,612
650176537,612
650176542,612
650176646,612
650177303,612
650177305,612
650177340,612
650177350,612
650177441,612
650178019,612
650178052,612
650178117,612
650178231,612
650178246,612
650178834,612
650178862,612
650179029,612
650179044,612
650179405,611
650179624,612
650179733,612
650179740,612
650179741,612
650180458,612
650180478,612
650180628,612
650180647,612
650181162,611
650181257,612
650181287,612
650181451,612
650182000,612
650182032,612
650182054,612
650182059,612
650182233,612
650182234,612
650182248,612
650182776,611
650182879,612
650183023,612
650183039,612
650183041,612
650183047,612
650183635,612
650183642,612
650183653,612
650183657,612
650183673,612
650183705,612
650183740,612
650183844,612
650184425,612
650184470,612
650185191,611
650185221,612
650185243,612
650185255,612
650185333,612
650185423,612
650186135,612
650186761,611
650186879,612
650187044,612
650187668,612
650187903,612
650188520,612
650188652,612
650189161,612
650189252,612
650189444,612
650189445,612
650189451,612
650189993,612
650190143,612
650190788,612
650190927,612
650191047,612
650191087,612
650191672,612
650191823,612
650191835,612
650191845,612
650192389,612
650192435,612
650192491,612
650192518,612
650193260,612
650193271,612
650193451,612
650194022,612
650194223,612
650194589,611
650194776,611
650194820,612
650194849,612
650194860,612
650194895,612
650194922,612
650195565,611
650195620,612
650195843,612
650195847,612
650196418,612
650197162,612
650197276,612
650198001,612
650198023,612
650198076,612
650198813,612
650198824,612
650198897,612
650199648,612
650199682,612
650199835,612
650200468,612
650200488,612
650201016,611
650201227,612
650201281,612
650201994,611
650202015,612
650202024,612
650202062,612
650202063,612
650202610,611
650202750,611
650202818,612
650202848,612
650202867,612
650202869,612
650202873,612
650202884,612
650203579,612
650203598,612
650203599,611
650203620,612
650203658,612
650204361,611
650204427,612
650204467,612
650205163,611
650205188,611
650205227,612
650205274,612
650205443,612
650205790,611
650206083,612
650206848,612
650206871,612
650207035,612
650207666,612
650208368,611
650208466,612
650209003,611
650209168,611
650210027,612
650210088,612
650210616,611
650210792,612
650210867,612
650211416,611
650213962,612
650214008,612
650214026,612
650214756,611
650214766,611
650214821,612
650215035,612
650215559,612
650215610,612
650215643,612
650216358,611
650216360,611
650216411,612
650217271,612
650217272,612
650218769,611
650218813,612
650218881,612
650219589,612
650220206,611
650220371,611
650220388,611
650220420,611
650220462,612
650221169,611
650221203,612
650221207,611
650221816,611
650222015,612
650223567,611
650223577,611
650223667,612
650224384,612
650224448,612
650224470,612
650225150,612
650225157,612
650225183,611
650225281,612
650225989,612
650226072,612
650226074,612
650226810,612
650227575,611
650227620,612
650227684,612
650229144,611
650229150,611
650229200,612
650229262,612
650229960,611
650230813,612
650231610,612
650231613,612
650231663,612
650232365,611
650232409,611
650233152,611
650233156,611
650233165,611
650233211,612
650234823,612
650235560,611
650235578,611
650235612,611
650236402,611
650237201,611
650237206,611
650237274,612
650237812,611
650237960,611
650238022,612
650238808,612
650239583,611
650240209,611
650240368,611
650240375,611
650240378,612
650240403,612
650241161,612
650241168,611
650241202,611
650241945,611
650242798,611
650242815,612
650242944,612
650243547,611
650244208,611
650244365,611
650245154,611
650245179,611
650245220,612
650245815,611
650245902,611
650245977,611
650245981,612
650246749,612
650246761,611
650246810,612
650247608,612
650248373,611
650249144,611
650249154,611
650249177,612
650249186,612
650249222,612
650249226,612
650249971,611
650250008,612
650250761,611
650250809,612
650250812,612
650250818,612
650250822,612
650251553,611
650251556,611
650251557,611
650251565,611
650252409,612
650253024,611
650253029,611
650253176,611
650253962,611
650253977,611
650254760,611
650254768,612
650254785,611
650254789,612
650255442,611
650255552,611
650256246,611
650256410,612
650257122,611
650257182,611
650257205,611
650257952,611
650260380,612
650260411,612
650261162,611
650261189,612
650261204,612
650261942,612
650262755,611
650262785,611
650262812,611
650264371,611
650265011,611
650265208,611
650265939,611
650265972,612
650266805,611
650266815,612
650267509,611
650267572,611
650269153,611
650269204,612
650269829,611
650271503,611
650271616,612
650272340,611
650273208,611
650273226,612
650274652,611
650274826,612
650275558,611
650275583,611
650276408,612
650276426,612
650277171,611
650278004,612
650278749,612
650278750,611
650278774,611
650278782,612
650279555,612
650279577,611
650279586,611
650279608,611
650279609,612
650279614,612
650280351,611
650281049,611
650281153,611
650281950,611
650281956,611
650283440,611
650283515,611
650285990,611
650286017,612
650286724,611
650286772,612
650287428,611
650287478,611
650287547,611
650287581,611
650287612,612
650288346,611
650288385,611
650289064,611
650289079,611
650289980,612
650290714,611
650290746,611
650291426,611
650291530,611
650291553,611
650291563,612
650291612,611
650292234,611
650292275,611
650292353,611
650292410,612
650293063,611
650293132,611
650293851,611
650293874,611
650293925,611
650293981,612
650294730,611
650294759,611
650295458,611
650295471,611
650295490,611
650295563,611
650296335,611
650296357,612
650296392,611
650296403,612
650297891,611
650298679,611
650298686,611
650299489,611
650299555,611
650299584,611
650300333,611
650300345,611
650300356,611
650300382,611
650301041,611
650301156,611
650301952,611
650302629,611
650302755,611
650303437,611
650303464,611
650303522,611
650303547,611
650303550,611
650303555,611
650304238,611
650304302,611
650304356,611
650304357,611
650305916,611
650305947,611
650306674,611
650306756,611
650306757,611
650306811,612
650307467,611
650307493,611
650307552,611
650307558,611
650308230,611
650308278,611
650308332,611
650309928,611
650311451,611
650311554,611
650312226,611
650313150,611
650313890,611
650314666,611
650314731,611
650314746,611
650315431,611
650316290,611
650316331,611
650316354,611
650316355,611
650317071,611
650317072,611
650317115,612
650318699,611
650319435,611
650319549,611
650319550,611
650319551,611
650320225,611
650320236,611
650320256,611
650320286,611
650320352,611
650320357,611
650321069,611
650321857,611
650321948,611
650322628,611
650322699,611
650323534,611
650323551,611
650323554,611
650324357,611
650325134,611
650325150,611
650325885,611
650325950,611
650327468,611
650327477,611
650327551,612
650328271,611
650328302,611
650329157,611
650329912,611
650329945,611
650329947,611
650330671,611
650331512,611
650331534,611
650333896,611
650333897,611
650334716,611
650334752,611
650335467,611
650335541,611
650336285,611
650336289,611
650337129,611
650337892,611
650337941,611
650338632,611
650338672,611
650338673,611
650339473,611
650339478,611
650339511,611
650340270,611
650340338,611
650340345,611
650341109,611
650341941,611
650343485,611
650343536,611
650343548,612
650343549,611
650344283,611
650345137,611
650345841,611
650345883,611
650346653,611
650346721,611
650346726,611
650347462,611
650347542,611
650348268,611
650348281,611
650348304,612
650348338,611
650349079,611
650349908,611
650349915,612
650350643,611
650350694,611
650350743,612
650353084,611
650353111,611
650353125,611
650353136,611
650354738,611
650355522,611
650355538,611
650355540,611
650356254,611
650356278,611
650356340,611
650356344,611
650357097,611
650357151,611
650357909,611
650357920,611
650358634,611
650358711,611
650358721,611
650359543,611
650360304,611
650360314,611
650361096,611
650361115,611
650361846,611
650361876,611
650361933,611
650361935,611
650362664,611
650362703,611
650364258,611
650364290,611
650364340,611
650364342,611
650365057,611
650365144,611
650365887,611
650365894,611
650365932,611
650365943,611
650367462,611
650367469,611
650367487,611
650367520,611
650368309,611
650368320,611
650369103,611
650369844,611
650369864,611
650369916,612
650369919,611
650369928,611
650370745,611
650370749,612
650371529,611
650372304,611
650372305,611
650372342,611
650372343,611
650373116,611
650373132,611
650373890,611
650374709,611
650374726,611
650375485,611
650376308,611
650377942,611
650379459,611
650379516,611
650380309,611
650381077,611
650385122,611
650385883,611
650385902,611
650387465,611
650387528,611
650389912,611
650389917,611
650389923,611
650391496,611
650391527,611
650392275,611
650395528,611
650397875,611
650397894,611
650398693,611
650398712,611
650401122,611
650402693,611
650402714,611
650402727,611
650402737,611
650404313,611
650405060,611
650405093,611
650405122,611
650405898,611
650405909,611
650406724,611
650406729,611
650409119,611
650410731,612
650413105,611
650413922,611
650415509,611
650417081,611
650417097,611
650418697,611
650418722,611
650418723,611
650419489,611
650422710,611
650425881,611
650425900,611
650443491,611
650444289,611
650446691,611
660003292,613
660005401,613
660007550,613
660009627,613
660009680,613
660009690,613
660015247,613
660020276,613
660020979,613
660023116,613
660024618,613
660028788,613
660029451,613
660030168,613
660032273,613
660032340,613
660033039,613
660034779,613
660035071,613
660035496,613
660036573,613
660036596,613
660040414,613
660041126,613
660042137,613
660042841,613
660043928,613
660044249,613
660044250,613
660044277,613
660044658,613
660044954,613
660044962,613
660044963,613
660045651,613
660045658,613
660046058,613
660046371,613
660046453,613
660047762,613
660048340,613
660049043,613
660049091,613
660049179,613
660049187,613
660049909,613
660049918,613
660050451,613
660050579,613
660050588,613
660051141,613
660051295,613
660051315,613
660051705,613
660051715,613
660051987,613
660052000,613
660052071,613
660052700,613
660053278,613
660053410,613
660053491,613
660053775,613
660054000,613
660054133,613
660054519,613
660054674,613
660054811,613
660054899,613
660055518,613
660055863,613
660056077,613
660056223,613
660056248,613
660056254,613
660056920,613
660057617,613
660057636,613
660057995,613
660058030,613
660058146,613
660058337,613
660058340,613
660058367,613
660058879,613
660059026,613
660059064,613
660059123,613
660059400,613
660059443,613
660059736,613
660060343,613
660060355,613
660060432,613
660060445,613
660060785,613
660061015,613
660061038,613
660061151,613
660061710,613
660061716,613
660061875,613
660061880,613
660062231,613
660062385,613
660062424,613
660062559,613
660062929,613
660062940,613
660063013,613
660063140,613
660063148,613
660063249,613
660063253,613
660063284,613
660063827,613
660063831,613
660064298,613
660064524,613
660064529,613
660064565,613
660064581,613
660064661,613
660065040,613
660065220,613
660065290,613
660065364,613
660065396,613
660065712,613
660065732,613
660065741,613
660066069,613
660066420,613
660066447,613
660066654,613
660066698,613
660066774,613
660066808,613
660066815,613
660067135,613
660067145,613
660067195,613
660067344,613
660067971,613
660068033,613
660068046,613
660068104,613
660068180,613
660068540,613
660068732,613
660068754,613
660068764,613
660068765,613
660068897,613
660068915,613
660068920,613
660069584,613
660069590,613
660070142,613
660070158,613
660070180,613
660070204,613
660070330,613
660070878,613
660070926,613
660070968,613
660070992,613
660071023,613
660071030,613
660071046,613
660071333,613
660071352,613
660071423,613
660071492,613
660071598,613
660071700,613
660071735,613
660072294,613
660072333,613
660072836,613
660072973,613
660072986,613
660073030,613
660073104,613
660073108,613
660073138,613
660073592,613
660073685,613
660073696,613
660073740,613
660074171,613
660074192,613
660074443,613
660074544,613
660075151,613
660075193,613
660075222,613
660075644,613
660075646,613
660075682,613
660075765,613
660075920,613
660075962,613
660076531,613
660076561,613
660077062,613
660077218,613
660077367,613
660077770,613
660077785,613
660077965,613
660078618,613
660078645,613
660078671,613
660078673,613
660078713,613
660079194,613
660079308,613
660079470,613
660079474,613
660079488,613
660079780,613
660079912,613
660079918,613
660080065,613
660080150,613
660080195,613
660080580,613
660080728,613
660080762,613
660080764,613
660080824,613
660081313,613
660081394,613
660081421,613
660081530,613
660081600,613
660081649,613
660082752,613
660082840,613
660082886,613
660082897,613
660082967,613
660083014,613
660083436,613
660083551,613
660083570,613
660083640,613
660083645,613
660083689,613
660083691,613
660084107,613
660084200,613
660084258,613
660084872,613
660084877,613
660084994,613
660085106,613
660085562,613
660085573,613
660085582,613
660085673,613
660085707,613
660085754,613
660086108,613
660086123,613
660086235,613
660086295,613
660086331,613
660086361,613
660086374,613
660086453,613
660086577,613
660086932,613
660087075,613
660087076,613
660087101,613
660087102,613
660087111,613
660087158,613
660087163,613
660087238,613
660087646,613
660087942,613
660087943,613
660087986,613
660088436,613
660088487,613
660088491,613
660088505,613
660088569,613
660089166,613
660089344,613
660089351,613
660089392,613
660089894,613
660089933,613
660089971,613
660089974,613
660089978,613
660089996,613
660089999,613
660090623,613
660090752,613
660091197,613
660091297,613
660091307,613
660091348,613
660091383,613
660091407,613
660091941,613
660091945,613
660091952,613
660092081,613
660092604,613
660092619,613
660092705,613
660092713,613
660092731,613
660092745,613
660092778,613
660092840,613
660093427,613
660093459,613
660093508,613
660093617,613
660094076,613
660094724,613
660094820,613
660094857,613
660094902,613
660094953,613
660095479,613
660095629,613
660095657,613
660095685,613
660095729,613
660095972,613
660096066,613
660096146,613
660096204,613
660096307,613
660096358,613
660096378,613
660096385,613
660096432,613
660096817,613
660096818,613
660096822,613
660096862,613
660096960,613
660096978,613
660097514,613
660097555,613
660097643,613
660097734,613
660098073,613
660098184,613
660098426,613
660098432,613
660098477,613
660098930,613
660099093,613
660099115,613
660099126,613
660099247,613
660099250,613
660099748,613
660100192,613
660100324,613
660100478,613
660100557,613
660100611,613
660100657,613
660101162,613
660101712,613
660101791,613
660101904,613
660102020,613
660102444,613
660102481,613
660103117,613
660103351,613
660103356,613
660103408,613
660104053,613
660104067,613
660104104,613
660104176,613
660104178,613
660104410,613
660104702,613
660104704,613
660104729,613
660104813,613
660105238,613
660105457,613
660105476,613
660105540,613
660105543,613
660105586,613
660105825,613
660106059,613
660106157,613
660106287,613
660106289,613
660106856,613
660106951,613
660107466,613
660107467,613
660107495,613
660107570,613
660107579,613
660107590,613
660107652,613
660107698,613
660108284,613
660108355,613
660108633,613
660108957,613
660108979,613
660108987,613
660109005,613
660109060,613
660109061,613
660109692,613
660109765,613
660110055,613
660110314,613
660110338,613
660110387,613
660110413,613
660110469,613
660111110,613
660111149,613
660111445,613
660111810,613
660111874,613
660112421,613
660112581,613
660112584,613
660113283,613
660113561,613
660113878,613
660113884,613
660113927,613
660113986,613
660113991,613
660114634,613
660114689,613
660114691,613
660114695,613
660114968,613
660115294,613
660115330,613
660115337,613
660115436,613
660115912,613
660116028,613
660116033,613
660116045,613
660116104,613
660116141,613
660116143,613
660116699,613
660116715,613
660116740,613
660116845,613
660117080,613
660117411,613
660117445,613
660118125,613
660118154,613
660118209,613
660118494,613
660118806,613
660118810,613
660119623,613
660119819,613
660120237,613
660120940,613
660121028,613
660121068,613
660121232,613
660122367,613
660123658,613
660123756,613
660123815,613
660123862,613
660124117,613
660124439,613
660124478,613
660124588,613
660125855,613
660125893,613
660126593,613
660127255,613
660127280,613
660127305,613
660127983,613
660127998,613
660128008,613
660128078,613
660128083,613
660128218,613
660128663,613
660128813,613
660129368,613
660129390,613
660129491,613
660130113,613
660130185,613
660130220,613
660130222,613
660130815,613
660130889,613
660130909,613
660131482,613
660131721,613
660132184,613
660132317,613
660132563,613
660133259,613
660133975,613
660134575,613
660135013,613
660135024,613
660135150,613
660135283,613
660135724,613
660135730,613
660135854,613
660136779,613
660137244,613
660137858,613
660138101,613
660138162,613
660138175,613
660138632,613
660138633,613
660138653,613
660138826,613
660138861,613
660139236,613
660139363,613
660139372,613
660139508,613
660139525,613
660139967,613
660140078,613
660140300,613
660140745,613
660140747,613
660141375,613
660141460,613
660141636,613
660142091,613
660142159,613
660142324,613
660142395,613
660142749,613
660142758,613
660142856,613
660142869,613
660142894,613
660144293,613
660144971,613
660145167,613
660145182,613
660145221,613
660145568,613
660145676,613
660145690,613
660145838,613
660146276,613
660146540,613
660146544,613
660147083,613
660147118,613
660147206,613
660147240,613
660147242,613
660147297,613
660147323,613
660147342,613
660147790,613
660147804,613
660147808,613
660147820,613
660147822,613
660148039,613
660148489,613
660148515,613
660149900,613
660149914,613
660149924,613
660150041,613
660150050,613
660150097,613
660150130,613
660150636,613
660150862,613
660151305,613
660151340,613
660151454,613
660151564,613
660151900,613
660152019,613
660152037,613
660152039,613
660152712,613
660152725,613
660152728,613
660152741,613
660152920,613
660152955,613
660153416,613
660153428,613
660153432,613
660153435,613
660153546,613
660153603,613
660153649,613
660153678,613
660154012,613
660154055,613
660154384,613
660154835,613
660154843,613
660155020,613
660155528,613
660155530,613
660155539,613
660155724,613
660156240,613
660156832,613
660156944,613
660156957,613
660157666,613
660157880,613
660157883,613
660158239,613
660158244,613
660158348,613
660158355,613
660158526,613
660158943,613
660159057,613
660159065,613
660159067,613
660159068,613
660159208,613
660159231,613
660159664,613
660159761,613
660159958,613
660160471,613
660160486,613
660160706,613
660160712,613
660161169,613
660161175,613
660161179,613
660161183,613
660161374,613
660161398,613
660161408,613
660161422,613
660161870,613
660161871,613
660161883,613
660162587,613
660162597,613
660162598,613
660162704,613
660162758,613
660163289,613
660163515,613
660164163,613
660164220,613
660164228,613
660164237,613
660164241,613
660164615,613
660164850,613
660164899,613
660164937,613
660165410,613
660165412,613
660166104,613
660166352,613
660166688,613
660166800,613
660167691,613
660168202,613
660168207,613
660168229,613
660168231,613
660168913,613
660168920,613
660169160,613
660169505,613
660169610,613
660169872,613
660170330,613
660170346,613
660170517,613
660170577,613
660171172,613
660171216,613
660171231,613
660171741,613
660171902,613
660171948,613
660171970,613
660172440,613
660172584,613
660172615,613
660172624,613
660173146,613
660173158,613
660173262,613
660173309,613
660173341,613
660173835,613
660174004,613
660174045,613
660174539,613
660174544,613
660174554,613
660174559,613
660174696,613
660174756,613
660174778,613
660174784,613
660175256,613
660175442,613
660175496,613
660175947,613
660175966,613
660175979,613
660176159,613
660176204,613
660176653,613
660176847,613
660177357,613
660177480,613
660177493,613
660177512,613
660177576,613
660177601,613
660177611,613
660177956,613
660178081,613
660178265,613
660178270,613
660178790,613
660178966,613
660179001,613
660179007,613
660179027,613
660179662,613
660179672,613
660179673,613
660180185,613
660180375,613
660180902,613
660181106,613
660181472,613
660181600,613
660181803,613
660181835,613
660181844,613
660182295,613
660182461,613
660182464,613
660182507,613
660182527,613
660182882,613
660182986,613
660183016,613
660183019,613
660183155,613
660183206,613
660183217,613
660183235,613
660183693,613
660183713,613
660183891,613
660183946,613
660184558,613
660184584,613
660184657,613
660185305,613
660185320,613
660185830,613
660186030,613
660186703,613
660186718,613
660186771,613
660187390,613
660187452,613
660187461,613
660187917,613
660188127,613
660188162,613
660188879,613
660189325,613
660189512,613
660189542,613
660189569,613
660190055,613
660190906,613
660190937,613
660190955,613
660191465,613
660191692,613
660191699,613
660192843,613
660192858,613
660193006,613
660193042,613
660193048,613
660193081,613
660193088,613
660193713,613
660193743,613
660193762,613
660193788,613
660194278,613
660194468,613
660194470,613
660194515,613
660195181,613
660195857,613
660195888,613
660195902,613
660197294,613
660197789,613
660197982,613
660198002,613
660198033,613
660198371,613
660198504,613
660198713,613
660199208,613
660199318,613
660200046,613
660200089,613
660200594,613
660200754,613
660200798,613
660200802,613
660200809,613
660200810,613
660201298,613
660201495,613
660201994,613
660202706,613
660202825,613
660202958,613
660203435,613
660203580,613
660204127,613
660204302,613
660204810,613
660205017,613
660205040,613
660205071,613
660205541,613
660205546,613
660205547,613
660206250,613
660206469,613
660207656,613
660207785,613
660207803,613
660207808,613
660207837,613
660207844,613
660207870,613
660208357,613
660208476,613
660208546,613
660208559,613
660208564,613
660208581,613
660208584,613
660209273,613
660209992,613
660210658,613
660210680,613
660211376,613
660212068,613
660212088,613
660212766,613
660213285,613
660214199,613
660214212,613
660214874,613
660214895,613
660215594,613
660215607,613
660216107,613
660216298,613
660217007,613
660217029,613
660218410,613
660219117,613
660219627,613
660220536,613
660220540,613
660221216,613
660221234,613
660221236,613
660221248,613
660221739,613
660221940,613
660221950,613
660222621,613
660222637,613
660223281,613
660224069,613
660224681,613
660224738,613
660224774,613
660225962,613
660226152,613
660227567,613
660228279,613
660229701,613
660230370,613
660230388,613
660231774,613
660233212,613
660236037,613
660236038,613
660238142,613
660238853,613
660240041,613
660243772,613
660245872,613
660246377,613
660250800,613
660263977,613
670001138,614
670003156,614
670003161,614
670003165,614
670004193,614
670005116,614
670005241,614
670006128,614
670007299,614
670009351,614
670011400,614
670012283,614
670014539,614
670014559,614
670015571,614
670015573,614
670015816,614
670016376,614
670017617,614
670019447,614
670019525,614
670019662,614
670019905,614
670020471,614
670020472,614
670020499,614
670020626,614
670020718,614
670021544,614
670021648,614
670021720,614
670021948,614
670021956,614
670021962,614
670022727,614
670023180,614
670023568,614
670023597,614
670023773,614
670024000,614
670024019,614
670024564,614
670025625,614
670025796,614
670026050,614
670026250,614
670026276,614
670026406,614
670026659,614
670026660,614
670026857,614
670027351,614
670027391,614
670027412,614
670027458,614
670027686,614
670028342,614
670028397,614
670028411,614
670028442,614
670028458,614
670028479,614
670028484,614
670028713,614
670028899,614
670028914,614
670029437,614
670029473,614
670029720,614
670029854,614
670029880,614
670029914,614
670029936,614
670030151,614
670030337,614
670030400,614
670030439,614
670030473,614
670030557,614
670030755,614
670030921,614
670031172,614
670031361,614
670031430,614
670031491,614
670031517,614
670031534,614
670031535,614
670032208,614
670032369,614
670032446,614
670032457,614
670032478,614
670032481,614
670032483,614
670032577,614
670032587,614
670032919,614
670033230,614
670033402,614
670033406,614
670033484,614
670033975,614
670034426,614
670034429,614
670034536,614
670034545,614
670034604,614
670035008,614
670035013,614
670035063,614
670035258,614
670035289,614
670035505,614
670035576,614
670035656,614
670035658,614
670036005,614
670036012,614
670036083,614
670036087,614
670036108,614
670036385,614
670036450,614
670036545,614
670036573,614
670036591,614
670036689,614
670036841,614
670037038,614
670037494,614
670037495,614
670037521,614
670037635,614
670037650,614
670037661,614
670037668,614
670037867,614
670038075,614
670038136,614
670038356,614
670038487,614
670038574,614
670039161,614
670039187,614
670039557,614
670039635,614
670039664,614
670039759,614
670040418,614
670040603,614
670040622,614
670040720,614
670040724,614
670040735,614
670040784,614
670040789,614
670040796,614
670040799,614
670041115,614
670041449,614
670041578,614
670041581,614
670041652,614
670041997,614
670042232,614
670042272,614
670042423,614
670042645,614
670042700,614
670042849,614
670043255,614
670043478,614
670043663,614
670043879,614
670044287,614
670044904,614
670045012,614
670045498,614
670045652,614
670045663,614
670045736,614
670046128,614
670046328,614
670046333,614
670046374,614
670046463,614
670046907,614
670047082,614
670047408,614
670047786,614
670047929,614
670048074,614
670048383,614
670048563,614
670048564,614
670048565,614
670048598,614
670048733,614
670048758,614
670048956,614
670049709,614
670050571,614
670050767,614
670050972,614
670051029,614
670051368,614
670051480,614
670051616,614
670051619,614
670051674,614
670052080,614
670052165,614
670052166,614
670052530,614
670052793,614
670052817,614
670052838,614
670053088,614
670053100,614
670053425,614
670053688,614
670053744,614
670053923,614
670054204,614
670054231,614
670054522,614
670054552,614
670054581,614
670054605,614
670054655,614
670055309,614
670055588,614
670055616,614
670055721,614
670055732,614
670055824,614
670055864,614
670056280,614
670056599,614
670056671,614
670056880,614
670057193,614
670057297,614
670057727,614
670057745,614
670057895,614
670058214,614
670058801,614
670059554,614
670059773,614
670059991,614
670060256,614
670060385,614
670060429,614
670060701,614
670061720,614
670062770,614
670062837,614
670062958,614
670063879,614
670063908,614
670063921,614
670064005,614
670064919,614
670064950,614
670065008,614
670065394,614
670065857,614
670066866,614
670066871,614
670067094,614
670067881,614
670067974,614
670068561,614
670068915,614
670068917,614
670068977,614
670069584,614
670069933,614
670070937,614
670070969,614
670073067,614
670074102,614
670074699,614
670075121,614
670075635,614
670076206,614
670076301,614
670077063,614
670078195,614
670078764,614
670079199,614
670080173,614
670080239,614
670080383,614
670081270,614
670081324,614
670082349,614
670082431,614
670083278,614
670084348,614
670085372,614
670085952,614
670086396,614
670087992,614
670089019,614
670089445,614
670089455,614
670090435,614
670094128,614
670095146,614
670095161,614
670096180,614
670096601,614
670097220,614
670098175,614
670098223,614
670100230,614
670101254,614
670101275,614
670101302,614
670102320,614
670103339,614
670103785,614
670106377,614
670106394,614
670107437,614
670109462,614
670110459,614
670110476,614
670110480,614
670113570,614
670115629,614
670117644,614
670125856,614
670126861,614
670126874,614
670128908,614
670129949,614
670129950,614
670129957,614
670133017,614
670135057,614
670138145,614
710005641,702
710009611,702
710009639,702
710011569,702
710011577,702
710013553,702
710013559,702
710013569,702
710015526,702
710015555,702
710015570,702
710019480,702
710019525,702
710019727,702
710021503,702
710023415,702
710023441,702
710023448,702
710023449,702
710023453,702
710023484,702
710025592,702
710027526,702
710027681,702
710029411,702
710029483,702
710029570,702
710029665,702
710031378,702
710033204,702
710033532,702
710033625,702
710035200,702
710035206,702
710035505,702
710035595,702
710037490,702
710039153,702
710039500,702
710041138,702
710041142,702
710041442,702
710041454,702
710041480,702
710043123,702
710043145,702
710043274,702
710043425,702
710043550,702
710045241,702
710047501,702
710049399,702
710049464,702
710049474,702
710049478,702
710049484,702
710049486,702
710053397,702
710053440,702
710053456,702
710055332,702
710057011,702
710057149,702
710057294,702
710057305,702
710057353,702
710057421,702
710059024,702
710059276,702
710059292,702
710059418,702
710061121,702
710061268,702
710062959,702
710063091,702
710063106,702
710063348,702
710063358,702
710063363,702
710065000,702
710065232,702
710065340,702
710066926,702
710066975,702
710066983,702
710067216,702
710067224,702
710067313,702
710067333,702
710067338,702
710068903,702
710068910,702
710069045,702
710069300,702
710069315,702
710071197,702
710071286,702
710072937,702
710073168,702
710075250,702
710075269,702
710076995,702
710077149,702
710077200,702
710077212,702
710078824,702
710078961,702
710079125,702
710080812,702
710081109,702
710081170,702
710081174,702
710081178,702
710082790,702
710082792,702
710082796,702
710082844,702
710082859,702
710083185,702
710084774,702
710085075,702
710085210,702
710088741,702
710088876,702
710089132,702
710089136,702
710090854,702
710090858,702
710092841,702
710093015,702
710094693,702
710094822,702
710096683,702
710096818,702
710098665,702
710102759,702
710102767,702
710104261,702
710104743,702
710104756,702
710106111,702
710106725,702
710110569,702
710110945,702
710112942,702
710114061,702
710114532,702
710114667,702
710116154,702
710116896,702
710118891,702
710121064,703
710121066,703
710121953,702
710122851,702
710122857,702
710124074,702
710126013,702
710127022,703
710128552,702
710128813,702
710130402,702
710130530,702
710133896,702
710135892,702
710135906,702
710135989,702
710136479,702
710136749,702
710137878,702
710137892,702
710138463,702
710138472,702
710138732,702
710139872,702
710139965,702
710140230,702
710140321,702
710140322,702
710140324,702
710140447,702
710140716,702
710141785,702
710141811,702
710142385,702
710142440,702
710142895,703
710142898,703
710144285,702
710144685,702
710145761,702
710145802,702
710145805,702
710145820,702
710145906,702
710145917,702
710145961,702
710147822,702
710147840,702
710147849,702
710148200,702
710148260,702
710149734,702
710149811,702
710149834,702
710149959,702
710151786,702
710151859,702
710152223,702
710152318,702
710152831,703
710153668,702
710153820,702
710154813,703
710155707,702
710155759,702
710156314,702
710157694,702
710157824,702
710158078,702
710158116,702
710158772,703
710159788,702
710160086,702
710160113,702
710160154,702
710161607,702
710161786,702
710162240,702
710162265,702
710162268,702
710163594,702
710163618,702
710163661,702
710163685,702
710163740,702
710163744,702
710163782,702
710164722,703
710165502,702
710165548,702
710165577,702
710165587,702
710165609,702
710165610,702
710165691,702
710167498,702
710167619,702
710167699,702
710167713,702
710168062,702
710168709,703
710169534,702
710169595,702
710169649,702
710169781,702
710169978,702
710169995,702
710170079,702
710170676,703
710171535,702
710171539,702
710171610,702
710171683,702
710171786,702
710173506,702
710173528,702
710173665,702
710173981,702
710174649,703
710174650,703
710175309,702
710175439,702
710175459,702
710175490,702
710175502,702
710175651,702
710177495,702
710177526,702
710177606,702
710177801,702
710177928,702
710178096,702
710178612,703
710179448,702
710179526,702
710179532,702
710179607,702
710179615,702
710179622,702
710179671,702
710179736,702
710179896,702
710179903,702
710179995,702
710181233,701
710181439,702
710181451,702
710181487,702
710181601,702
710181881,702
710181964,702
710183361,702
710183425,702
710183486,702
710183913,702
710184560,703
710185370,702
710185429,702
710185457,702
710185484,702
710185513,702
710185563,702
710185579,702
710185844,702
710185942,702
710186545,703
710186559,703
710187391,702
710187402,702
710187419,702
710187492,702
710187525,702
710187825,702
710189324,702
710189398,702
710189403,702
710189410,702
710189496,702
710189818,702
710189824,702
710189826,702
710191273,702
710191310,702
710191354,702
710191695,702
710191807,702
710191833,702
710191846,702
710192290,702
710192522,703
710193278,702
710193408,702
710193478,702
710193674,702
710194483,703
710195171,702
710195308,702
710195586,702
710195761,702
710195819,702
710197264,702
710197329,702
710197386,702
710197455,702
710197592,702
710197743,702
710197786,702
710197952,702
710199250,702
710199307,702
710199375,702
710199817,702
710199955,702
710201081,702
710201290,702
710201906,702
710203219,702
710203234,702
710203311,702
710203725,702
710203898,702
710205183,702
710205189,702
710205245,702
710205371,702
710205375,702
710206414,703
710207363,702
710207373,702
710207377,702
710207481,702
710207504,702
710207515,702
710207551,702
710207651,702
710207732,702
710207748,702
710207750,702
710207894,702
710208408,703
710209047,702
710209266,702
710209733,702
710210992,702
710211113,702
710211141,702
710211346,702
710212980,702
710213049,702
710213122,702
710213158,702
710213508,702
710213720,702
710213721,702
710213829,702
710213839,702
710214322,703
710214341,703
710215036,702
710215063,702
710215196,702
710215303,702
710217104,702
710217132,702
710217138,702
710217288,702
710217292,702
710217564,702
710218295,703
710218910,701
710218927,701
710219084,702
710219254,702
710219256,702
710219497,702
710219559,702
710219578,702
710220291,703
710220296,703
710221068,702
710221256,702
710221453,702
710221640,702
710221775,702
710222918,702
710222999,702
710223049,702
710223095,702
710223423,702
710223449,702
710223754,702
710223759,702
710224252,703
710224974,702
710225033,702
710225068,702
710225080,702
710225243,702
710225748,702
710226241,703
710226915,702
710227014,702
710227059,702
710227205,702
710227599,702
710227716,702
710228895,702
710228923,702
710228945,702
710228963,702
710229006,702
710229335,702
710230208,703
710230219,703
710230955,702
710230997,702
710231011,702
710231563,702
710232977,702
710233012,702
710233160,702
710233339,702
710234181,703
710234191,703
710234899,702
710234929,702
710235144,702
710235162,702
710235268,702
710235287,702
710235648,702
710236781,701
710236790,702
710236821,702
710236929,702
710236971,702
710237318,702
710237376,702
710238149,703
710238808,702
710238958,702
710240132,703
710240819,702
710241388,702
710241478,702
710242108,703
710243062,702
710244101,703
710244107,703
710244708,701
710244820,702
710244910,702
710245046,702
710245361,702
710245376,702
710246080,703
710246685,702
710246774,702
710246803,702
710246878,702
710248678,702
710248713,702
710248828,702
710248854,702
710249207,702
710249257,702
710249546,702
710249548,702
710250046,703
710250840,702
710250880,702
710251232,702
710251391,702
710252636,701
710252702,702
710253221,702
710254706,702
710254792,702
710254848,702
710255149,702
710256799,702
710257177,702
710257188,702
710257987,703
710258673,702
710258684,702
710258943,702
710259179,702
710260927,702
710262642,702
710263110,702
710263221,702
710264639,702
710264668,702
710266542,702
710266640,702
710266654,702
710266675,702
710266696,702
710266729,702
710266740,702
710267902,703
710268551,702
710268576,702
710268618,702
710269247,702
710270459,701
710270490,701
710270532,702
710270646,702
710270698,702
710270708,702
710271069,702
710271373,702
710271893,703
710272554,702
710272580,702
710272691,702
710273092,702
710273106,702
710273218,702
710273880,703
710274523,702
710274552,702
710274558,702
710275033,702
710275046,702
710276538,702
710276575,702
710278431,701
710278508,702
710278609,702
710278656,702
710280424,702
710280536,702
710281053,702
710282421,702
710282486,702
710282505,702
710282517,702
710282972,702
710282988,702
710284371,702
710284577,702
710287765,703
710288385,702
710288554,702
710288885,702
710290516,702
710290917,702
710290923,702
710292328,701
710292420,702
710292930,702
710293721,703
710294312,702
710294921,702
710296277,702
710296418,702
710298305,702
710298372,702
710298853,702
710298888,702
710298903,702
710300238,702
710300248,702
710300278,702
710302312,702
710302360,702
710302370,702
710303117,702
710304216,701
710304234,701
710304246,701
710304261,702
710310156,702
710310310,702
710312294,702
710314779,702
710316163,702
710320097,701
710320701,702
710322074,702
710322709,702
710324009,701
710324136,702
710324654,702
710325458,703
710326189,702
710328023,701
710328624,702
710331977,701
710335946,701
710336108,702
710339920,701
710343880,701
710343934,702
710345851,701
710345866,701
710345952,702
710347853,701
710347872,702
710348467,702
710351269,703
710353252,703
710358411,702
710359756,701
710361175,703
710363173,703
710363721,701
710365175,703
710365628,701
710365666,701
710369138,701
710370308,702
710371520,701
710373091,703
710377610,701
710379520,701
710385010,703
710385013,703
710385528,701
710390973,703
710394105,702
710396091,702
710398881,703
710399292,701
710400876,703
710407262,701
710408829,703
710409343,701
710413180,701
710417255,701
710419194,701
710419271,701
710422701,703
710427119,701
710431167,701
710433051,701
710435061,701
710439021,701
710440916,701
710444956,701
710444994,701
710446916,701
710450925,701
710450957,701
710452918,701
710454888,701
710458925,702
710462864,701
710470330,703
710474725,701
710476783,701
710478754,701
710482658,701
710490628,701
710492592,701
710494656,701
710498494,701
710502087,703
710502359,703
710504372,701
710504497,701
710504546,701
710506418,701
710508445,701
710510323,703
710512397,701
710514361,701
710514415,701
710516332,701
710516362,701
710518320,701
710518328,701
710518338,701
710518423,701
710526264,701
710527865,703
710528230,701
710528271,701
710530196,701
710532158,703
710532256,701
710534206,701
710535808,703
710542126,701
710542245,702
710546116,701
710546137,701
710548094,701
710550028,701
710551668,703
710556010,701
710557624,703
710557628,703
710557948,701
710558043,701
710560032,701
710561928,701
710563838,701
710563956,701
710567560,703
710567793,703
710567940,701
710569861,701
710569891,701
710571787,701
710571841,701
710571936,701
710573798,701
710573820,701
710577783,703
710579772,703
710583730,701
710583798,701
710585676,701
710587650,701
710587757,701
710589751,701
710591689,701
710591749,701
710597533,703
710597594,703
710597698,701
710601580,701
710601613,701
710603527,701
710605593,701
710605620,701
710605638,701
710607487,701
710607569,701
710607572,701
710609542,701
710611397,703
710613533,701
710615170,703
710615513,701
710621126,703
710621312,703
710621512,701
710623435,701
710625268,703
710629398,701
710631301,701
710633399,701
710637270,701
710639187,703
710641205,703
710641258,701
710643090,703
710643179,701
710643278,701
710645146,703
710645178,701
710647162,701
710649238,701
710651148,703
710651251,701
710653060,703
710653219,701
710655176,701
710657141,701
710657169,701
710659035,701
710659046,701
710659132,701
710659190,701
710661018,703
710664808,703
710665123,701
710667092,701
710668950,703
710669045,701
710669070,701
710670992,701
710673035,701
710678688,703
710678895,701
710680899,701
710684745,703
710684829,703
710684911,701
710688719,703
710690659,703
710690815,701
710692603,703
710692686,701
710694702,703
710694751,701
710694867,701
710696514,703
710696642,703
710696726,701
710696846,701
710698780,701
710702676,701
710702838,701
710704465,703
710704654,703
710706434,703
710710654,703
710712600,703
710714385,703
710714626,701
710714647,701
710714678,701
710720457,703
710720510,701
710722617,701
710726503,703
710730283,701
710730471,701
710732372,701
710732430,701
710732459,701
710732463,701
710734376,703
710736338,703
710736414,703
710738250,703
710740311,701
710742404,701
710746290,703
710746358,703
710748111,703
710748271,703
710748317,703
710748334,701
710748388,701
710750294,701
710752269,701
710756199,701
710756218,703
710758222,701
710760036,703
710760277,701
710764152,703
710764157,703
710766038,703
710768145,701
710770139,701
710770230,701
710772083,703
710774032,703
710774177,701
710774197,701
710778116,701
710780025,703
710780087,701
710781874,703
710782007,703
710784027,701
710785958,703
710785978,703
710785993,701
710788004,703
710789828,703
710791854,703
710791966,703
710792016,701
710793904,701
710793950,703
710797708,703
710797805,703
710801856,701
710801892,701
710803838,703
710803842,703
710807810,703
710807851,701
710809709,701
710809761,701
710809857,703
710811619,703
710811893,701
710813690,701
710815673,703
710819564,703
710819607,701
710819681,701
710821546,703
710821553,703
710821602,701
710825525,703
710827618,701
710827648,701
710827722,701
710829634,701
710829639,701
710831578,703
710831613,701
710833553,703
710833591,703
710835638,701
710839418,703
710839506,703
710841479,703
710843411,703
710845564,703
710855375,701
710857289,703
710857365,701
710857386,701
710857389,701
710861267,703
710861299,703
710861317,703
710861384,701
710871180,703
710871213,703
710877105,701
710879102,703
710879119,701
710879147,701
710881151,703
710881153,703
710881167,703
710885068,703
710885166,701
710887085,703
710887169,701
710889014,701
710889066,701
710892962,703
710893022,703
710904901,701
710904958,703
710904975,701
710906861,703
710910907,701
710910926,701
710912854,703
710922788,703
710930704,701
710934673,701
710938585,703
710942547,701
710952506,703
710952517,701
710952605,703
710956540,701
710964425,701
710964429,703
710964481,703
710968391,703
710972459,703
710976338,703
710976380,701
710978298,703
710992257,701
710996239,701
710998166,703
711000108,703
711000165,701
711004133,701
711045782,703
711079525,703
711093399,701
720021869,705
720031768,705
720039720,705
720043708,705
720047676,705
720063878,705
720065774,705
720065890,705
720067541,705
720067602,705
720069586,705
720069759,705
720071510,705
720071532,705
720071704,705
720071890,705
720073504,705
720073575,705
720075482,705
720075580,705
720075803,705
720075819,705
720075822,705
720075851,705
720077494,705
720077542,705
720077547,705
720077695,705
720077793,705
720077819,705
720077885,705
720079448,705
720079747,705
720079798,705
720079819,705
720079833,705
720079846,705
720081411,705
720081477,705
720081488,705
720081512,705
720081665,705
720081704,705
720081761,705
720081773,705
720081781,705
720081807,705
720081817,705
720083421,705
720083565,705
720083633,705
720083787,705
720083809,705
720083821,705
720083859,705
720085458,705
720085707,705
720085716,705
720085768,705
720085822,705
720087406,705
720087587,705
720087684,705
720087697,705
720087711,705
720089391,705
720089392,705
720089400,705
720089412,705
720089443,705
720089526,705
720089640,705
720089675,705
720089751,705
720089756,705
720091338,705
720091368,705
720091379,705
720091391,705
720091404,705
720091505,705
720091538,705
720091568,705
720091578,705
720091673,705
720091718,705
720093155,704
720093392,705
720093446,705
720093557,705
720093571,705
720093668,705
720093690,705
720093765,705
720095347,705
720095363,705
720095408,705
720095506,705
720095675,705
720095714,705
720097312,705
720097330,705
720097397,705
720097470,705
720097514,705
720097615,705
720097639,705
720099446,705
720099451,705
720099467,705
720099533,705
720099611,705
720099626,705
720099632,705
720099697,705
720099721,705
720099754,705
720101273,705
720101303,705
720101332,705
720101499,705
720101628,705
720101639,705
720101664,705
720103370,705
720103462,705
720103491,705
720103498,705
720103546,705
720103564,705
720103618,705
720103626,705
720103640,705
720103656,705
720105289,705
720105346,705
720105354,705
720105394,705
720105409,705
720105423,705
720105593,705
720105607,705
720105623,705
720105681,705
720107261,705
720107265,705
720107294,705
720107345,705
720107361,705
720107486,705
720107552,705
720107555,705
720107618,705
720109233,705
720109271,705
720109328,705
720109405,705
720109526,705
720109535,705
720109567,705
720109590,705
720110982,704
720111213,705
720111296,705
720111366,705
720111446,705
720111447,705
720111507,705
720111795,705
720112095,704
720113249,705
720113295,705
720113299,705
720113344,705
720113412,705
720113423,705
720113468,705
720113472,705
720113592,705
720113625,705
720113795,705
720114941,704
720115291,705
720115339,705
720115402,705
720115445,705
720115606,705
720115609,705
720115866,705
720117214,705
720117243,705
720117285,705
720117348,705
720117380,705
720117386,705
720117442,705
720117488,705
720117750,705
720117932,705
720118015,704
720118128,704
720118387,704
720119137,705
720119192,705
720119202,705
720119248,705
720119249,705
720119251,705
720119272,705
720119285,705
720119294,705
720119327,705
720119329,705
720119383,705
720119566,705
720119784,705
720120235,704
720120872,704
720121127,705
720121218,705
720121234,705
720121251,705
720121262,705
720121367,705
720121538,705
720121564,705
720121972,704
720122260,704
720122402,704
720123198,705
720123223,705
720123400,705
720123512,705
720123632,705
720123748,705
720124155,704
720124239,704
720125130,705
720125182,705
720125221,705
720125290,705
720125343,705
720125394,705
720125398,705
720125550,705
720125934,704
720126189,704
720126282,704
720127141,705
720127209,705
720127301,705
720127340,705
720127409,705
720127481,705
720127496,705
720127500,705
720127753,705
720129112,705
720129118,705
720129204,705
720129219,705
720129249,705
720129309,705
720129451,705
720129501,705
720129550,705
720130072,704
720131141,705
720131143,705
720131197,705
720131198,705
720131290,705
720131365,705
720131674,705
720131986,704
720132097,704
720133124,705
720133143,705
720133149,705
720133217,705
720133612,705
720134014,704
720134046,704
720134075,704
720134342,704
720134374,704
720135150,705
720135184,705
720135435,705
720135709,704
720135777,705
720135816,705
720137087,705
720137118,705
720137558,705
720137600,705
720137695,705
720137857,704
720138780,704
720139077,705
720139554,705
720139604,705
720139834,704
720139846,704
720139908,704
720139950,704
720140034,704
720141072,705
720141587,705
720141699,705
720141722,705
720141811,704
720141813,704
720142117,704
720142269,704
720143063,705
720143107,705
720143457,705
720143601,705
720143675,705
720144011,704
720145174,705
720145480,705
720147007,705
720147571,705
720147585,705
720147636,705
720147685,705
720147793,704
720147805,704
720147969,704
720149142,705
720149156,705
720149420,705
720149510,705
720149544,705
720149872,704
720149988,704
720150041,704
720150050,704
720150219,704
720150587,704
720151002,705
720151275,705
720151432,705
720151460,705
720151487,705
720151499,705
720151580,705
720151735,704
720151739,704
720151844,704
720151898,704
720152025,704
720152033,704
720152038,704
720152075,704
720152231,704
720152233,704
720152558,704
720153117,705
720153291,705
720153388,705
720153456,705
720153513,705
720153552,705
720153609,705
720153873,704
720154003,704
720155372,705
720155576,705
720155867,704
720155872,704
720155937,704
720155961,704
720156445,704
720157085,705
720157405,705
720157412,705
720157414,705
720157600,705
720157803,704
720157860,704
720157862,704
720157942,704
720159340,705
720159611,705
720159710,704
720159720,704
720159804,704
720159847,704
720159893,704
720159898,704
720159916,704
720159950,704
720160007,704
720160039,704
720160062,704
720160073,704
720161334,705
720161383,705
720161544,705
720161725,704
720161764,704
720161802,704
720161880,704
720161933,704
720162046,704
720162276,704
720162466,704
720163327,705
720163338,705
720163382,705
720163596,704
720163653,704
720163663,704
720163729,704
720163840,704
720165303,705
720165324,705
720165332,705
720165401,705
720165439,705
720165643,704
720165666,704
720165727,704
720165776,704
720165782,704
720165815,704
720165834,704
720165978,704
720167262,705
720167268,705
720167274,705
720167312,705
720167321,705
720167504,705
720167525,704
720167627,704
720167633,704
720167716,704
720168045,704
720169267,705
720169273,705
720169284,705
720169299,705
720169442,705
720169577,704
720169598,704
720169610,704
720169628,704
720169670,704
720169693,704
720169707,704
720169941,704
720169945,704
720170096,704
720170195,704
720170365,704
720171262,705
720171495,704
720171535,705
720171608,704
720171625,704
720171704,704
720171852,704
720172273,704
720173386,705
720173471,705
720173518,704
720173602,704
720173618,704
720173638,704
720173648,704
720173650,704
720173675,704
720173677,704
720173725,704
720174454,704
720175247,705
720175251,705
720175257,705
720175259,705
720175272,705
720175544,704
720175549,704
720176396,704
720177204,705
720177232,705
720177247,705
720177576,704
720177581,704
720177612,704
720177623,704
720177671,704
720177754,704
720177778,704
720177942,704
720179199,705
720179209,705
720179323,705
720179492,704
720179565,704
720179590,704
720179618,704
720179884,704
720179888,704
720180368,704
720181172,705
720181309,705
720181318,705
720181415,704
720181567,704
720181592,704
720181787,704
720181921,704
720182049,704
720183164,705
720183217,705
720183310,705
720183316,705
720183359,705
720183376,705
720183408,705
720183474,704
720183521,704
720183558,704
720183562,704
720183754,704
720183794,704
720184230,704
720185171,705
720185206,705
720185250,705
720185495,704
720185547,704
720185862,704
720185947,704
720187151,705
720187182,705
720187208,705
720187216,705
720187293,704
720187485,704
720187676,704
720187754,704
720187781,704
720187810,704
720187814,704
720187845,704
720187852,704
720188078,704
720189160,705
720189442,704
720189595,704
720189836,704
720189848,704
720191087,705
720191093,705
720191221,705
720191652,704
720191931,704
720193351,704
720193725,704
720193837,704
720195053,705
720195165,705
720195170,705
720195682,704
720195733,704
720195778,704
720195790,704
720197077,705
720197363,704
720199043,705
720199352,704
720199406,704
720199794,704
720201367,704
720201374,704
720201381,704
720201643,704
720201679,704
720201900,704
720203014,705
720203448,704
720203705,704
720203706,704
720205291,704
720205350,704
720205977,704
720207473,704
720207553,704
720207783,704
720209101,705
720209306,704
720209452,704
720209457,704
720209670,704
720209678,704
720211316,704
720211755,704
720212076,704
720213280,704
720213432,704
720213729,704
720215352,704
720221182,704
720227924,704
720233806,704
720247731,704
720265490,704
720269474,704
720271516,704
730043557,707
730044853,707
730060237,707
730061496,707
730084567,707
730096105,707
730103811,707
730108900,707
730110195,707
730119182,707
730124341,707
730125606,707
730129410,707
730139649,707
730140925,706
730146141,707
730148686,707
730156372,707
730162343,706
730164045,707
730165296,707
730167925,707
730174312,707
730174340,707
730180754,707
730180756,707
730183303,707
730187142,707
730188430,707
730189226,706
730198678,707
730199944,707
730210203,707
730212767,707
730214037,707
730219159,707
730220439,707
730224271,707
730228109,707
730229406,707
730231962,706
730234519,707
730242201,707
730244755,707
730244864,707
730248691,707
730249943,707
730257577,707
730262768,707
730266547,707
730271680,707
730271770,707
730278082,707
730278133,707
730279402,707
730285818,707
730288941,706
730290916,707
730294697,707
730295274,706
730296074,707
730298617,707
730305033,707
730306340,707
730309343,706
730317841,707
730320598,706
730326857,707
730328419,706
730329798,706
730337126,707
730338771,706
730338785,706
730341064,707
730342570,706
730342616,706
730343469,707
730343670,706
730345175,706
730348597,707
730349873,707
730351152,707
730351352,706
730351569,706
730352659,706
730354157,706
730354992,707
730356489,706
730360313,707
730361673,706
730362947,706
730364314,706
730364383,706
730365309,707
730366903,706
730369070,707
730371630,707
730373193,706
730374565,706
730374599,706
730374631,706
730376928,707
730377200,706
730378411,706
730379525,706
730379559,706
730379641,706
730380997,706
730382078,706
730382294,706
730383242,707
730383488,706
730383544,706
730385719,707
730386119,706
730388553,706
730388614,706
730389840,706
730389843,706
730392517,706
730392544,706
730393614,706
730393814,706
730397234,707
730397314,707
730397329,707
730398690,707
730398823,707
730400015,706
730400069,707
730400071,706
730402362,707
730402597,706
730402608,706
730402691,706
730403721,707
730403907,707
730404997,707
730405126,706
730406423,706
730407615,707
730409087,706
730410131,707
730410200,707
730411529,707
730411565,706
730411611,706
730412935,706
730414156,707
730415407,706
730415470,706
730416628,707
730416746,706
730418016,706
730420493,707
730420636,706
730421782,706
730421815,706
730424332,706
730424334,706
730424436,707
730424511,706
730425671,706
730429467,706
730430748,707
730430816,706
730430861,706
730430870,706
730432062,706
730434656,706
730434679,706
730437188,706
730438471,706
730439655,707
730439685,707
730439739,706
730439833,706
730442223,707
730442320,706
730442367,706
730444766,707
730446142,706
730447396,707
730450003,706
730458962,707
730460250,707
730466656,706
730467970,707
730469167,707
730471743,707
730471822,706
730472945,707
730476859,707
730483268,706
730492230,706
730493510,706
730498556,707
730502470,706
730524167,706
740008079,709
740022872,709
740025560,709
740030934,709
740032278,709
740048354,708
740052442,709
740057820,709
740065884,709
740067231,709
740073948,709
740077983,709
740080675,709
740080708,709
740081945,708
740087305,708
740087393,709
740087401,709
740087435,709
740091450,709
740092771,709
740092786,709
740095475,709
740096805,709
740096857,709
740098033,708
740098146,709
740099493,709
740099515,709
740099550,709
740100840,709
740100884,709
740102230,709
740103529,709
740106216,709
740108898,709
740110306,709
740112939,709
740112956,709
740114286,709
740114340,709
740115622,709
740115664,709
740115713,709
740116987,709
740117024,709
740118438,711
740121000,709
740122401,709
740123731,709
740125101,709
740127754,709
740129123,709
740131783,709
740131820,709
740131918,711
740133162,709
740134536,709
740134567,709
740135861,709
740135904,709
740137205,709
740137229,709
740137245,711
740137288,711
740138553,709
740138576,709
740138596,711
740139918,711
740141224,709
740141234,709
740142581,709
740142589,709
740143874,709
740143880,709
740143955,709
740143973,709
740143991,711
740145326,711
740147977,709
740148008,709
740148018,709
740148035,709
740149288,709
740149339,709
740149346,709
740149352,711
740149353,709
740150680,711
740150732,709
740153354,709
740153390,709
740153401,711
740154728,709
740154751,709
740157349,709
740157403,711
740157419,711
740158711,709
740158743,709
740159848,708
740160129,711
740162798,709
740162801,709
740164129,711
740164188,711
740166761,709
740166817,709
740168116,709
740169524,711
740172219,711
740173555,709
740174839,709
740174917,711
740177522,709
740177548,709
740177553,709
740178925,711
740180301,711
740180322,711
740181571,709
740181580,709
740181616,711
740182950,709
740182970,711
740182992,709
740185594,709
740187042,711
740188332,709
740188335,709
740188338,711
740188344,709
740189299,710
740190982,709
740191027,709
740191085,709
740192355,709
740193744,709
740195011,709
740195256,711
740196537,709
740197779,711
740197782,711
740200404,709
740201810,711
740203129,709
740203173,711
740204525,709
740204647,709
740205751,709
740205846,711
740209867,709
740210805,710
740212574,709
740212728,709
740213917,709
740213935,711
740214857,708
740215238,709
740215314,711
740216578,709
740216616,709
740216644,711
740219461,709
740219487,709
740220602,709
740220613,711
740224666,711
740224704,711
740224727,711
740227369,709
740227371,711
740227372,709
740227391,711
740227418,711
740227549,709
740228672,709
740228692,711
740228702,711
740228727,711
740228799,711
740228813,709
740230042,709
740231407,711
740232306,710
740232734,711
740232747,711
740232841,711
740234235,711
740235403,711
740235431,709
740235468,711
740236770,709
740237694,710
740239027,710
740240785,709
740240831,711
740240974,711
740241718,710
740242185,711
740243510,711
740244821,709
740244842,709
740245760,710
740246203,711
740246219,709
740247539,709
740248067,710
740248930,711
740248954,711
740250240,711
740251755,709
740251783,709
740254285,711
740255616,709
740259662,711
740260521,710
740260966,709
740261093,711
740261504,710
740262304,711
740262318,711
740262347,711
740262449,711
740263218,710
740263662,711
740263665,711
740263812,711
740265046,711
740265857,710
740266345,709
740266347,711
740267252,710
740267839,709
740269046,711
740269061,711
740269245,711
740270378,709
740271735,709
740271768,711
740273096,711
740273603,710
740273884,710
740274417,709
740274529,711
740274552,711
740274572,711
740275777,711
740275868,711
740277113,709
740278457,711
740278478,709
740279791,711
740279843,711
740279868,709
740280602,710
740280609,710
740281134,711
740281302,709
740282008,710
740283007,710
740283339,710
740283825,709
740283879,711
740285249,711
740285717,710
740286673,711
740287886,711
740288677,710
740289244,711
740289272,711
740289293,711
740289409,711
740290013,710
740290568,711
740291442,710
740293254,711
740293381,711
740293526,711
740294044,710
740294089,710
740294579,711
740294594,711
740294598,711
740294706,709
740295118,710
740295125,710
740295368,710
740295930,711
740296017,711
740296115,711
740296462,710
740297456,711
740297509,711
740298087,710
740298094,710
740298122,710
740299491,710
740299957,709
740301314,711
740301344,711
740301463,709
740301517,711
740302657,711
740303153,710
740304064,711
740304185,711
740304519,710
740305357,711
740305865,710
740305885,710
740306133,710
740307191,710
740308050,709
740308059,711
740308113,709
740308205,709
740308210,709
740308249,711
740308843,710
740309406,709
740309616,711
740309909,710
740310165,710
740311551,710
740312081,711
740312174,711
740312541,710
740312921,710
740314215,710
740314768,711
740315261,708
740315587,710
740315620,710
740316906,710
740317486,711
740317601,709
740317642,709
740317937,710
740318779,709
740318923,711
740319192,709
740319310,710
740319610,710
740320131,709
740320153,711
740320283,711
740320928,710
740321533,711
740321638,709
740321763,710
740322000,710
740322877,709
740322988,711
740324623,710
740324976,710
740324991,710
740326008,710
740326334,710
740326873,711
740327660,710
740328701,710
740328722,710
740328977,710
740329012,710
740329029,710
740329543,709
740329561,711
740329719,709
740329731,711
740329813,709
740330064,710
740330341,710
740331223,710
740331393,710
740331685,710
740331702,710
740331709,710
740332256,711
740332320,709
740332514,710
740333751,711
740333776,711
740334379,710
740334398,710
740335109,709
740335118,709
740336308,709
740336681,709
740336825,710
740337688,709
740337890,709
740337909,709
740339186,711
740339224,711
740339465,710
740339770,710
740340578,710
740340842,710
740341125,710
740341150,710
740341638,711
740341774,709
740342128,710
740342418,710
740342442,710
740343081,711
740343084,709
740343193,709
740343498,710
740346022,709
740346447,710
740346465,710
740346495,710
740347278,710
740347662,710
740347814,710
740347861,710
740348847,710
740349702,711
740350114,710
740350241,710
740351292,711
740351593,710
740351612,710
740351801,710
740352879,710
740352919,710
740352926,710
740353903,711
740354002,709
740354219,710
740354294,710
740354366,710
740355382,711
740355858,710
740356705,711
740356840,710
740356910,710
740357022,710
740357200,710
740358162,710
740358184,709
740358253,710
740358259,710
740358294,710
740358523,710
740359390,710
740359404,709
740359641,710
740359891,710
740360604,709
740360642,711
740360950,710
740360957,710
740361098,710
740361201,710
740361968,711
740362313,710
740362317,710
740362339,710
740363343,711
740363816,710
740365000,710
740365252,710
740366257,709
740366355,710
740367317,711
740367664,710
740367699,710
740367717,710
740368942,710
740369032,710
740369299,710
740369346,710
740370283,710
740370390,710
740370643,710
740371598,710
740371738,710
740371986,710
740372710,711
740372832,710
740373040,710
740373095,710
740373103,710
740373200,710
740374192,709
740374546,710
740375666,709
740376778,711
740377129,710
740377162,710
740377348,710
740377421,710
740378179,709
740378383,710
740378692,710
740379650,709
740379837,710
740379844,710
740381042,709
740381149,710
740381204,710
740381335,710
740381434,710
740382333,709
740382374,709
740382734,710
740383505,711
740383851,710
740384061,710
740385125,710
740385134,710
740385181,710
740385344,710
740386275,710
740386439,710
740386539,710
740386810,710
740387528,711
740387554,711
740387713,710
740387827,710
740387930,710
740387964,710
740388010,710
740389169,710
740389317,710
740389323,710
740389359,710
740389423,710
740389434,710
740390277,708
740390322,711
740390547,710
740390561,710
740390581,710
740390660,710
740390666,710
740391884,710
740391942,710
740391975,710
740391997,710
740391998,710
740392040,710
740392899,711
740393358,710
740393463,710
740394520,710
740394571,708
740394606,710
740394645,710
740394651,710
740394842,710
740395604,709
740395611,711
740395709,709
740397231,710
740397293,710
740397374,710
740397450,710
740397508,710
740398372,710
740398446,710
740398644,710
740399619,709
740399853,710
740400033,710
740400188,710
740401264,710
740401319,710
740401326,710
740401529,710
740401535,710
740402333,711
740402397,711
740402536,710
740402682,710
740402767,710
740403668,711
740403689,711
740403887,710
740403999,710
740404014,710
740404082,710
740404205,710
740404242,710
740405060,710
740405221,710
740405353,710
740405543,710
740406697,710
740406741,710
740406753,710
740407644,709
740407962,710
740407981,710
740408045,710
740408088,710
740408160,710
740409335,710
740409441,710
740409482,710
740410423,711
740410517,709
740410598,710
740410721,710
740410851,710
740410917,710
740410935,710
740412060,710
740412068,710
740412094,710
740412177,710
740413185,709
740413425,710
740413529,710
740413551,710
740413630,710
740413638,710
740414599,710
740414704,710
740414752,710
740414860,710
740415775,711
740415977,709
740416011,710
740416157,710
740417161,710
740417392,710
740417444,710
740417457,710
740417515,710
740417652,710
740418739,710
740418803,710
740418806,710
740418895,710
740418917,710
740419818,711
740420031,710
740420062,710
740420185,710
740420207,710
740420213,710
740420215,710
740420266,710
740420271,710
740420357,710
740421203,709
740421223,709
740421327,709
740421421,710
740421479,710
740421547,710
740421665,710
740422523,709
740422762,710
740422766,710
740422835,710
740422917,710
740422931,710
740424035,709
740424056,710
740424058,709
740424174,710
740424181,710
740424268,710
740425414,710
740425415,710
740425568,710
740425614,710
740426572,709
740426629,710
740426645,710
740426796,710
740426851,710
740426894,710
740426914,710
740426950,710
740426962,710
740427058,710
740427063,710
740428136,710
740428141,710
740428199,710
740428206,710
740428219,710
740428259,710
740428439,710
740429471,710
740429483,710
740429532,710
740429614,710
740429637,710
740429640,710
740429644,710
740430599,709
740430640,710
740430648,709
740430739,710
740430830,710
740430962,710
740430993,710
740431103,710
740431978,710
740432117,710
740432242,710
740432286,710
740432298,710
740432391,710
740433455,710
740433613,710
740433673,710
740433791,710
740434675,711
740434682,709
740434918,708
740434926,710
740434936,710
740434955,710
740435115,710
740435137,710
740435969,711
740435993,711
740436269,710
740436305,710
740436353,710
740436361,710
740437333,710
740437356,710
740437375,710
740438648,711
740438701,710
740438892,710
740439008,710
740439994,711
740440039,710
740440129,709
740440237,710
740440287,710
740440416,710
740441734,710
740441788,710
740441800,710
740442912,710
740442927,710
740443001,710
740443110,710
740444002,711
740444120,709
740444138,709
740444151,710
740444385,710
740444400,710
740444442,710
740444449,710
740444465,710
740444479,710
740444514,710
740444534,710
740445353,709
740445400,709
740445815,710
740445822,710
740445886,710
740446677,711
740446772,710
740446888,710
740447010,710
740447044,710
740447071,710
740447106,710
740448029,711
740448172,709
740448195,709
740448364,710
740448389,710
740448390,710
740448451,710
740449499,709
740449638,710
740449721,710
740449801,710
740449854,710
740450908,709
740450989,710
740450990,710
740451056,710
740451107,710
740451143,710
740451177,710
740451236,710
740452061,711
740452393,710
740452405,710
740452406,710
740452511,710
740453832,710
740454859,709
740454976,710
740455100,710
740455170,708
740455176,710
740456095,711
740456153,710
740456169,709
740456424,710
740456491,710
740456501,710
740456516,710
740456518,710
740456520,710
740457583,710
740457651,709
740457800,710
740457973,710
740458989,710
740459110,710
740459176,710
740459200,710
740459329,710
740459335,710
740460122,709
740460462,710
740460468,710
740460535,710
740460555,710
740460598,710
740461621,710
740461664,710
740461714,710
740461740,710
740461743,710
740461893,710
740461899,710
740461934,710
740463085,710
740463234,710
740463238,710
740463298,710
740464241,710
740464357,710
740464494,710
740464518,710
740464633,710
740465896,710
740465929,708
740465954,710
740466116,710
740466929,710
740466940,710
740467116,710
740467237,708
740467267,710
740468410,710
740468546,710
740469733,710
740469901,710
740469916,710
740469956,710
740469997,710
740470024,710
740471150,710
740471223,710
740471279,710
740471306,710
740471311,710
740471390,710
740472492,710
740472612,710
740472618,710
740472703,710
740473940,710
740474984,710
740474987,711
740475000,710
740475044,710
740475299,710
740476444,710
740476474,709
740476659,710
740476672,710
740476684,710
740477672,710
740477935,710
740478038,710
740478070,710
740479110,709
740479141,710
740479408,710
740480295,711
740480504,710
740480516,710
740480556,710
740480655,710
740480713,710
740481654,709
740481746,709
740481898,710
740481900,710
740481995,710
740482021,708
740482144,710
740483326,710
740483338,710
740483417,710
740483422,710
740483447,710
740483500,710
740485878,709
740486074,710
740486140,710
740486175,710
740486177,710
740486178,710
740487438,710
740487485,710
740487492,710
740488676,710
740488721,710
740489803,709
740490037,710
740490229,710
740491248,709
740491466,710
740491467,710
740491569,710
740492518,710
740492598,710
740492601,709
740492647,710
740492800,710
740493835,710
740494064,710
740494185,710
740494187,710
740495287,709
740495535,710
740496682,710
740497891,709
740499496,710
740499532,710
740499558,710
740500653,709
740500869,710
740500907,710
740500928,710
740503225,711
740503513,710
740504692,710
740504980,710
740506341,710
740507528,710
740507564,710
740508780,710
740508906,710
740509033,710
740509870,709
740511626,710
740511666,710
740512689,709
740512810,710
740513051,710
740514342,710
740514389,710
740514393,710
740515612,710
740515703,710
740517074,710
740518348,710
740518364,710
740519764,710
740520695,711
740521050,710
740521118,710
740522345,710
740523487,709
740523676,710
740523699,710
740523775,710
740523807,710
740525040,710
740525103,710
740526502,710
740527743,710
740528996,710
740529064,710
740529174,710
740529182,710
740531798,710
740531856,710
740537071,710
740537077,710
740538162,709
740538481,710
740538545,710
740539930,710
740542586,710
740543653,709
740544951,709
740546542,710
740547734,710
740551959,710
740562622,710
740572120,710
740580249,710
740581589,710
740588214,710
740588307,710
740599039,708
740609779,710
740648790,710
750010637,712
750017141,712
750017148,712
750021317,713
750021879,712
750022467,712
750024834,712
750027803,712
750028975,712
750030170,712
750032525,712
750038431,712
750038975,712
750039031,712
750040203,712
750041403,712
750043669,712
750044867,712
750045516,712
750045517,712
750046109,712
750046124,712
750047908,712
750049002,712
750049014,712
750049083,712
750049601,712
750049640,712
750049662,712
750050188,712
750050196,712
750050257,712
750050871,712
750052564,712
750052626,712
750052629,712
750053153,712
750053235,712
750053734,712
750054926,712
750054928,712
750054989,712
750055538,712
750055599,712
750055663,713
750057301,712
750057348,712
750059100,712
750059112,712
750059135,712
750059672,712
750059720,712
750062621,712
750063794,712
750063856,712
750064424,712
750064980,712
750065024,712
750065047,712
750066208,712
750066211,712
750066814,712
750067347,712
750069172,712
750070507,713
750071540,712
750071563,712
750072143,712
750072760,712
750073262,712
750073265,712
750074058,713
750075421,713
750075422,713
750076814,712
750078215,713
750078928,713
750079530,713
750079536,713
750079779,712
750081303,713
750081753,713
750082370,713
750082733,712
750083728,713
750084263,713
750087077,713
750087696,713
750088063,712
750088883,713
750089445,713
750089446,713
750089622,713
750090130,713
750090180,713
750090181,713
750090190,713
750090771,713
750091834,713
750091951,713
750092556,713
750093000,713
750093129,713
750093395,712
750093614,713
750093620,713
750093769,713
750093774,713
750094199,713
750094323,713
750095541,713
750096064,713
750096110,713
750096548,713
750096698,713
750096707,713
750097270,713
750097307,713
750097721,713
750099097,713
750099639,713
750099655,713
750100249,713
750100710,713
750102020,713
750102611,713
750102638,713
750103076,713
750103198,713
750103450,712
750104350,713
750104391,713
750104443,713
750105444,713
750106403,712
750106411,712
750106655,713
750106720,713
750106750,713
750107189,713
750107203,713
750107298,713
750107796,713
750107933,713
750107957,713
750107963,713
750108182,712
750109099,713
750109116,713
750109156,713
750109554,713
750109592,713
750109706,713
750110163,713
750110300,713
750110303,713
750111346,713
750111459,713
750111544,713
750111739,712
750112080,713
750112081,713
750112142,713
750112186,713
750113121,713
750113141,713
750113147,713
750113262,713
750113514,712
750113857,713
750114497,713
750114694,712
750115006,713
750115025,713
750115625,713
750115628,713
750115629,713
750115709,713
750116707,713
750117487,713
750117492,713
750117860,713
750117983,713
750117989,713
750118038,713
750118247,712
750118452,713
750118610,713
750119027,713
750119094,713
750119140,713
750119164,713
750119179,713
750119431,712
750119626,713
750120608,712
750121208,712
750122043,713
750123172,713
750123279,713
750123287,713
750123417,713
750123954,713
750124004,713
750124409,713
750124507,713
750125569,713
750125591,713
750126238,713
750126845,713
750127316,713
750127466,713
750128064,713
750128498,713
750128609,713
750129283,713
750129867,713
750130379,713
750130867,713
750131568,713
750132050,713
750132082,713
750132121,713
750132750,713
750132786,713
750133844,713
750134569,713
750135084,713
750136301,713
750137497,713
750137622,713
750139258,713
750139259,713
750139264,713
750140417,713
750141170,713
750141327,712
750142866,713
750143420,713
750144881,712
750145087,713
750146258,713
750146325,713
750146378,713
750147099,713
750148883,713
750149339,713
750149929,713
750150469,713
750151114,713
750151257,713
750152892,713
750154059,713
750154653,713
750154819,713
750155387,713
750155389,713
750155538,712
750155816,713
750155992,713
750157609,713
750158162,713
750158937,713
750159680,712
750160558,713
750161889,713
750162347,713
750162936,713
750165317,713
750166064,713
750166187,712
750166664,713
750167082,713
750167258,713
750168830,713
750170058,713
750171199,713
750171216,713
750171219,713
750172588,713
750173163,713
750174175,713
750175368,713
750175953,713
750175973,713
750176256,712
750177141,713
750179515,713
750180083,713
750180100,713
750180393,712
750180709,713
750181569,712
750183357,712
750185119,712
750186015,713
750188386,713
750189271,712
750190761,713
750191048,712
750192240,712
750192832,712
750193119,713
750196363,712
750196669,713
750198133,712
750198160,712
750201100,712
750204033,712
750204601,712
750205550,713
750206938,712
750208109,713
750210533,712
750211172,712
750212063,713
750212308,712
750212316,712
750212359,712
750213439,712
750213446,712
750215879,712
750221204,712
750222316,713
750224141,712
750227696,712
750228313,712
750229505,712
750230656,712
750231869,712
750231888,712
750232422,712
750232440,712
750233031,712
750235431,712
750236632,712
750244834,712
750244835,712
750247244,712
750251396,712
750256676,712
750260817,712
750262649,712
750288662,712
750293970,712
750301090,712
760016614,714
760018284,714
760019944,714
760019948,714
760021607,714
760021611,714
760021648,714
760028309,714
760029923,714
760029924,714
760031626,714
760031632,714
760033244,714
760034912,714
760036565,714
760036573,714
760038243,715
760038285,714
760039981,714
760041555,714
760043231,714
760043291,714
760044895,715
760044958,714
760046541,714
760046542,715
760048207,715
760048219,715
760049875,714
760053202,714
760053210,714
760054849,714
760054931,714
760054945,714
760056529,714
760058309,714
760061502,714
760061521,715
760063290,714
760066602,714
760068163,714
760068168,714
760069958,714
760071454,714
760073279,714
760073286,714
760081603,714
760083120,714
760084906,714
760084927,714
760086461,715
760088101,715
760088110,714
760088124,714
760088264,714
760089786,714
760091453,715
760093114,715
760093246,714
760093251,714
760094736,714
760098086,714
760099770,715
760101435,714
760101601,714
760104719,714
760106377,714
760108059,714
760108256,714
760113074,714
760114705,714
760114747,715
760118224,714
760119689,714
760126345,714
760128217,714
760128223,714
760133046,714
760134887,714
760136333,714
760136374,714
760139863,714
760141514,714
760143178,714
760144857,714
760144866,714
760146510,714
760146520,714
760149686,715
760149845,714
760149863,714
760151518,714
760151528,714
760154848,714
760156528,714
760159848,714
760191479,714
760196468,714
760219777,714
760234796,714
760236440,714
760239776,714
760241457,714
760246447,714
760271388,714
760281446,714
760284673,714
760298081,714
760311336,714
760318058,714
760318101,714
760349691,714
760349744,714
760351434,714
760354754,714
760359742,714
760367286,714
760372980,714
760379642,714
760386324,714
760388002,714
760402233,714
760409881,714
760411289,714
760414623,714
760427926,714
760427986,714
760431660,714
760434710,714
760436244,714
760438299,714
760441235,714
760454595,714
760454612,714
760461272,714
760466294,714
760467136,714
760467932,714
760468019,714
760469941,714
760477920,714
760481575,714
760484576,714
760484583,714
760491228,714
760493215,714
760501214,714
760503116,714
760504876,714
760504882,714
760506206,714
760507936,714
760509890,714
760510303,714
760513173,714
760514764,714
760518281,714
760521522,714
760523157,714
760526511,714
760527931,714
760531204,714
760531241,714
760538244,714
760538398,714
760550237,714
760551155,714
760551158,714
760553419,714
760554799,714
760556436,714
760557825,714
760558112,714
760560043,714
760561117,714
760561711,714
760561897,714
760565036,714
760566687,714
760568084,714
760569543,714
760574499,714
760574745,714
760579616,714
760581170,714
760581398,714
760583070,714
760587761,714
760588057,714
760596091,714
760612780,714
760621607,714
760628259,714
760634769,714
760637724,714
760639637,714
760644629,714
760659887,714
760733091,714
760743076,714
770031143,717
770033231,717
770034279,717
770034283,717
770036351,717
770040502,717
770040522,717
770043634,717
770046762,717
770047803,717
770048862,717
770051975,717
770053028,717
770053982,717
770054009,717
770054057,717
770054062,717
770054068,717
770057180,717
770059263,717
770060204,717
770060292,717
770060304,717
770061300,717
770062367,717
770063414,717
770063429,717
770063430,717
770064457,717
770064471,717
770065415,717
770065457,717
770065487,717
770065507,717
770065509,717
770066444,717
770066475,717
770066547,717
770067580,717
770068631,717
770073755,717
770075841,717
770076946,717
770084082,717
770088278,717
770093481,717
770095539,717
770098651,717
770100419,718
770100716,717
770100746,717
770105595,718
770107008,717
770113184,717
770113190,717
770114862,718
770117147,717
770120380,717
770121194,718
770121540,717
770122532,717
770122548,717
770123607,717
770124319,718
770124673,717
770124919,716
770125690,717
770129550,717
770131542,718
770132649,718
770133793,717
770134744,718
770135757,718
770136784,718
770138061,717
770138860,718
770138997,717
770139953,717
770141077,717
770142030,717
770142121,717
770143153,717
770144177,717
770145152,718
770146160,718
770146263,717
770147409,717
770149256,718
770150314,718
770151464,718
770152486,717
770154469,718
770154478,718
770155629,717
770156670,717
770157575,718
770157820,717
770158745,717
770159252,716
770159661,718
770159707,717
770160707,718
770160750,717
770160815,718
770161790,717
770161801,717
770162390,716
770164882,718
770164911,717
770164939,717
770167058,718
770167063,717
770167177,717
770167243,717
770169250,717
770169263,717
770170022,718
770170053,718
770171193,717
770171341,717
770172260,717
770172370,717
770172792,716
770173320,717
770173415,717
770174198,718
770174271,717
770174303,717
770175248,718
770175307,717
770175387,717
770175388,717
770175886,716
770176294,718
770176421,717
770176518,717
770176949,716
770177468,717
770178499,717
770178526,717
770179501,717
770181462,718
770181477,718
770181626,718
770181742,717
770182548,718
770182652,717
770182680,717
770182683,717
770183171,716
770183187,716
770183632,717
770183690,717
770183705,717
770184572,718
770184666,717
770184715,717
770184737,718
770185253,716
770185706,717
770185783,717
770186311,716
770186816,717
770187793,717
770187860,717
770189425,716
770189911,717
770190841,718
770190971,718
770190991,718
770191074,717
770191089,717
770192045,717
770193010,717
770193057,717
770193067,717
770193085,717
770193181,717
770193184,717
770194037,717
770195136,717
770196141,718
770196145,717
770196147,717
770196164,717
770196281,717
770197088,718
770197190,717
770197226,718
770197243,717
770197733,716
770197734,716
770198069,718
770198243,717
770198374,717
770199295,717
770200336,717
770201366,717
770201377,718
770202951,716
770202954,716
770203345,718
770204466,717
770204478,717
770204493,717
770204500,718
770205370,718
770205474,717
770205505,717
770205516,717
770205534,717
770206081,716
770206429,718
770206453,718
770206528,718
770206563,717
770207107,716
770207607,717
770207652,717
770207713,717
770208146,716
770208503,718
770208650,717
770208656,717
770209185,716
770209561,718
770209662,717
770209682,717
770209690,717
770210210,716
770210234,716
770210604,718
770210677,718
770210776,717
770211647,718
770211722,718
770211740,717
770211741,717
770211744,717
770211746,717
770211751,717
770212688,718
770212944,717
770213344,716
770213690,718
770213701,718
770213819,717
770213822,717
770213887,717
770214391,716
770214762,718
770214862,717
770214867,717
770214894,717
770214929,717
770215768,718
770215807,718
770215967,717
770216063,717
770216960,718
770216962,717
770217894,718
770218857,718
770219080,717
770219165,717
770219182,717
770219595,716
770220057,717
770220092,717
770220223,717
770220945,718
770221079,717
770221117,717
770221120,717
770221121,717
770221125,717
770221172,717
770221264,717
770222352,717
770222698,716
770223178,717
770223198,718
770224290,717
770224384,717
770224385,717
770225165,718
770225169,718
770225252,717
770225272,717
770225285,717
770225820,716
770226205,718
770226276,717
770226466,717
770226868,716
770227245,718
770227338,717
770227356,717
770227409,717
770228226,718
770228378,717
770228380,718
770228383,717
770228398,717
770228938,716
770229256,718
770229427,718
770229440,717
770230454,717
770230477,717
770230481,717
770230484,718
770230485,717
770230625,717
770231013,716
770232056,716
770232553,717
770232564,717
770233474,718
770233586,717
770233594,717
770233597,717
770233606,717
770233613,717
770234622,717
770234641,717
770234754,717
770234791,717
770235529,718
770235536,718
770235565,718
770235781,717
770235829,717
770236693,717
770236696,717
770237277,716
770237585,718
770237600,718
770237750,717
770238311,716
770238324,716
770238783,717
770238905,717
770239816,717
770239817,717
770239840,717
770239849,718
770239854,717
770239949,717
770240702,718
770240847,718
770240876,717
770241809,718
770241897,717
770241901,717
770241921,718
770242476,716
770243057,717
770243123,717
770243843,718
770244009,717
770244011,717
770244561,716
770244882,718
770245604,716
770245928,718
770246077,717
770246087,717
770246635,716
770246964,718
770247121,717
770247167,717
770247681,716
770248169,717
770248174,717
770249194,717
770249202,717
770251289,717
770251291,717
770251425,717
770251827,716
770251841,716
770252170,718
770252312,718
770252422,717
770252872,716
770253185,718
770253344,717
770253356,717
770253371,717
770253505,717
770254248,718
770254956,716
770255988,716
770255991,716
770256626,717
770257032,716
770257334,718
770258394,718
770259653,717
770260634,718
770261752,717
770261861,717
770262571,718
770262728,717
770263272,716
770264315,716
770264623,718
770264854,717
770265583,716
770265815,717
770265834,717
770266716,718
770268814,718
770270052,717
770270565,716
770271892,718
770271897,718
770271930,718
770272055,718
770272185,717
770272968,718
770274210,717
770274308,717
770276800,716
770277113,718
770278284,717
770278493,717
770279344,718
770280240,718
770282309,718
770283625,717
770284709,717
770285126,716
770285653,717
770285765,717
770286431,716
770286787,717
770289813,717
770291367,716
770294067,717
770294081,717
770295837,718
770296055,717
770296146,717
770297918,718
770298226,717
770299173,717
770301019,718
770301032,718
770302078,718
770302389,717
770304148,718
770304400,717
770308591,717
770309252,716
770309583,717
770310082,716
770311697,717
770311747,717
770312453,718
770313515,718
770313735,717
770315474,716
770316482,716
770316562,718
770316859,717
770317899,717
770318004,717
770318589,716
770318663,718
770318711,718
770319995,717
770320796,718
770321799,718
770321830,718
770323621,716
770323824,716
770323829,718
770325286,717
770325294,717
770328855,716
770330155,718
770330379,717
770331929,716
770332114,716
770332238,718
770333498,717
770334187,716
770336626,717
770336646,717
770337133,716
770337436,718
770338353,716
770338411,716
770340439,716
770340520,718
770341509,716
770343592,716
770345449,716
770346511,716
770347781,718
770348584,716
770348854,718
770349807,716
770350233,717
770350693,716
770350821,716
770351696,716
770351864,716
770352938,716
770354030,716
770355104,718
770357089,716
770357135,718
770357423,717
770358985,716
770359138,716
770359149,716
770359226,718
770359603,717
770361306,716
770362374,718
770363277,716
770363328,716
770363369,718
770364361,716
770364425,718
770365438,716
770368517,716
770368519,716
770369585,716
770371456,716
770372530,716
770374065,717
770374582,716
770374749,716
770375639,716
770375779,716
770376919,718
770377812,716
770377870,716
770377911,718
770380002,716
770380821,716
770380985,716
770381003,716
770381056,716
770382033,716
770384117,716
770385136,716
770385162,716
770386218,716
770387199,716
770387216,716
770387251,716
770388285,716
770388304,716
770388343,718
770389348,716
770390434,716
770391413,716
770393501,716
770395554,716
770403877,716
770404764,716
770406956,716
770406995,716
770407009,716
770407044,716
770407989,716
770408017,716
770408915,716
770410996,716
770411172,716
770411191,716
770418441,716
770419450,716
770419463,716
770420498,716
770422460,716
770423484,716
770424657,716
770424720,718
770426599,716
770426741,716
770426743,716
770427798,716
770429856,716
770429863,716
770431913,716
770432856,716
770433970,716
770434900,716
770436130,716
770438208,716
770439247,716
770440149,716
770441298,716
770442180,716
770443284,716
770445463,716
770447552,716
770447600,718
770448451,716
770448551,716
770450524,716
770451604,716
770452716,716
770454686,716
770454692,716
770454818,716
770457801,716
770457807,716
770458939,716
770461041,716
770463121,716
770466263,716
770467187,716
770467251,716
770467253,716
770467278,716
770471424,716
770474549,716
770476568,716
770476573,716
770477562,716
770477570,716
770477594,716
770482800,716
770484843,716
770485985,716
770489136,716
770491212,716
770492154,716
770495351,716
770498363,716
770498457,716
770498468,716
770499413,716
770499415,716
770499484,716
770499512,716
770500552,716
770500571,716
770502532,716
770502628,716
770503559,716
770503575,716
770504701,716
770505686,716
770506693,716
770507758,716
770513044,716
770516067,716
770518153,716
770520214,716
770520226,716
770521283,716
770521333,716
770522299,716
770524452,716
770531673,716
770535844,716
770536872,716
770536924,716
770538958,716
770542048,716
770542056,716
770546208,716
770546236,716
770547344,716
770550399,716
770551466,716
770556632,716
770557652,716
770565012,716
770568083,716
770569172,716
770573343,716
770582683,716
770586815,716
770587845,716
770589908,716
770589933,716
770595108,716
770595127,716
770596169,716
770599296,716
770607601,716
770630494,716
780000175,719
780000205,719
780000259,719
780000308,719
780000503,719
780000660,719
780000737,719
780000807,719
780000835,719
780000867,719
780000881,719
780000923,719
780001003,719
780001037,719
780001110,719
780001147,719
780001186,719
780001208,719
780001266,719
780001322,719
780001385,719
780001398,719
780001413,719
780001496,719
780001523,719
780001560,719
780001578,719
780001595,719
780001631,719
780001679,719
780001691,719
780001718,719
780001777,719
780001780,719
780001817,719
780001858,719
780001906,719
780001908,719
780001913,719
780001952,719
780002015,719
780002088,719
780002243,719
780002273,719
780002277,719
780002279,719
780002373,719
780002377,719
780002434,719
780002436,719
780002484,719
780002659,719
780002796,719
780002804,719
780002818,719
780002907,719
780002962,719
780002989,719
780002992,719
780003102,719
780003145,719
780003163,719
780003165,719
780003166,719
780003422,719
780003529,719
780003532,719
780003554,719
780003560,719
780003567,719
780003803,719
780003908,719
780003938,719
780003977,719
780004116,719
780004188,719
780004215,719
780004243,719
780004300,719
780004324,719
780004523,719
780004527,719
780004570,719
780004571,719
780004599,719
780004632,719
780004707,719
780004709,719
780004711,719
780004714,719
780004718,719
780004741,719
780004783,719
780004955,719
780005011,719
780005071,719
780005084,719
780005128,719
780005269,719
780005279,719
780005395,719
780005483,719
780005779,719
780005784,719
780006174,719
780006275,719
780006444,719
780006828,719
780006876,719
780007017,719
780007077,719
780007318,719
780007401,719
780007526,719
780007764,719
780007769,719
780007779,719
780008086,719
780008360,719
780008963,719
780009237,719
780009305,719
780009458,719
780009516,719
780009682,719
780009685,719
780009895,719
780010004,719
780010145,719
780010284,719
780010451,719
780011029,719
780011156,719
780011282,719
780011434,719
780011604,719
780011653,719
780011984,719
780012574,719
780012949,719
780012963,719
780013188,719
780013289,719
780013718,719
780013738,719
780013956,719
780013979,719
780014122,719
780014441,719
780014506,719
780014780,719
780015108,719
780015209,719
780015272,719
780015593,719
780015643,719
780015649,719
780015878,719
780015956,719
780015977,719
780016262,719
780016361,719
780016364,719
780016407,719
780016425,719
780016644,719
780016646,719
780016742,719
780016745,719
780017030,719
780017032,719
780017194,719
780017414,719
780017513,719
780017850,719
780017900,719
780017961,719
780018180,719
780018326,719
780018327,719
780018345,719
780019029,719
780019051,719
780019096,719
780019113,719
780019334,719
780019387,719
780019417,719
780019434,719
780019717,719
780019718,719
780019800,719
780019818,719
780019881,719
780020102,719
780020103,719
780020154,719
780020181,719
780020202,719
780020486,719
780020534,719
780021254,719
780021310,719
780021355,719
780021363,719
780021738,719
780022096,719
780022122,719
780022123,719
780023253,719
780023276,719
780023277,719
780023331,719
780023658,719
780023659,719
780023704,719
780023708,719
780023720,719
780023941,719
780023943,719
780023988,719
780024040,719
780024042,719
780024419,719
780024424,719
780024426,719
780024428,719
780024761,719
780024767,719
780024769,719
780024780,719
780024810,719
780024871,719
780025140,719
780025187,719
780025529,719
780025576,719
780025578,719
780025863,719
780025960,719
780025962,719
780026313,719
780026321,719
780026631,719
780026687,719
780026705,719
780026730,719
780026773,719
780026792,719
780027062,719
780027090,719
780027112,719
780027117,719
780027399,719
780027473,719
780027500,719
780027818,719
780027827,719
780027836,719
780027856,719
780027878,719
780027880,719
780028167,719
780028235,719
780028262,719
780028269,719
780028275,719
780028318,719
780028588,719
780028702,719
780028935,719
780028972,719
780028988,719
780028990,719
780029010,719
780029031,719
780029032,719
780029089,719
780029319,719
780029335,719
780029374,719
780029406,719
780029745,719
780029781,719
780029798,719
780029827,719
780029864,719
780030131,719
780030135,719
780030157,719
780030160,719
780030190,719
780030196,719
780030215,719
780030514,719
780030545,719
780030575,719
780030606,719
780030873,719
780030891,719
780030927,719
780030940,719
780030959,719
780031004,719
780031016,719
780031239,719
780031240,719
780031275,719
780031335,719
780031356,719
780031357,719
780031397,719
780031623,719
780031667,719
780031680,719
780031683,719
780031719,719
780031769,719
780031774,719
780031784,719
780032007,719
780032113,719
780032125,719
780032422,719
780032424,719
780032439,719
780032456,719
780032464,719
780032470,719
780032507,719
780032550,719
780032814,719
780032871,719
780033177,719
780033194,719
780033215,719
780033232,719
780033251,719
780033317,719
780033579,719
780033580,719
780033591,719
780033962,719
780033973,719
780033999,719
780034013,719
780034031,719
780034034,719
780034344,719
780034347,719
780034377,719
780034436,719
780034440,719
780034723,719
780034735,719
780034751,719
780034756,719
780034791,719
780034799,719
780034835,719
780035093,719
780035110,719
780035140,719
780035496,719
780035880,719
780035886,719
780035889,719
780035915,719
780035979,719
780036267,719
780036299,719
780036309,719
780036325,719
780036340,719
780036390,719
780036616,719
780036642,719
780036648,719
780036682,719
780036711,719
780036718,719
780036722,719
780036733,719
780037037,719
780037044,719
780037103,719
780037115,719
780037157,719
780037489,719
780037543,719
780037805,719
780037809,719
780037828,719
780037853,719
780037883,719
780038182,719
780038191,719
780038235,719
780038254,719
780038279,719
780038308,719
780038565,719
780038566,719
780038573,719
780038579,719
780038580,719
780038581,719
780038607,719
780038692,719
780038693,719
780038694,719
780038921,719
780038923,719
780038960,719
780038990,719
780039015,719
780039030,719
780039078,719
780039079,719
780039315,719
780039317,719
780039333,719
780039335,719
780039339,719
780039345,719
780039347,719
780039349,719
780039699,719
780039704,719
780039723,719
780039725,719
780039792,719
780040083,719
780040087,719
780040107,719
780040111,719
780040116,719
780040143,719
780040184,719
780040458,719
780040459,719
780040537,719
780040582,719
780040612,719
780040615,719
780040841,719
780040843,719
780040850,719
780040852,719
780040867,719
780040878,719
780040901,719
780041250,719
780041294,719
780041311,719
780041319,719
780041332,719
780041350,719
780041381,719
780041618,719
780041630,719
780041634,719
780041764,719
780041766,719
780042050,719
780042064,719
780042083,719
780042115,719
780042149,719
780042384,719
780042386,719
780042459,719
780042469,719
780042480,719
780042483,719
780042534,719
780042760,719
780042770,719
780042832,719
780042913,719
780043181,719
780043209,719
780043302,719
780043537,719
780043570,719
780043602,719
780043611,719
780043616,719
780043640,719
780043654,719
780043957,719
780043972,719
780043983,719
780043984,719
780044039,719
780044335,719
780044453,719
780044454,719
780044689,719
780044698,719
780044751,719
780044752,719
780044807,719
780044819,719
780045064,719
780045079,719
780045096,719
780045099,719
780045156,719
780045182,719
780045188,719
780045479,719
780045482,719
780045520,719
780045572,719
780045578,719
780045588,719
780045838,719
780045850,719
780045962,719
780045971,719
780045976,719
780046234,719
780046251,719
780046258,719
780046279,719
780046288,719
780046320,719
780046321,719
780046322,719
780046335,719
780046336,719
780046340,719
780046345,719
780046369,719
780046613,719
780046618,719
780046626,719
780046631,719
780046660,719
780046691,719
780046717,719
780046988,719
780046997,719
780047056,719
780047076,719
780047116,719
780047139,719
780047388,719
780047391,719
780047394,719
780047395,719
780047400,719
780047408,719
780047460,719
780047502,719
780047526,719
780047844,719
780047889,719
780047907,719
780047910,719
780048142,719
780048159,719
780048181,719
780048240,719
780048529,719
780048533,719
780048557,719
780048651,719
780048949,719
780049008,719
780049028,719
780049056,719
780049061,719
780049062,719
780049295,719
780049326,719
780049445,719
780049682,719
780049686,719
780049694,719
780049733,719
780049765,719
780049799,719
780049815,719
780050058,719
780050189,719
780050446,719
780050451,719
780050479,719
780050570,719
780050584,719
780050828,719
780050885,719
780050948,719
780050962,719
780051229,719
780051233,719
780051238,719
780051245,719
780051250,719
780051295,719
780051325,719
780051359,719
780051366,719
780051592,719
780051602,719
780051616,719
780051629,719
780051976,719
780051990,719
780052006,719
780052016,719
780052383,719
780052501,719
780052511,719
780052749,719
780052752,719
780052898,719
780053137,719
780053257,719
780053269,719
780053512,719
780053522,719
780053533,719
780053539,719
780053598,719
780053601,719
780053639,719
780054038,719
780054296,719
780054417,719
780054674,719
780054691,719
780054703,719
780054806,719
780055077,719
780055185,719
780055188,719
780055447,719
780055449,719
780055455,719
780055844,719
780055845,719
780055958,719
780055960,719
780056209,719
780056211,719
780056226,719
780056227,719
780056342,719
780056353,719
780056357,719
780056736,719
780056741,719
780057119,719
780057121,719
780057370,719
780057372,719
780057389,719
780057414,719
780057483,719
780057855,719
780058271,719
780058511,719
780058512,719
780058529,719
780058531,719
780058642,719
780058897,719
780058905,719
780058906,719
780058912,719
780059039,719
780059277,719
780059293,719
780059294,719
780059423,719
780059675,719
780059811,719
780060047,719
780060049,719
780060180,719
780060191,719
780060192,719
780060443,719
780060562,719
780060566,719
780060818,719
780060830,719
780061212,719
780061345,719
780062112,719
780062354,719
780062498,719
780062739,719
780062753,719
780062878,719
780063252,719
780063254,719
780063515,719
780063516,719
780063636,719
780063648,719
780063905,719
780064029,719
780064031,719
780064280,719
780064407,719
780064416,719
780064417,719
780064673,719
780064797,719
780064798,719
780065051,719
780065558,719
780065567,719
780065568,719
780065942,719
780065951,719
780065955,719
780066711,719
780066717,719
780066721,719
780066971,719
780067094,719
780067095,719
780067479,719
780067741,719
780067862,719
780067869,719
780068113,719
780068254,719
780068255,719
780069015,719
780069277,719
780069662,719
780069787,719
780070552,719
780070935,719
780071195,719
780071319,719
780071323,719
780071709,719
780071965,719
780071967,719
780071969,719
780072477,719
780073505,719
780074007,719
780074013,719
780074271,719
780074391,719
780074392,719
780074395,719
780074655,719
780074781,719
780075421,719
780076577,719
780076702,719
780077077,719
780077083,719
780078231,719
780078233,719
780078881,719
780079005,719
780079384,719
780079389,719
780079774,719
780080154,719
780080158,719
780080414,719
780080542,719
780080918,719
780080920,719
780081304,719
780081686,719
780081690,719
780081694,719
780082071,719
780082074,719
780082456,719
780082461,719
780082841,719
780083609,719
780083873,719
780083991,719
780083992,719
780085020,719
780085147,719
780085150,719
780085528,719
780085914,719
780086298,719
780088215,719
780088220,719
780088606,719
780088984,719
780089751,719
780089756,719
780090140,719
780091289,719
780091671,719
780091932,719
780092057,719
780092442,719
780092826,719
780092828,719
780093210,719
780094365,719
780094366,719
780094750,719
780095132,719
780095518,719
780096670,719
780097819,719
780098199,719
780098205,719
780098206,719
780098968,719
780099351,719
780099358,719
780099737,719
780099740,719
780099742,719
780100119,719
780100125,719
780100887,719
780101275,719
780101655,719
780101657,719
780102425,719
780102808,719
780102809,719
780103191,719
780103193,719
780103576,719
780104346,719
780105496,719
780105880,719
780105883,719
780106263,719
780107801,719
780108185,719
780108186,719
780108568,719
780108952,719
780109338,719
780110874,719
780113561,719
780116633,719
810008118,802
810011308,802
810011440,802
810013129,802
810013473,803
810014656,802
810015143,803
810016401,802
810016843,803
810018110,802
810018130,802
810019792,802
810021372,802
810021443,802
810024771,802
810024804,802
810025224,803
810026421,802
810026452,802
810026459,802
810027992,802
810028093,802
810029825,802
810030275,803
810031391,802
810033079,802
810033114,802
810038100,802
810042045,803
810042047,803
810043092,802
810044743,802
810044768,802
810044771,802
810044825,802
810044830,802
810046532,802
810051560,802
810053229,802
810054939,802
810058173,802
810058288,802
810062211,803
810063210,802
810063315,802
810063890,803
810064888,802
810064904,802
810065570,803
810066615,802
810068939,803
810070613,803
810079037,803
810080707,803
810084061,803
810090087,802
810093441,802
810094158,803
810096789,802
810098462,802
810098469,802
810098475,802
810100161,802
810100879,803
810104217,803
810104240,803
810106880,802
810108550,802
810108555,802
810110230,802
810110236,802
810110968,803
810111916,802
810116942,802
810117681,803
810121043,803
810123668,802
810125343,802
810127030,802
810127762,803
810131125,803
810133746,802
810134484,803
810137097,802
810137851,803
810141232,803
810142137,802
810147925,803
810147926,803
810149613,803
810151289,803
810153891,802
810154655,803
810161384,803
810163046,803
810164733,803
810166413,803
810166426,803
810167339,802
810168093,803
810169774,803
810169799,803
810172354,802
810174027,802
810174827,803
810177406,802
810184904,803
810188269,803
810189147,802
810189947,803
810193324,803
810201715,803
810201722,803
810203384,803
810208502,803
810210966,802
810210997,802
810211793,803
810217266,803
810217679,802
810218528,803
810221051,802
810223555,803
810225234,803
810226079,802
810226908,803
810228606,803
810232053,803
810232210,803
810233637,803
810235317,803
810237055,803
810237844,802
810238709,803
810240393,803
810242492,803
810245489,803
810245850,803
810247364,803
810251283,802
810257163,803
810259688,802
810260761,803
810265569,803
810266393,802
810269762,802
810271424,802
810271432,802
810273106,802
810274804,802
810277601,803
810277771,803
810279840,802
810280988,803
810281103,803
810287681,803
810289394,803
810289527,803
810289910,802
810291209,803
810291590,802
810292606,803
810292765,803
810292884,803
810294951,802
810296017,803
810300860,803
810301160,803
810301294,803
810301661,802
810301671,802
810302939,803
810305024,802
810306120,803
810306349,803
810306637,802
810306695,802
810307824,803
810311723,802
810312899,803
810312916,803
810316242,803
810316257,803
810316282,803
810316406,803
810318074,803
810319652,803
810319657,803
810320158,802
810323110,803
810324796,803
810325174,802
810325184,802
810326369,803
810326384,803
810326496,803
810326532,803
810326871,802
810327939,803
810328057,803
810328148,803
810328176,803
810329597,803
810331204,803
810331257,803
810332969,803
810333087,803
810333088,803
810333113,803
810333143,803
810333570,802
810334837,803
810334904,803
810335172,802
810335191,802
810337980,803
810338616,802
810338621,802
810338627,802
810340308,802
810341450,803
810343158,803
810343170,803
810343640,802
810343664,802
810344652,803
810344849,803
810346391,803
810350002,803
810350366,802
810353747,802
810354903,803
810355361,802
810355419,802
810356807,803
810356857,803
810358779,802
810358782,802
810359958,803
810362046,802
810363751,802
810363756,802
810366602,803
810366642,803
810366684,803
810366903,803
810367121,802
810367142,802
810368364,803
810368585,803
810370501,802
810370509,802
810372105,802
810372172,802
810372207,802
810375305,803
810375329,803
810375534,802
810377256,802
810378652,803
810378663,803
810380537,802
810380604,802
810383945,802
810383983,802
810385381,803
810385591,802
810385595,802
810387051,803
810390603,802
810390663,802
810390693,802
810392281,802
810393796,803
810393914,802
810395642,802
810397161,803
810397326,802
810397363,802
810399015,802
810401826,803
810402429,802
810402459,802
810403898,803
810404052,802
810404056,802
810404081,802
810404118,802
810407229,803
810407258,803
810407400,802
810409102,802
810410758,802
810412412,801
810412422,802
810414169,802
810414184,802
810414213,802
810419057,802
810420809,801
810420828,802
810422505,802
810427551,802
810430758,803
810437643,802
810440996,802
810442648,802
810451077,802
810457587,803
810467732,803
810471103,803
810486244,801
810501394,802
820006742,804
820013479,804
820018856,804
820020204,804
820029614,804
820030964,804
820033653,804
820033656,804
820036333,804
820036344,804
820040368,804
820045758,804
820048446,804
820065919,804
820065922,804
820069952,804
820072640,804
820076672,804
820079364,804
820087428,804
820091463,804
820094152,804
820096837,804
820096840,804
820122377,804
820125068,804
820126411,804
820126417,804
820131787,804
820134476,804
820135826,804
820135829,804
820139857,804
820142546,804
820147922,804
820153307,804
820155988,804
820157338,804
820158683,804
820160027,804
820164045,804
820172119,804
820178849,804
820181534,804
820190939,804
820190954,804
820192287,804
820193629,804
820197673,804
820199007,804
820200351,804
820200353,804
820204375,804
820207539,804
820211113,804
820221987,804
820223203,804
820231275,804
820231296,804
820233954,804
820246053,804
820246451,804
820248749,804
820252799,804
820254129,804
820256842,804
820258150,804
820259495,804
820270291,804
820271620,804
820275660,804
820287743,804
820288317,804
820318918,804
820345786,804
820350202,804
820356879,804
