inlet,outlet,lake_id,endorheic,trace_inlet
740001205,740275361,2,False,0
740001208,740275361,2,False,0
740001216,740275361,2,False,0
740001217,740275361,2,False,0
740001223,740275361,2,False,0
740001225,740275361,2,False,0
740001253,740275361,2,False,0
740002536,740275361,2,False,0
740002545,740275361,2,False,0
740002554,740275361,2,False,0
740002567,740275361,2,False,0
740003849,740275361,2,False,0
740003851,740275361,2,False,0
740003898,740275361,2,False,0
740003903,740275361,2,False,0
740003955,740275361,2,False,0
740005236,740275361,2,False,0
740005247,740275361,2,False,0
740005283,740275361,2,False,0
740005293,740275361,2,False,0
740006545,740275361,2,False,0
740006581,740275361,2,False,0
740006602,740275361,2,False,0
740006644,740275361,2,False,0
740010568,740275361,2,False,0
740011831,740275361,2,False,0
740011920,740275361,2,False,0
740013147,740275361,2,False,0
740013175,740275361,2,False,0
740013180,740275361,2,False,0
740013239,740275361,2,False,0
740013277,740275361,2,False,0
740014491,740275361,2,False,0
740014496,740275361,2,False,0
740014513,740275361,2,False,0
740014616,740275361,2,False,0
740014629,740275361,2,False,0
740014631,740275361,2,False,0
740014710,740275361,2,False,0
740015810,740275361,2,False,0
740015834,740275361,2,False,0
740015912,740275361,2,False,0
740015938,740275361,2,False,0
740017154,740275361,2,False,0
740017177,740275361,2,False,0
740017178,740275361,2,False,0
740017189,740275361,2,False,0
740017194,740275361,2,False,0
740017207,740275361,2,False,0
740017223,740275361,2,False,0
740017316,740275361,2,False,0
740018521,740275361,2,False,0
740018529,740275361,2,False,0
740018536,740275361,2,False,0
740018553,740275361,2,False,0
740018591,740275361,2,False,0
740018610,740275361,2,False,0
740018624,740275361,2,False,0
740019836,740275361,2,False,0
740019853,740275361,2,False,0
740019863,740275361,2,False,0
740019876,740275361,2,False,0
740019881,740275361,2,False,0
740019884,740275361,2,False,0
740019887,740275361,2,False,0
740019896,740275361,2,False,0
740019897,740275361,2,False,0
740019953,740275361,2,False,0
740019956,740275361,2,False,0
740020012,740275361,2,False,0
740021180,740275361,2,False,0
740021207,740275361,2,False,0
740021221,740275361,2,False,0
740021231,740275361,2,False,0
740021233,740275361,2,False,0
740021248,740275361,2,False,0
740021286,740275361,2,False,0
740022529,740275361,2,False,0
740022550,740275361,2,False,0
740022560,740275361,2,False,0
740022627,740275361,2,False,0
740022645,740275361,2,False,0
740022648,740275361,2,False,0
740022650,740275361,2,False,0
740022668,740275361,2,False,0
740023870,740275361,2,False,0
740023894,740275361,2,False,0
740023904,740275361,2,False,0
740023908,740275361,2,False,0
740023916,740275361,2,False,0
740023925,740275361,2,False,0
740023927,740275361,2,False,0
740023939,740275361,2,False,0
740023940,740275361,2,False,0
740023965,740275361,2,False,0
740025206,740275361,2,False,0
740025207,740275361,2,False,0
740025213,740275361,2,False,0
740025243,740275361,2,False,0
740025268,740275361,2,False,0
740025307,740275361,2,False,0
740025323,740275361,2,False,0
740026557,740275361,2,False,0
740026563,740275361,2,False,0
740026565,740275361,2,False,0
740026599,740275361,2,False,0
740026661,740275361,2,False,0
740026667,740275361,2,False,0
740027886,740275361,2,False,0
740027943,740275361,2,False,0
740029230,740275361,2,False,0
740029289,740275361,2,False,0
740029291,740275361,2,False,0
740030578,740275361,2,False,0
740030704,740275361,2,False,0
740031920,740275361,2,False,0
740031924,740275361,2,False,0
740031926,740275361,2,False,0
740031929,740275361,2,False,0
740031988,740275361,2,False,0
740033264,740275361,2,False,0
740033279,740275361,2,False,0
740033284,740275361,2,False,0
740033362,740275361,2,False,0
740033386,740275361,2,False,0
740034612,740275361,2,False,0
740034622,740275361,2,False,0
740034635,740275361,2,False,0
740034663,740275361,2,False,0
740034733,740275361,2,False,0
740035957,740275361,2,False,0
740035966,740275361,2,False,0
740036014,740275361,2,False,0
740037287,740275361,2,False,0
740037294,740275361,2,False,0
740037295,740275361,2,False,0
740037301,740275361,2,False,0
740038633,740275361,2,False,0
740038638,740275361,2,False,0
740038661,740275361,2,False,0
740038759,740275361,2,False,0
740039977,740275361,2,False,0
740040005,740275361,2,False,0
740040064,740275361,2,False,0
740041347,740275361,2,False,0
740041349,740275361,2,False,0
740041402,740275361,2,False,0
740042710,740275361,2,False,0
740044009,740275361,2,False,0
740044019,740275361,2,False,0
740044020,740275361,2,False,0
740044048,740275361,2,False,0
740044090,740275361,2,False,0
740045350,740275361,2,False,0
740045357,740275361,2,False,0
740045392,740275361,2,False,0
740046700,740275361,2,False,0
740046779,740275361,2,False,0
740046845,740275361,2,False,0
740046853,740275361,2,False,0
740048041,740275361,2,False,0
740048097,740275361,2,False,0
740048133,740275361,2,False,0
740048191,740275361,2,False,0
740049384,740275361,2,False,0
740049386,740275361,2,False,0
740049387,740275361,2,False,0
740049422,740275361,2,False,0
740049426,740275361,2,False,0
740049535,740275361,2,False,0
740050728,740275361,2,False,0
740050731,740275361,2,False,0
740052072,740275361,2,False,0
740052102,740275361,2,False,0
740053488,740275361,2,False,0
740053520,740275361,2,False,0
740053524,740275361,2,False,0
740053563,740275361,2,False,0
740054762,740275361,2,False,0
740054803,740275361,2,False,0
740054830,740275361,2,False,0
740054907,740275361,2,False,0
740056162,740275361,2,False,0
740056232,740275361,2,False,0
740057480,740275361,2,False,0
740057509,740275361,2,False,0
740057512,740275361,2,False,0
740057569,740275361,2,False,0
740057596,740275361,2,False,0
740057629,740275361,2,False,0
740058924,740275361,2,False,0
740058932,740275361,2,False,0
740058969,740275361,2,False,0
740058975,740275361,2,False,0
740060195,740275361,2,False,0
740060289,740275361,2,False,0
740060317,740275361,2,False,0
740060319,740275361,2,False,0
740060321,740275361,2,False,0
740061539,740275361,2,False,0
740061541,740275361,2,False,0
740061609,740275361,2,False,0
740061624,740275361,2,False,0
740061649,740275361,2,False,0
740061662,740275361,2,False,0
740061663,740275361,2,False,0
740062829,740275361,2,False,0
740062882,740275361,2,False,0
740062883,740275361,2,False,0
740062931,740275361,2,False,0
740062954,740275361,2,False,0
740064231,740275361,2,False,0
740064233,740275361,2,False,0
740064282,740275361,2,False,0
740064348,740275361,2,False,0
740065566,740275361,2,False,0
740065634,740275361,2,False,0
740065636,740275361,2,False,0
740065644,740275361,2,False,0
740065650,740275361,2,False,0
740065653,740275361,2,False,0
740066910,740275361,2,False,0
740066971,740275361,2,False,0
740066984,740275361,2,False,0
740066993,740275361,2,False,0
740067001,740275361,2,False,0
740067034,740275361,2,False,0
740067036,740275361,2,False,0
740067118,740275361,2,False,0
740068265,740275361,2,False,0
740068312,740275361,2,False,0
740068324,740275361,2,False,0
740068331,740275361,2,False,0
740068345,740275361,2,False,0
740068358,740275361,2,False,0
740068374,740275361,2,False,0
740068376,740275361,2,False,0
740069670,740275361,2,False,0
740070931,740275361,2,False,0
740070968,740275361,2,False,0
740071012,740275361,2,False,0
740071014,740275361,2,False,0
740071017,740275361,2,False,0
740071027,740275361,2,False,0
740071029,740275361,2,False,0
740071040,740275361,2,False,0
740071043,740275361,2,False,0
740071066,740275361,2,False,0
740072302,740275361,2,False,0
740072335,740275361,2,False,0
740072361,740275361,2,False,0
740072366,740275361,2,False,0
740073605,740275361,2,False,0
740073707,740275361,2,False,0
740073709,740275361,2,False,0
740073728,740275361,2,False,0
740074947,740275361,2,False,0
740075054,740275361,2,False,0
740075058,740275361,2,False,0
740076319,740275361,2,False,0
740077709,740275361,2,False,0
740077733,740275361,2,False,0
740077750,740275361,2,False,0
740078956,740275361,2,False,0
740078957,740275361,2,False,0
740079090,740275361,2,False,0
740080298,740275361,2,False,0
740080301,740275361,2,False,0
740080390,740275361,2,False,0
740080484,740275361,2,False,0
740081776,740275361,2,False,0
740082985,740275361,2,False,0
740083014,740275361,2,False,0
740083062,740275361,2,False,0
740083066,740275361,2,False,0
740083080,740275361,2,False,0
740087104,740275361,2,False,0
740087141,740275361,2,False,0
740088354,740275361,2,False,0
740089840,740275361,2,False,0
740091144,740275361,2,False,0
740091311,740275361,2,False,0
740092632,740275361,2,False,1
740093842,740275361,2,False,0
740095174,740275361,2,False,0
740095339,740275361,2,False,0
740095345,740275361,2,False,0
740096521,740275361,2,False,0
740097997,740275361,2,False,0
740099211,740275361,2,False,0
740099381,740275361,2,False,0
740100678,740275361,2,False,0
740103247,740275361,2,False,0
740103383,740275361,2,False,1
740104591,740275361,2,False,0
740105823,740275361,2,False,0
740105917,740275361,2,False,0
740106101,740275361,2,False,1
740107269,740275361,2,False,0
740110119,740275361,2,False,0
740111472,740275361,2,False,1
740112663,740275361,2,False,0
740112822,740275361,2,False,1
740115218,740275361,2,False,0
740119365,740275361,2,False,0
740119379,740275361,2,False,0
740124869,740275361,2,False,1
740127498,740275361,2,False,0
740134223,740275361,2,False,0
740140983,740275361,2,False,0
740145028,740275361,2,False,1
740146338,740275361,2,False,0
740147681,740275361,2,False,0
740150366,740275361,2,False,0
740151679,740275361,2,False,0
740151683,740275361,2,False,0
740151698,740275361,2,False,0
740161070,740275361,2,False,0
740161120,740275361,2,False,0
740166440,740275361,2,False,0
740167841,740275361,2,False,0
740167842,740275361,2,False,0
740169092,740275361,2,False,0
740169139,740275361,2,False,0
740170492,740275361,2,False,0
740173150,740275361,2,False,0
740175878,740275361,2,False,0
740177190,740275361,2,False,0
740177250,740275361,2,False,0
740189304,740275361,2,False,0
740189335,740275361,2,False,0
740189360,740275361,2,False,1
740190649,740275361,2,False,0
740191923,740275361,2,False,0
740191962,740275361,2,False,0
740191996,740275361,2,False,0
740194702,740275361,2,False,0
740195957,740275361,2,False,0
740197295,740275361,2,False,0
740198768,740275361,2,False,1
740201332,740275361,2,False,0
740201394,740275361,2,False,0
740201448,740275361,2,False,0
740202661,740275361,2,False,0
740202726,740275361,2,False,0
740202752,740275361,2,False,0
740202794,740275361,2,False,0
740204013,740275361,2,False,0
740204070,740275361,2,False,0
740204094,740275361,2,False,0
740205427,740275361,2,False,0
740206713,740275361,2,False,0
740208118,740275361,2,False,0
740209397,740275361,2,False,0
740210755,740275361,2,False,0
740210811,740275361,2,False,0
740212091,740275361,2,False,0
740213403,740275361,2,False,0
740214838,740275361,2,False,0
740216079,740275361,2,False,0
740217454,740275361,2,False,0
740217524,740275361,2,False,0
740217591,740275361,2,False,1
740220108,740275361,2,False,0
740220158,740275361,2,False,0
740221467,740275361,2,False,0
740221560,740275361,2,False,0
740222893,740275361,2,False,0
740222931,740275361,2,False,1
740224170,740275361,2,False,0
740224257,740275361,2,False,1
740225525,740275361,2,False,0
740225585,740275361,2,False,0
740225589,740275361,2,False,0
740226929,740275361,2,False,0
740228172,740275361,2,False,0
740228205,740275361,2,False,0
740228217,740275361,2,False,0
740229537,740275361,2,False,0
740229644,740275361,2,False,1
740230966,740275361,2,False,0
740232296,740275361,2,False,0
740233611,740275361,2,False,0
740234952,740275361,2,False,0
740236274,740275361,2,False,0
740236308,740275361,2,False,0
740236317,740275361,2,False,0
740237560,740275361,2,False,0
740237728,740275361,2,False,1
740240384,740275361,2,False,0
740241651,740275361,2,False,0
740243005,740275361,2,False,0
740243006,740275361,2,False,0
740243057,740275361,2,False,0
740244411,740275361,2,False,1
740245671,740275361,2,False,0
740245701,740275361,2,False,0
740245717,740275361,2,False,0
740246970,740275361,2,False,0
740247011,740275361,2,False,0
740247095,740275361,2,False,1
740248439,740275361,2,False,1
740251010,740275361,2,False,0
740251066,740275361,2,False,0
740252503,740275361,2,False,0
740257760,740275361,2,False,0
740259076,740275361,2,False,0
740259131,740275361,2,False,0
740260409,740275361,2,False,0
740260462,740275361,2,False,0
740260502,740275361,2,False,0
740260566,740275361,2,False,1
740261801,740275361,2,False,0
740261863,740275361,2,False,0
740263124,740275361,2,False,0
740263135,740275361,2,False,0
740263175,740275361,2,False,0
740263176,740275361,2,False,0
740263205,740275361,2,False,0
740264483,740275361,2,False,0
740264606,740275361,2,False,1
740265884,740275361,2,False,0
740267183,740275361,2,False,0
740268587,740275361,2,False,1
740271153,740275361,2,False,0
740271267,740275361,2,False,0
740271268,740275361,2,False,0
740275202,740275361,2,False,0
740276533,740275361,2,False,0
740276556,740275361,2,False,0
740276580,740275361,2,False,0
740277911,740275361,2,False,0
740279338,740275361,2,False,1
740280567,740275361,2,False,0
740280621,740275361,2,False,0
740283289,740275361,2,False,0
740284677,740275361,2,False,0
740284681,740275361,2,False,0
740284698,740275361,2,False,0
740285933,740275361,2,False,0
740287292,740275361,2,False,0
740287367,740275361,2,False,0
740288654,740275361,2,False,0
740288699,740275361,2,False,0
740288738,740275361,2,False,1
740290018,740275361,2,False,1
740291391,740275361,2,False,0
740293996,740275361,2,False,0
740294034,740275361,2,False,0
740294048,740275361,2,False,0
740294097,740275361,2,False,0
740295360,740275361,2,False,0
740295457,740275361,2,False,0
740296805,740275361,2,False,0
740298034,740275361,2,False,0
740299368,740275361,2,False,0
740299446,740275361,2,False,0
740299458,740275361,2,False,0
740302103,740275361,2,False,0
740302142,740275361,2,False,0
740302145,740275361,2,False,0
740302146,740275361,2,False,0
740302182,740275361,2,False,0
740303529,740275361,2,False,1
740303532,740275361,2,False,0
740304771,740275361,2,False,0
740306208,740275361,2,False,0
740307557,740275361,2,False,0
740311469,740275361,2,False,0
740311580,740275361,2,False,0
740312826,740275361,2,False,0
740312831,740275361,2,False,0
740312890,740275361,2,False,0
740319542,740275361,2,False,0
740319575,740275361,2,False,0
740319611,740275361,2,False,0
740321021,740275361,2,False,1
740322262,740275361,2,False,1
740323627,740275361,2,False,0
740323637,740275361,2,False,0
740323676,740275361,2,False,0
740325022,740275361,2,False,0
740327717,740275361,2,False,1
740330310,740275361,2,False,0
740331623,740275361,2,False,0
740331650,740275361,2,False,0
740331712,740275361,2,False,0
740331718,740275361,2,False,0
740332971,740275361,2,False,0
740335783,740275361,2,False,0
740337044,740275361,2,False,1
740338349,740275361,2,False,0
740338367,740275361,2,False,0
740339701,740275361,2,False,0
740339706,740275361,2,False,0
740339789,740275361,2,False,0
740341072,740275361,2,False,0
740342383,740275361,2,False,0
740342474,740275361,2,False,1
740345148,740275361,2,False,1
740346494,740275361,2,False,1
740349160,740275361,2,False,1
740350502,740275361,2,False,1
740350518,740275361,2,False,1
740351807,740275361,2,False,0
740351818,740275361,2,False,0
740353161,740275361,2,False,0
740353185,740275361,2,False,0
740353248,740275361,2,False,1
740354564,740275361,2,False,0
740358542,740275361,2,False,0
740361231,740275361,2,False,0
740362627,740275361,2,False,0
740362631,740275361,2,False,1
740363962,740275361,2,False,1
740363974,740275361,2,False,1
740369259,740275361,2,False,0
740369269,740275361,2,False,0
740370696,740275361,2,False,0
740374740,740275361,2,False,1
740377363,740275361,2,False,0
740378664,740275361,2,False,0
740380082,740275361,2,False,1
740380095,740275361,2,False,1
740381380,740275361,2,False,0
740382806,740275361,2,False,1
740384107,740275361,2,False,1
740390766,740275361,2,False,0
740392109,740275361,2,False,0
740392117,740275361,2,False,0
740393455,740275361,2,False,0
740396176,740275361,2,False,1
740397479,740275361,2,False,0
740400178,740275361,2,False,0
740401513,740275361,2,False,0
740409575,740275361,2,False,0
740410926,740275361,2,False,0
740410940,740275361,2,False,1
740411010,740275361,2,False,1
740412244,740275361,2,False,0
740420387,740275361,2,False,1
740421681,740275361,2,False,0
740427144,740275361,2,False,1
740428492,740275361,2,False,1
740433798,740275361,2,False,0
740435154,740275361,2,False,0
740435223,740275361,2,False,0
740439153,740275361,2,False,0
740444533,740275361,2,False,0
740445880,740275361,2,False,1
740451244,740275361,2,False,1
740456708,740275361,2,False,1
740460671,740275361,2,False,1
740464665,740275361,2,False,0
740470032,740275361,2,False,0
740472717,740275361,2,False,0
740474087,740275361,2,False,1
740475437,740275361,2,False,1
740476768,740275361,2,False,0
740476790,740275361,2,False,0
740479494,740275361,2,False,1
740480817,740275361,2,False,1
740487503,740275361,2,False,1
740487528,740275361,2,False,1
740487529,740275361,2,False,0
740496938,740275361,2,False,1
740503640,740275361,2,False,0
740504993,740275361,2,False,1
740504998,740275361,2,False,0
740510362,740275361,2,False,0
740526511,740275361,2,False,1
740552034,740275361,2,False,1
740558755,740275361,2,False,1
740568162,740275361,2,False,1
740591011,740275361,2,False,1
740612509,740275361,2,False,1
740615181,740275361,2,False,1
740639376,740275361,2,False,1
740006273,740666258,3,False,0
740006342,740666258,3,False,0
740006343,740666258,3,False,0
740007615,740666258,3,False,0
740007625,740666258,3,False,0
740008931,740666258,3,False,0
740008959,740666258,3,False,0
740008971,740666258,3,False,0
740009034,740666258,3,False,0
740010270,740666258,3,False,0
740010298,740666258,3,False,0
740010301,740666258,3,False,0
740010302,740666258,3,False,0
740010303,740666258,3,False,0
740010306,740666258,3,False,0
740010308,740666258,3,False,0
740010318,740666258,3,False,0
740010359,740666258,3,False,0
740010375,740666258,3,False,0
740011645,740666258,3,False,0
740011648,740666258,3,False,0
740011655,740666258,3,False,0
740011658,740666258,3,False,0
740011714,740666258,3,False,0
740011719,740666258,3,False,0
740011721,740666258,3,False,0
740012928,740666258,3,False,0
740012989,740666258,3,False,0
740012992,740666258,3,False,0
740013005,740666258,3,False,0
740013044,740666258,3,False,0
740013064,740666258,3,False,0
740013067,740666258,3,False,0
740013068,740666258,3,False,0
740014306,740666258,3,False,0
740014318,740666258,3,False,0
740014331,740666258,3,False,0
740014405,740666258,3,False,0
740015665,740666258,3,False,0
740015673,740666258,3,False,0
740015685,740666258,3,False,0
740015693,740666258,3,False,0
740015724,740666258,3,False,0
740015726,740666258,3,False,0
740015735,740666258,3,False,0
740015744,740666258,3,False,0
740015754,740666258,3,False,0
740016978,740666258,3,False,0
740016979,740666258,3,False,0
740016992,740666258,3,False,0
740016997,740666258,3,False,0
740017097,740666258,3,False,0
740018308,740666258,3,False,0
740018327,740666258,3,False,0
740018425,740666258,3,False,0
740018427,740666258,3,False,0
740018433,740666258,3,False,0
740018442,740666258,3,False,0
740019666,740666258,3,False,0
740019718,740666258,3,False,0
740019724,740666258,3,False,0
740019777,740666258,3,False,0
740020987,740666258,3,False,0
740021022,740666258,3,False,0
740021116,740666258,3,False,0
740021119,740666258,3,False,0
740021134,740666258,3,False,0
740022332,740666258,3,False,0
740022338,740666258,3,False,0
740022463,740666258,3,False,0
740022468,740666258,3,False,0
740022478,740666258,3,False,0
740023674,740666258,3,False,0
740023698,740666258,3,False,0
740023709,740666258,3,False,0
740023720,740666258,3,False,0
740023765,740666258,3,False,0
740023782,740666258,3,False,0
740023804,740666258,3,False,0
740025167,740666258,3,False,0
740026371,740666258,3,False,0
740026461,740666258,3,False,0
740026493,740666258,3,False,0
740026498,740666258,3,False,0
740026507,740666258,3,False,0
740027705,740666258,3,False,0
740027714,740666258,3,False,0
740027719,740666258,3,False,0
740027732,740666258,3,False,0
740027776,740666258,3,False,0
740027796,740666258,3,False,0
740027841,740666258,3,False,0
740027848,740666258,3,False,0
740029071,740666258,3,False,0
740029080,740666258,3,False,0
740029195,740666258,3,False,0
740030404,740666258,3,False,0
740030520,740666258,3,False,0
740030533,740666258,3,False,0
740031737,740666258,3,False,0
740031753,740666258,3,False,0
740031755,740666258,3,False,0
740031776,740666258,3,False,0
740033099,740666258,3,False,0
740033211,740666258,3,False,0
740034452,740666258,3,False,0
740034487,740666258,3,False,0
740034546,740666258,3,False,0
740034556,740666258,3,False,0
740035784,740666258,3,False,0
740035900,740666258,3,False,0
740037127,740666258,3,False,0
740037203,740666258,3,False,0
740038519,740666258,3,False,0
740038547,740666258,3,False,0
740038586,740666258,3,False,0
740039915,740666258,3,False,0
740039917,740666258,3,False,0
740039924,740666258,3,False,0
740039925,740666258,3,False,0
740041248,740666258,3,False,0
740041276,740666258,3,False,0
740042503,740666258,3,False,0
740042552,740666258,3,False,0
740042609,740666258,3,False,0
740042617,740666258,3,False,0
740043846,740666258,3,False,0
740043956,740666258,3,False,0
740045191,740666258,3,False,0
740045204,740666258,3,False,0
740045241,740666258,3,False,0
740046548,740666258,3,False,0
740046626,740666258,3,False,0
740047992,740666258,3,False,0
740048003,740666258,3,False,0
740048009,740666258,3,False,0
740049347,740666258,3,False,0
740050691,740666258,3,False,0
740052035,740666258,3,False,0
740053385,740666258,3,False,0
740054716,740666258,3,False,0
740054730,740666258,3,False,0
740054735,740666258,3,False,0
740057417,740666258,3,False,0
740058757,740666258,3,False,0
740058772,740666258,3,False,0
740060073,740666258,3,False,0
740060103,740666258,3,False,0
740060113,740666258,3,False,0
740061406,740666258,3,False,0
740061418,740666258,3,False,0
740062762,740666258,3,False,0
740062797,740666258,3,False,0
740065398,740666258,3,False,0
740065480,740666258,3,False,0
740065488,740666258,3,False,0
740066777,740666258,3,False,0
740068161,740666258,3,False,0
740069505,740666258,3,False,0
740069520,740666258,3,False,0
740070859,740666258,3,False,0
740070867,740666258,3,False,0
740072154,740666258,3,False,0
740072203,740666258,3,False,0
740072216,740666258,3,False,0
740076229,740666258,3,False,0
740076242,740666258,3,False,0
740077573,740666258,3,False,0
740077588,740666258,3,False,0
740081622,740666258,3,False,0
740084309,740666258,3,False,0
740085653,740666258,3,False,0
740089687,740666258,3,False,0
740097747,740666258,3,False,0
740101779,740666258,3,False,0
740103123,740666258,3,False,0
740104466,740666258,3,False,0
740105810,740666258,3,False,0
740107158,740666258,3,False,0
740125917,740666258,3,False,0
740127261,740666258,3,False,0
740253504,740666258,3,False,0
740256188,740666258,3,False,0
740264382,740666258,3,False,0
740265604,740666258,3,False,0
740269639,740666258,3,False,0
740275005,740666258,3,False,0
740275011,740666258,3,False,0
740276361,740666258,3,False,0
740277822,740666258,3,False,0
740279166,740666258,3,False,0
740281776,740666258,3,False,0
740284420,740666258,3,False,0
740289806,740666258,3,False,0
740289818,740666258,3,False,0
740293826,740666258,3,False,0
740295189,740666258,3,False,0
740299216,740666258,3,False,0
740299234,740666258,3,False,0
740301994,740666258,3,False,0
740303336,740666258,3,False,0
740303338,740666258,3,False,0
740303357,740666258,3,False,0
740304658,740666258,3,False,0
740307344,740666258,3,False,0
740307375,740666258,3,False,0
740310087,740666258,3,False,0
740311352,740666258,3,False,0
740311406,740666258,3,False,0
740311431,740666258,3,False,0
740312696,740666258,3,False,0
740314119,740666258,3,False,0
740315413,740666258,3,False,0
740315463,740666258,3,False,0
740318020,740666258,3,False,0
740318141,740666258,3,False,0
740322043,740666258,3,False,0
740322103,740666258,3,False,0
740322191,740666258,3,False,0
740323518,740666258,3,False,0
740324862,740666258,3,False,0
740327551,740666258,3,False,0
740327560,740666258,3,False,0
740330219,740666258,3,False,0
740332929,740666258,3,False,0
740332932,740666258,3,False,0
740334136,740666258,3,False,0
740335497,740666258,3,False,0
740336836,740666258,3,False,0
740336886,740666258,3,False,0
740336972,740666258,3,False,0
740340941,740666258,3,False,0
740340974,740666258,3,False,0
740344948,740666258,3,False,0
740354305,740666258,3,False,0
740354307,740666258,3,False,0
740354428,740666258,3,False,0
740358458,740666258,3,False,0
740358467,740666258,3,False,0
740359820,740666258,3,False,0
740361143,740666258,3,False,0
740362451,740666258,3,False,0
740363715,740666258,3,False,0
740366457,740666258,3,False,0
740367876,740666258,3,False,0
740370454,740666258,3,False,0
740370506,740666258,3,False,0
740373123,740666258,3,False,0
740373156,740666258,3,False,0
740375935,740666258,3,False,0
740375944,740666258,3,False,0
740377300,740666258,3,False,0
740379902,740666258,3,False,0
740381244,740666258,3,False,0
740381319,740666258,3,False,0
740382543,740666258,3,False,0
740383898,740666258,3,False,0
740385351,740666258,3,False,0
740386617,740666258,3,False,0
740386711,740666258,3,False,0
740388031,740666258,3,False,0
740389358,740666258,3,False,0
740392002,740666258,3,False,0
740393407,740666258,3,False,0
740394679,740666258,3,False,0
740395967,740666258,3,False,1
740396040,740666258,3,False,0
740396109,740666258,3,False,0
740397333,740666258,3,False,0
740397379,740666258,3,False,0
740397413,740666258,3,False,0
740397436,740666258,3,False,0
740397442,740666258,3,False,0
740398664,740666258,3,False,0
740400136,740666258,3,False,0
740401439,740666258,3,False,0
740402734,740666258,3,False,0
740402742,740666258,3,False,0
740402828,740666258,3,False,0
740404135,740666258,3,False,0
740404171,740666258,3,False,0
740405407,740666258,3,False,0
740406734,740666258,3,False,0
740406850,740666258,3,False,0
740408104,740666258,3,False,0
740409541,740666258,3,False,0
740413438,740666258,3,False,0
740420264,740666258,3,False,0
740421642,740666258,3,False,0
740422977,740666258,3,False,0
740426930,740666258,3,False,0
740426956,740666258,3,False,0
740427019,740666258,3,False,0
740428292,740666258,3,False,0
740429563,740666258,3,False,0
740429691,740666258,3,False,0
740430974,740666258,3,False,1
740432376,740666258,3,False,0
740432382,740666258,3,False,0
740433722,740666258,3,False,0
740434947,740666258,3,False,0
740435074,740666258,3,False,0
740436294,740666258,3,False,0
740436414,740666258,3,False,0
740439101,740666258,3,False,0
740439111,740666258,3,False,0
740440366,740666258,3,False,0
740441656,740666258,3,False,1
740443051,740666258,3,False,0
740444401,740666258,3,False,0
740445702,740666258,3,False,0
740447112,740666258,3,False,0
740447171,740666258,3,False,0
740447174,740666258,3,False,0
740448387,740666258,3,False,1
740448469,740666258,3,False,0
740448501,740666258,3,False,0
740451063,740666258,3,False,0
740453838,740666258,3,False,1
740453844,740666258,3,False,0
740453867,740666258,3,False,0
740453874,740666258,3,False,0
740455104,740666258,3,False,0
740455225,740666258,3,False,0
740455232,740666258,3,False,0
740456574,740666258,3,False,0
740457837,740666258,3,False,0
740459205,740666258,3,False,0
740460483,740666258,3,False,1
740463284,740666258,3,False,0
740464648,740666258,3,False,0
740465861,740666258,3,False,1
740465961,740666258,3,False,0
740467225,740666258,3,False,0
740467283,740666258,3,False,0
740468667,740666258,3,False,0
740468682,740666258,3,False,0
740469943,740666258,3,False,1
740471363,740666258,3,False,0
740471364,740666258,3,False,1
740474019,740666258,3,False,0
740476704,740666258,3,False,0
740477972,740666258,3,False,0
740478067,740666258,3,False,0
740480788,740666258,3,False,0
740482107,740666258,3,False,0
740483331,740666258,3,False,1
740483473,740666258,3,False,0
740484726,740666258,3,False,0
740487491,740666258,3,False,0
740490098,740666258,3,False,1
740490187,740666258,3,False,0
740491538,740666258,3,False,0
740492865,740666258,3,False,0
740495545,740666258,3,False,0
740496793,740666258,3,False,1
740499511,740666258,3,False,1
740500834,740666258,3,False,1
740500941,740666258,3,False,0
740502264,740666258,3,False,0
740503619,740666258,3,False,1
740510324,740666258,3,False,0
740511686,740666258,3,False,0
740512913,740666258,3,False,1
740514380,740666258,3,False,0
740520981,740666258,3,False,1
740521093,740666258,3,False,0
740522363,740666258,3,False,1
740522427,740666258,3,False,0
740522444,740666258,3,False,0
740523771,740666258,3,False,0
740526334,740666258,3,False,1
740531848,740666258,3,False,1
740533194,740666258,3,False,1
740535879,740666258,3,False,1
740537180,740666258,3,False,0
740539922,740666258,3,False,0
740541173,740666258,3,False,1
740541212,740666258,3,False,1
740542550,740666258,3,False,1
740542580,740666258,3,False,0
740545283,740666258,3,False,1
740545302,740666258,3,False,1
740547960,740666258,3,False,0
740551988,740666258,3,False,0
740554614,740666258,3,False,1
740558736,740666258,3,False,0
740560063,740666258,3,False,1
740561425,740666258,3,False,0
740562757,740666258,3,False,1
740565446,740666258,3,False,0
740565454,740666258,3,False,1
740568099,740666258,3,False,1
740572149,740666258,3,False,0
740577525,740666258,3,False,0
740580231,740666258,3,False,1
740589650,740666258,3,False,0
740597709,740666258,3,False,1
740601739,740666258,3,False,1
740601741,740666258,3,False,1
740621910,740666258,3,False,1
740635317,740666258,3,False,0
740666229,740666258,3,False,1
740668917,740666258,3,False,1
740682357,740666258,3,False,1
160035002,160290686,4,False,0
160036170,160290686,4,False,0
160047847,160290686,4,False,0
160050099,160290686,4,False,0
160051349,160290686,4,False,0
160051350,160290686,4,False,0
160052512,160290686,4,False,0
160054853,160290686,4,False,0
160055937,160290686,4,False,0
160057093,160290686,4,False,0
160057105,160290686,4,False,0
160057146,160290686,4,False,0
160058314,160290686,4,False,0
160058350,160290686,4,False,0
160058353,160290686,4,False,0
160058366,160290686,4,False,0
160059429,160290686,4,False,0
160059512,160290686,4,False,0
160060672,160290686,4,False,0
160060674,160290686,4,False,0
160061802,160290686,4,False,0
160061816,160290686,4,False,0
160061851,160290686,4,False,0
160061855,160290686,4,False,0
160062946,160290686,4,False,0
160063019,160290686,4,False,0
160063034,160290686,4,False,0
160064103,160290686,4,False,0
160064105,160290686,4,False,0
160064117,160290686,4,False,0
160064137,160290686,4,False,0
160064177,160290686,4,False,0
160064201,160290686,4,False,0
160065370,160290686,4,False,0
160066452,160290686,4,False,0
160066458,160290686,4,False,0
160066460,160290686,4,False,0
160066541,160290686,4,False,0
160067612,160290686,4,False,0
160067633,160290686,4,False,0
160067653,160290686,4,False,0
160067671,160290686,4,False,0
160067672,160290686,4,False,0
160068801,160290686,4,False,0
160068840,160290686,4,False,0
160068846,160290686,4,False,0
160068860,160290686,4,False,0
160069946,160290686,4,False,0
160069963,160290686,4,False,0
160069988,160290686,4,False,0
160070008,160290686,4,False,0
160071131,160290686,4,False,0
160071176,160290686,4,False,0
160071180,160290686,4,False,0
160071183,160290686,4,False,0
160072284,160290686,4,False,0
160072323,160290686,4,False,0
160072351,160290686,4,False,0
160072362,160290686,4,False,0
160072364,160290686,4,False,0
160073453,160290686,4,False,0
160073518,160290686,4,False,0
160073534,160290686,4,False,0
160073535,160290686,4,False,0
160074620,160290686,4,False,0
160074664,160290686,4,False,0
160074669,160290686,4,False,0
160074670,160290686,4,False,0
160074686,160290686,4,False,0
160074699,160290686,4,False,0
160074701,160290686,4,False,0
160075837,160290686,4,False,0
160075854,160290686,4,False,0
160076951,160290686,4,False,0
160076974,160290686,4,False,0
160077004,160290686,4,False,0
160077022,160290686,4,False,0
160078123,160290686,4,False,0
160078189,160290686,4,False,0
160078203,160290686,4,False,0
160079325,160290686,4,False,0
160079357,160290686,4,False,0
160079367,160290686,4,False,0
160080494,160290686,4,False,0
160080500,160290686,4,False,0
160080525,160290686,4,False,0
160081662,160290686,4,False,0
160081663,160290686,4,False,0
160081673,160290686,4,False,0
160081680,160290686,4,False,0
160081693,160290686,4,False,0
160081720,160290686,4,False,0
160082831,160290686,4,False,0
160082843,160290686,4,False,0
160082844,160290686,4,False,0
160083955,160290686,4,False,0
160084045,160290686,4,False,0
160086306,160290686,4,False,0
160086328,160290686,4,False,0
160086377,160290686,4,False,0
160086382,160290686,4,False,0
160086384,160290686,4,False,0
160087470,160290686,4,False,0
160087499,160290686,4,False,0
160087553,160290686,4,False,0
160087556,160290686,4,False,0
160089798,160290686,4,False,0
160091015,160290686,4,False,0
160092144,160290686,4,False,0
160092228,160290686,4,False,0
160093302,160290686,4,False,0
160093322,160290686,4,False,0
160093325,160290686,4,False,0
160093396,160290686,4,False,0
160094464,160290686,4,False,0
160094480,160290686,4,False,0
160094518,160290686,4,False,0
160095645,160290686,4,False,0
160095723,160290686,4,False,0
160096829,160290686,4,False,0
160096891,160290686,4,False,0
160097969,160290686,4,False,0
160097981,160290686,4,False,0
160097994,160290686,4,False,0
160097997,160290686,4,False,0
160098064,160290686,4,False,0
160099190,160290686,4,False,0
160099218,160290686,4,False,0
160099227,160290686,4,False,0
160100312,160290686,4,False,0
160100386,160290686,4,False,0
160100395,160290686,4,False,0
160102655,160290686,4,False,0
160102735,160290686,4,False,0
160103811,160290686,4,False,0
160103822,160290686,4,False,0
160103837,160290686,4,False,0
160103903,160290686,4,False,0
160104979,160290686,4,False,0
160104990,160290686,4,False,0
160105000,160290686,4,False,0
160105064,160290686,4,False,0
160106168,160290686,4,False,0
160106195,160290686,4,False,0
160106232,160290686,4,False,0
160106252,160290686,4,False,0
160107308,160290686,4,False,0
160107313,160290686,4,False,0
160107316,160290686,4,False,0
160107336,160290686,4,False,0
160108481,160290686,4,False,0
160108492,160290686,4,False,0
160108494,160290686,4,False,0
160108567,160290686,4,False,0
160108569,160290686,4,False,0
160109644,160290686,4,False,0
160109735,160290686,4,False,0
160110820,160290686,4,False,0
160110829,160290686,4,False,0
160111997,160290686,4,False,0
160113262,160290686,4,False,0
160113263,160290686,4,False,0
160115491,160290686,4,False,0
160116675,160290686,4,False,0
160116679,160290686,4,False,0
160116714,160290686,4,False,0
160117917,160290686,4,False,0
160117935,160290686,4,False,0
160119085,160290686,4,False,0
160120183,160290686,4,False,0
160121330,160290686,4,False,0
160121358,160290686,4,False,0
160122511,160290686,4,False,0
160122547,160290686,4,False,0
160123694,160290686,4,False,0
160124835,160290686,4,False,0
160126019,160290686,4,False,0
160126037,160290686,4,False,0
160126051,160290686,4,False,0
160130752,160290686,4,False,0
160134192,160290686,4,False,0
160134197,160290686,4,False,0
160135387,160290686,4,False,0
160135392,160290686,4,False,0
160135424,160290686,4,False,0
160136517,160290686,4,False,0
160136560,160290686,4,False,0
160137710,160290686,4,False,0
160138864,160290686,4,False,0
160138952,160290686,4,False,0
160140018,160290686,4,False,0
160141189,160290686,4,False,0
160141269,160290686,4,False,0
160143526,160290686,4,False,0
160144746,160290686,4,False,0
160144750,160290686,4,False,0
160144766,160290686,4,False,0
160147102,160290686,4,False,0
160148305,160290686,4,False,1
160149372,160290686,4,False,0
160149376,160290686,4,False,0
160150532,160290686,4,False,0
160150544,160290686,4,False,0
160150634,160290686,4,False,0
160151759,160290686,4,False,0
160155226,160290686,4,False,0
160156372,160290686,4,False,0
160156423,160290686,4,False,0
160156430,160290686,4,False,0
160156448,160290686,4,False,0
160156472,160290686,4,False,0
160157616,160290686,4,False,0
160158710,160290686,4,False,0
160158725,160290686,4,False,0
160158734,160290686,4,False,0
160158746,160290686,4,False,0
160158807,160290686,4,False,0
160161040,160290686,4,False,0
160161067,160290686,4,False,0
160161088,160290686,4,False,0
160162208,160290686,4,False,0
160162273,160290686,4,False,0
160162311,160290686,4,False,0
160164591,160290686,4,False,0
160164631,160290686,4,False,0
160165722,160290686,4,False,0
160165726,160290686,4,False,0
160165730,160290686,4,False,0
160165749,160290686,4,False,0
160165812,160290686,4,False,0
160165817,160290686,4,False,0
160166972,160290686,4,False,0
160168146,160290686,4,False,0
160170480,160290686,4,False,0
160170481,160290686,4,False,0
160170486,160290686,4,False,0
160170494,160290686,4,False,1
160171644,160290686,4,False,0
160171658,160290686,4,False,0
160172815,160290686,4,False,0
160173929,160290686,4,False,0
160175058,160290686,4,False,0
160175093,160290686,4,False,1
160176294,160290686,4,False,1
160179730,160290686,4,False,0
160179741,160290686,4,False,1
160179833,160290686,4,False,1
160180957,160290686,4,False,0
160180962,160290686,4,False,0
160180976,160290686,4,False,0
160180984,160290686,4,False,0
160182112,160290686,4,False,0
160182149,160290686,4,False,0
160182160,160290686,4,False,0
160184402,160290686,4,False,0
160184502,160290686,4,False,0
160185569,160290686,4,False,0
160185570,160290686,4,False,0
160185648,160290686,4,False,0
160185661,160290686,4,False,0
160185668,160290686,4,False,0
160186841,160290686,4,False,1
160187920,160290686,4,False,0
160187921,160290686,4,False,0
160189069,160290686,4,False,0
160189081,160290686,4,False,0
160192576,160290686,4,False,0
160192671,160290686,4,False,0
160193752,160290686,4,False,0
160193756,160290686,4,False,0
160194928,160290686,4,False,0
160194935,160290686,4,False,0
160196107,160290686,4,False,0
160196175,160290686,4,False,0
160197348,160290686,4,False,0
160197354,160290686,4,False,0
160199646,160290686,4,False,1
160202003,160290686,4,False,0
160203087,160290686,4,False,0
160203181,160290686,4,False,0
160204255,160290686,4,False,0
160205500,160290686,4,False,0
160206593,160290686,4,False,0
160206659,160290686,4,False,0
160207775,160290686,4,False,0
160207787,160290686,4,False,0
160207857,160290686,4,False,0
160208984,160290686,4,False,1
160210192,160290686,4,False,1
160211267,160290686,4,False,0
160211285,160290686,4,False,1
160212457,160290686,4,False,0
160212528,160290686,4,False,0
160213611,160290686,4,False,0
160213613,160290686,4,False,1
160215979,160290686,4,False,1
160217198,160290686,4,False,0
160218274,160290686,4,False,0
160219449,160290686,4,False,0
160219483,160290686,4,False,1
160219546,160290686,4,False,1
160220700,160290686,4,False,0
160220701,160290686,4,False,0
160220703,160290686,4,False,0
160221865,160290686,4,False,0
160221878,160290686,4,False,0
160222984,160290686,4,False,1
160223026,160290686,4,False,0
160224215,160290686,4,False,0
160225378,160290686,4,False,0
160227616,160290686,4,False,0
160227704,160290686,4,False,0
160230026,160290686,4,False,0
160232288,160290686,4,False,0
160233481,160290686,4,False,1
160233551,160290686,4,False,0
160234632,160290686,4,False,0
160234719,160290686,4,False,0
160239387,160290686,4,False,1
160239389,160290686,4,False,0
160241715,160290686,4,False,1
160242880,160290686,4,False,1
160242895,160290686,4,False,0
160243979,160290686,4,False,1
160247570,160290686,4,False,0
160252205,160290686,4,False,1
160261584,160290686,4,False,1
160263920,160290686,4,False,1
160266163,160290686,4,False,1
160267336,160290686,4,False,1
470000490,470460764,5,True,0
470000491,470460764,5,True,0
470001618,470460764,5,True,0
470006096,470460764,5,True,0
470007096,470460764,5,True,0
470009457,470460764,5,True,0
470010451,470460764,5,True,0
470010453,470460764,5,True,0
470010587,470460764,5,True,0
470011574,470460764,5,True,0
470011611,470460764,5,True,0
470012731,470460764,5,True,0
470012835,470460764,5,True,0
470013955,470460764,5,True,0
470015067,470460764,5,True,0
470016185,470460764,5,True,0
470018281,470460764,5,True,0
470018330,470460764,5,True,0
470018429,470460764,5,True,0
470019460,470460764,5,True,0
470019520,470460764,5,True,0
470019539,470460764,5,True,0
470019566,470460764,5,True,0
470020659,470460764,5,True,0
470022910,470460764,5,True,0
470023902,470460764,5,True,0
470023916,470460764,5,True,0
470023932,470460764,5,True,0
470023979,470460764,5,True,0
470025000,470460764,5,True,0
470025022,470460764,5,True,0
470025049,470460764,5,True,0
470025099,470460764,5,True,0
470025113,470460764,5,True,0
470025128,470460764,5,True,0
470026172,470460764,5,True,0
470026219,470460764,5,True,0
470027351,470460764,5,True,0
470027359,470460764,5,True,0
470027367,470460764,5,True,0
470028442,470460764,5,True,0
470028474,470460764,5,True,0
470029538,470460764,5,True,0
470029573,470460764,5,True,0
470029595,470460764,5,True,0
470030610,470460764,5,True,0
470030765,470460764,5,True,0
470036312,470460764,5,True,0
470236738,470460764,5,True,0
470240139,470460764,5,True,0
470241245,470460764,5,True,0
470265825,470460764,5,True,0
470272633,470460764,5,True,0
470273655,470460764,5,True,0
470275905,470460764,5,True,0
470280492,470460764,5,True,0
470281539,470460764,5,True,0
470282748,470460764,5,True,0
470284969,470460764,5,True,0
470289331,470460764,5,True,0
470291584,470460764,5,True,0
470291650,470460764,5,True,0
470293810,470460764,5,True,0
470297224,470460764,5,True,0
470299401,470460764,5,True,0
470300640,470460764,5,True,0
470302868,470460764,5,True,0
470308379,470460764,5,True,0
470309564,470460764,5,True,0
470313980,470460764,5,True,0
470323067,470460764,5,True,0
470325186,470460764,5,True,0
470325311,470460764,5,True,0
470327554,470460764,5,True,0
470329792,470460764,5,True,0
470330762,470460764,5,True,0
470335380,470460764,5,True,0
470337575,470460764,5,True,0
470342120,470460764,5,True,0
470344217,470460764,5,True,0
470348715,470460764,5,True,0
470359927,470460764,5,True,0
470362167,470460764,5,True,0
470363257,470460764,5,True,0
470365532,470460764,5,True,0
470366758,470460764,5,True,0
470368973,470460764,5,True,0
470372298,470460764,5,True,0
470374579,470460764,5,True,0
470375579,470460764,5,True,0
470375592,470460764,5,True,0
470377922,470460764,5,True,0
470378945,470460764,5,True,0
470379069,470460764,5,True,0
470383472,470460764,5,True,0
470392495,470460764,5,True,0
470396880,470460764,5,True,0
470396987,470460764,5,True,0
470396996,470460764,5,True,0
470398096,470460764,5,True,0
470401398,470460764,5,True,1
470405937,470460764,5,True,0
470410415,470460764,5,True,0
470412533,470460764,5,True,0
470412640,470460764,5,True,0
470413662,470460764,5,True,0
470414899,470460764,5,True,0
470415892,470460764,5,True,0
470416027,470460764,5,True,0
470417041,470460764,5,True,0
470417147,470460764,5,True,0
470421637,470460764,5,True,0
470423738,470460764,5,True,0
470439539,470460764,5,True,0
470443889,470460764,5,True,0
470445055,470460764,5,True,1
470446133,470460764,5,True,0
470446258,470460764,5,True,0
470451833,470460764,5,True,0
470456307,470460764,5,True,1
470462942,470460764,5,True,0
470466419,470460764,5,True,0
470470906,470460764,5,True,1
470473122,470460764,5,True,0
470476453,470460764,5,True,1
470478613,470460764,5,True,0
470479739,470460764,5,True,0
470479787,470460764,5,True,1
470480983,470460764,5,True,1
470484208,470460764,5,True,1
470484358,470460764,5,True,0
470485333,470460764,5,True,0
470486504,470460764,5,True,0
470506739,470460764,5,True,1
470520196,470460764,5,True,1
470522414,470460764,5,True,1
470523537,470460764,5,True,1
470527893,470460764,5,True,1
470605315,470460764,5,True,1
470023865,470500992,5,True,0
470024975,470500992,5,True,0
470031700,470500992,5,True,0
470033939,470500992,5,True,0
470038422,470500992,5,True,0
470039542,470500992,5,True,0
470048488,470500992,5,True,0
470318436,470500992,5,True,0
470347535,470500992,5,True,0
470348664,470500992,5,True,0
470360969,470500992,5,True,0
470413608,470500992,5,True,0
470416972,470500992,5,True,1
470427051,470500992,5,True,0
470430440,470500992,5,True,0
470446097,470500992,5,True,0
470485311,470500992,5,True,0
470495380,470500992,5,True,1
470507688,470500992,5,True,1
470555846,470500992,5,True,1
470029486,470530112,5,True,0
470030604,470530112,5,True,0
470031724,470530112,5,True,0
470032845,470530112,5,True,0
470396840,470530112,5,True,0
470430437,470530112,5,True,0
470446122,470530112,5,True,0
470459562,470530112,5,True,0
470586127,470530112,5,True,1
470023867,470545791,5,True,0
470026089,470545791,5,True,0
470026094,470545791,5,True,0
470028330,470545791,5,True,0
470029446,470545791,5,True,0
470029469,470545791,5,True,0
470030589,470545791,5,True,0
470031686,470545791,5,True,0
470032809,470545791,5,True,0
470032816,470545791,5,True,0
470035053,470545791,5,True,0
470040645,470545791,5,True,0
470289288,470545791,5,True,0
470309446,470545791,5,True,0
470325127,470545791,5,True,0
470331846,470545791,5,True,0
470347527,470545791,5,True,0
470348650,470545791,5,True,0
470353126,470545791,5,True,0
470364336,470545791,5,True,0
470368812,470545791,5,True,0
470375529,470545791,5,True,0
470381130,470545791,5,True,0
470384479,470545791,5,True,0
470384513,470545791,5,True,0
470388978,470545791,5,True,1
470395706,470545791,5,True,0
470438275,470545791,5,True,0
470455075,470545791,5,True,1
470479711,470545791,5,True,1
470543526,470545791,5,True,0
470543536,470545791,5,True,1
470592804,470545791,5,True,1
130261249,130620694,6,False,0
130262880,130620694,6,False,0
130262961,130620694,6,False,0
130266383,130620694,6,False,0
130271545,130620694,6,False,0
130273010,130620694,6,False,0
130273325,130620694,6,False,0
130274728,130620694,6,False,0
130275012,130620694,6,False,0
130276440,130620694,6,False,0
130276556,130620694,6,False,0
130276650,130620694,6,False,0
130278282,130620694,6,False,0
130278306,130620694,6,False,0
130278452,130620694,6,False,0
130279994,130620694,6,False,0
130280029,130620694,6,False,0
130280121,130620694,6,False,0
130281769,130620694,6,False,0
130281770,130620694,6,False,0
130281826,130620694,6,False,0
130281835,130620694,6,False,0
130283504,130620694,6,False,0
130283597,130620694,6,False,0
130285216,130620694,6,False,0
130285223,130620694,6,False,0
130288598,130620694,6,False,0
130288604,130620694,6,False,0
130288613,130620694,6,False,0
130288643,130620694,6,False,0
130290310,130620694,6,False,0
130290388,130620694,6,False,0
130290393,130620694,6,False,0
130290395,130620694,6,False,0
130291932,130620694,6,False,0
130291995,130620694,6,False,0
130292067,130620694,6,False,0
130292100,130620694,6,False,0
130293628,130620694,6,False,0
130293723,130620694,6,False,0
130293733,130620694,6,False,0
130293758,130620694,6,False,0
130293857,130620694,6,False,0
130295462,130620694,6,False,0
130295506,130620694,6,False,0
130295554,130620694,6,False,0
130295579,130620694,6,False,0
130297042,130620694,6,False,0
130297141,130620694,6,False,0
130297147,130620694,6,False,0
130297174,130620694,6,False,0
130297220,130620694,6,False,0
130298734,130620694,6,False,0
130298801,130620694,6,False,0
130298846,130620694,6,False,0
130298883,130620694,6,False,0
130298930,130620694,6,False,0
130298988,130620694,6,False,0
130299012,130620694,6,False,0
130300446,130620694,6,False,0
130300553,130620694,6,False,0
130300560,130620694,6,False,0
130300563,130620694,6,False,0
130300582,130620694,6,False,0
130300595,130620694,6,False,0
130300682,130620694,6,False,0
130302272,130620694,6,False,0
130302286,130620694,6,False,0
130302294,130620694,6,False,0
130302397,130620694,6,False,0
130303925,130620694,6,False,0
130304006,130620694,6,False,0
130304014,130620694,6,False,0
130305533,130620694,6,False,0
130305666,130620694,6,False,0
130305737,130620694,6,False,0
130305835,130620694,6,False,0
130305854,130620694,6,False,0
130305868,130620694,6,False,0
130307378,130620694,6,False,0
130309086,130620694,6,False,0
130309126,130620694,6,False,0
130309158,130620694,6,False,0
130309188,130620694,6,False,0
130309257,130620694,6,False,0
130309271,130620694,6,False,0
130310707,130620694,6,False,0
130310723,130620694,6,False,0
130310789,130620694,6,False,0
130310798,130620694,6,False,0
130310908,130620694,6,False,0
130310911,130620694,6,False,0
130312501,130620694,6,False,0
130312541,130620694,6,False,0
130312561,130620694,6,False,0
130312593,130620694,6,False,0
130312637,130620694,6,False,0
130312706,130620694,6,False,0
130314222,130620694,6,False,0
130314271,130620694,6,False,0
130314276,130620694,6,False,0
130314374,130620694,6,False,0
130314418,130620694,6,False,0
130315914,130620694,6,False,0
130315934,130620694,6,False,0
130315987,130620694,6,False,0
130315994,130620694,6,False,0
130316022,130620694,6,False,0
130316133,130620694,6,False,0
130317575,130620694,6,False,0
130317605,130620694,6,False,0
130317637,130620694,6,False,0
130317706,130620694,6,False,0
130319264,130620694,6,False,0
130319407,130620694,6,False,0
130321028,130620694,6,False,0
130322751,130620694,6,False,0
130322840,130620694,6,False,0
130322983,130620694,6,False,0
130324547,130620694,6,False,0
130324701,130620694,6,False,0
130326177,130620694,6,False,0
130326355,130620694,6,False,0
130327987,130620694,6,False,0
130328121,130620694,6,False,0
130329516,130620694,6,False,0
130329603,130620694,6,False,0
130329739,130620694,6,False,0
130329756,130620694,6,False,0
130329833,130620694,6,False,0
130331244,130620694,6,False,0
130331257,130620694,6,False,0
130331302,130620694,6,False,0
130332929,130620694,6,False,0
130332956,130620694,6,False,0
130332962,130620694,6,False,0
130332969,130620694,6,False,0
130332972,130620694,6,False,0
130333027,130620694,6,False,0
130333097,130620694,6,False,0
130333112,130620694,6,False,0
130333120,130620694,6,False,0
130334631,130620694,6,False,0
130334670,130620694,6,False,0
130334698,130620694,6,False,0
130334739,130620694,6,False,0
130334824,130620694,6,False,0
130336355,130620694,6,False,0
130336371,130620694,6,False,0
130336382,130620694,6,False,0
130336492,130620694,6,False,0
130336521,130620694,6,False,0
130336601,130620694,6,False,0
130336602,130620694,6,False,0
130336624,130620694,6,False,0
130338062,130620694,6,False,0
130338088,130620694,6,False,0
130338344,130620694,6,False,0
130338385,130620694,6,False,0
130339774,130620694,6,False,0
130339899,130620694,6,False,0
130343247,130620694,6,False,0
130343323,130620694,6,False,0
130344951,130620694,6,False,0
130345006,130620694,6,False,0
130346649,130620694,6,False,0
130346714,130620694,6,False,0
130348326,130620694,6,False,0
130350056,130620694,6,False,0
130350068,130620694,6,False,0
130350131,130620694,6,False,0
130350138,130620694,6,False,0
130351747,130620694,6,False,0
130351760,130620694,6,False,0
130356948,130620694,6,False,0
130357092,130620694,6,False,0
130358755,130620694,6,False,0
130360546,130620694,6,False,0
130362097,130620694,6,False,0
130365606,130620694,6,False,0
130365660,130620694,6,False,0
130365718,130620694,6,False,0
130367175,130620694,6,False,0
130367424,130620694,6,False,0
130367459,130620694,6,False,0
130368934,130620694,6,False,0
130369209,130620694,6,False,0
130370587,130620694,6,False,0
130370763,130620694,6,False,0
130370821,130620694,6,False,0
130370921,130620694,6,False,0
130374070,130620694,6,False,0
130377461,130620694,6,False,0
130377571,130620694,6,False,0
130379173,130620694,6,False,0
130379371,130620694,6,False,0
130379468,130620694,6,False,0
130384584,130620694,6,False,0
130386023,130620694,6,False,0
130386234,130620694,6,False,0
130389447,130620694,6,False,0
130391382,130620694,6,False,0
130391429,130620694,6,False,0
130393121,130620694,6,False,0
130394553,130620694,6,False,0
130396265,130620694,6,False,0
130396584,130620694,6,False,0
130399747,130620694,6,False,0
130400030,130620694,6,False,0
130401737,130620694,6,False,0
130403382,130620694,6,False,0
130404965,130620694,6,False,0
130408248,130620694,6,False,0
130408477,130620694,6,False,0
130411966,130620694,6,False,0
130413565,130620694,6,False,0
130413646,130620694,6,False,0
130413680,130620694,6,False,0
130415409,130620694,6,False,0
130416992,130620694,6,False,0
130417134,130620694,6,False,0
130420558,130620694,6,False,0
130422212,130620694,6,False,0
130422224,130620694,6,False,0
130427385,130620694,6,False,0
130428789,130620694,6,False,0
130428981,130620694,6,False,0
130430728,130620694,6,False,0
130433928,130620694,6,False,0
130434163,130620694,6,False,0
130435815,130620694,6,False,0
130435875,130620694,6,False,0
130440892,130620694,6,False,0
130440896,130620694,6,False,0
130441087,130620694,6,False,0
130442624,130620694,6,False,0
130447860,130620694,6,False,0
130453036,130620694,6,False,0
130454602,130620694,6,False,0
130454758,130620694,6,False,0
130456501,130620694,6,False,0
130458043,130620694,6,False,0
130458177,130620694,6,False,0
130459834,130620694,6,False,0
130464942,130620694,6,False,0
130465031,130620694,6,False,1
130466665,130620694,6,False,0
130471900,130620694,6,False,1
130475088,130620694,6,False,0
130476896,130620694,6,False,0
130476942,130620694,6,False,0
130483608,130620694,6,False,0
130483808,130620694,6,False,1
130483875,130620694,6,False,0
130488773,130620694,6,False,0
130490719,130620694,6,False,0
130492342,130620694,6,False,0
130500717,130620694,6,False,0
130500866,130620694,6,False,0
130502412,130620694,6,False,0
130502640,130620694,6,False,1
130504268,130620694,6,False,0
130505931,130620694,6,False,0
130507556,130620694,6,False,0
130509324,130620694,6,False,0
130511028,130620694,6,False,0
130511128,130620694,6,False,0
130519851,130620694,6,False,1
130521394,130620694,6,False,0
130521491,130620694,6,False,1
130526373,130620694,6,False,0
130526444,130620694,6,False,0
130526667,130620694,6,False,0
130533337,130620694,6,False,0
130536982,130620694,6,False,1
130538373,130620694,6,False,0
130538399,130620694,6,False,0
130540272,130620694,6,False,0
130540320,130620694,6,False,1
130543667,130620694,6,False,0
130545384,130620694,6,False,0
130546978,130620694,6,False,0
130547204,130620694,6,False,1
130548670,130620694,6,False,0
130548824,130620694,6,False,0
130553866,130620694,6,False,0
130553995,130620694,6,False,0
130555629,130620694,6,False,0
130555726,130620694,6,False,1
130555807,130620694,6,False,1
130557252,130620694,6,False,0
130557263,130620694,6,False,0
130557389,130620694,6,False,0
130564378,130620694,6,False,1
130567549,130620694,6,False,0
130569181,130620694,6,False,0
130569317,130620694,6,False,0
130570884,130620694,6,False,0
130572926,130620694,6,False,1
130574474,130620694,6,False,0
130576344,130620694,6,False,0
130579682,130620694,6,False,0
130582869,130620694,6,False,0
130582936,130620694,6,False,0
130586509,130620694,6,False,1
130588169,130620694,6,False,0
130589917,130620694,6,False,0
130591588,130620694,6,False,1
130593142,130620694,6,False,0
130594962,130620694,6,False,0
130603594,130620694,6,False,0
130608579,130620694,6,False,0
130611973,130620694,6,False,1
130615448,130620694,6,False,0
130620725,130620694,6,False,0
130620729,130620694,6,False,0
130624143,130620694,6,False,1
130629154,130620694,6,False,0
130637823,130620694,6,False,1
130639554,130620694,6,False,0
130641285,130620694,6,False,1
130642853,130620694,6,False,0
130646428,130620694,6,False,1
130656522,130620694,6,False,0
130680509,130620694,6,False,1
130682321,130620694,6,False,0
130683918,130620694,6,False,1
130704549,130620694,6,False,1
130711425,130620694,6,False,1
130716502,130620694,6,False,1
130726794,130620694,6,False,1
130728387,130620694,6,False,1
320117126,320464008,7,False,0
320118269,320464008,7,False,0
320121723,320464008,7,False,0
320122875,320464008,7,False,0
320122909,320464008,7,False,0
320126347,320464008,7,False,0
320126352,320464008,7,False,0
320134393,320464008,7,False,0
320134418,320464008,7,False,0
320134428,320464008,7,False,0
320135594,320464008,7,False,0
320135626,320464008,7,False,0
320136866,320464008,7,False,0
320139012,320464008,7,False,0
320139062,320464008,7,False,0
320139082,320464008,7,False,0
320141324,320464008,7,False,0
320142468,320464008,7,False,0
320143684,320464008,7,False,0
320144789,320464008,7,False,0
320145960,320464008,7,False,0
320145968,320464008,7,False,0
320145990,320464008,7,False,0
320145991,320464008,7,False,0
320147239,320464008,7,False,0
320148256,320464008,7,False,0
320148268,320464008,7,False,0
320149420,320464008,7,False,0
320149469,320464008,7,False,0
320149543,320464008,7,False,0
320150529,320464008,7,False,0
320150548,320464008,7,False,0
320150559,320464008,7,False,0
320150567,320464008,7,False,0
320150596,320464008,7,False,0
320150604,320464008,7,False,0
320151683,320464008,7,False,0
320151729,320464008,7,False,0
320151748,320464008,7,False,0
320154008,320464008,7,False,0
320155156,320464008,7,False,0
320155305,320464008,7,False,0
320156308,320464008,7,False,0
320156313,320464008,7,False,0
320156360,320464008,7,False,0
320156430,320464008,7,False,0
320157481,320464008,7,False,0
320157609,320464008,7,False,0
320158668,320464008,7,False,0
320158751,320464008,7,False,0
320159738,320464008,7,False,0
320159767,320464008,7,False,0
320159874,320464008,7,False,0
320159914,320464008,7,False,0
320160919,320464008,7,False,0
320160942,320464008,7,False,0
320160956,320464008,7,False,0
320162074,320464008,7,False,0
320162211,320464008,7,False,0
320164501,320464008,7,False,0
320165521,320464008,7,False,0
320165554,320464008,7,False,0
320165567,320464008,7,False,0
320165662,320464008,7,False,0
320165667,320464008,7,False,0
320165670,320464008,7,False,0
320166673,320464008,7,False,0
320166702,320464008,7,False,0
320166779,320464008,7,False,0
320167827,320464008,7,False,0
320167894,320464008,7,False,0
320167956,320464008,7,False,0
320167961,320464008,7,False,0
320167978,320464008,7,False,0
320169012,320464008,7,False,0
320169044,320464008,7,False,0
320170183,320464008,7,False,0
320170248,320464008,7,False,0
320171256,320464008,7,False,0
320171309,320464008,7,False,0
320171339,320464008,7,False,0
320171401,320464008,7,False,0
320171434,320464008,7,False,0
320172491,320464008,7,False,0
320172567,320464008,7,False,0
320172571,320464008,7,False,0
320172582,320464008,7,False,0
320172588,320464008,7,False,0
320173661,320464008,7,False,0
320173691,320464008,7,False,0
320173732,320464008,7,False,0
320174702,320464008,7,False,0
320174748,320464008,7,False,0
320174784,320464008,7,False,0
320174881,320464008,7,False,0
320176026,320464008,7,False,0
320176027,320464008,7,False,0
320176037,320464008,7,False,0
320177057,320464008,7,False,0
320177165,320464008,7,False,0
320177192,320464008,7,False,0
320178330,320464008,7,False,0
320179444,320464008,7,False,0
320179482,320464008,7,False,0
320180555,320464008,7,False,0
320180644,320464008,7,False,0
320181796,320464008,7,False,0
320182793,320464008,7,False,0
320182849,320464008,7,False,0
320182874,320464008,7,False,0
320182875,320464008,7,False,0
320182901,320464008,7,False,0
320182905,320464008,7,False,0
320182923,320464008,7,False,0
320182941,320464008,7,False,0
320184008,320464008,7,False,0
320184011,320464008,7,False,0
320184075,320464008,7,False,0
320184093,320464008,7,False,0
320185155,320464008,7,False,0
320185203,320464008,7,False,0
320185234,320464008,7,False,0
320185238,320464008,7,False,0
320186307,320464008,7,False,0
320186377,320464008,7,False,0
320187410,320464008,7,False,0
320187448,320464008,7,False,0
320188683,320464008,7,False,0
320188684,320464008,7,False,0
320189827,320464008,7,False,0
320189830,320464008,7,False,0
320190848,320464008,7,False,0
320192101,320464008,7,False,0
320192121,320464008,7,False,0
320192122,320464008,7,False,0
320193148,320464008,7,False,0
320194404,320464008,7,False,0
320194418,320464008,7,False,0
320194421,320464008,7,False,0
320194456,320464008,7,False,0
320195460,320464008,7,False,0
320195575,320464008,7,False,0
320197906,320464008,7,False,0
320200199,320464008,7,False,0
320201351,320464008,7,False,0
320202383,320464008,7,False,0
320202486,320464008,7,False,0
320205830,320464008,7,False,0
320205938,320464008,7,False,0
320205957,320464008,7,False,0
320207078,320464008,7,False,0
320207101,320464008,7,False,0
320208118,320464008,7,False,0
320211658,320464008,7,False,0
320211678,320464008,7,False,0
320213901,320464008,7,False,0
320215069,320464008,7,False,0
320217415,320464008,7,False,0
320222025,320464008,7,False,0
320226576,320464008,7,False,1
320226583,320464008,7,False,0
320232382,320464008,7,False,0
320233548,320464008,7,False,0
320233589,320464008,7,False,0
320234687,320464008,7,False,0
320234699,320464008,7,False,0
320235779,320464008,7,False,0
320238068,320464008,7,False,0
320239317,320464008,7,False,0
320240511,320464008,7,False,0
320243923,320464008,7,False,0
320246164,320464008,7,False,0
320247380,320464008,7,False,0
320249609,320464008,7,False,0
320249669,320464008,7,False,0
320254255,320464008,7,False,0
320254325,320464008,7,False,0
320255398,320464008,7,False,0
320255433,320464008,7,False,0
320258869,320464008,7,False,0
320260125,320464008,7,False,0
320261247,320464008,7,False,0
320263422,320464008,7,False,1
320263516,320464008,7,False,0
320263553,320464008,7,False,0
320265878,320464008,7,False,0
320266878,320464008,7,False,1
320266953,320464008,7,False,0
320267013,320464008,7,False,0
320268077,320464008,7,False,0
320269254,320464008,7,False,0
320269344,320464008,7,False,0
320272740,320464008,7,False,0
320274986,320464008,7,False,1
320276267,320464008,7,False,0
320277235,320464008,7,False,1
320277313,320464008,7,False,0
320277383,320464008,7,False,0
320279573,320464008,7,False,1
320279719,320464008,7,False,0
320280854,320464008,7,False,0
320281959,320464008,7,False,0
320283012,320464008,7,False,1
320286634,320464008,7,False,0
320287666,320464008,7,False,0
320293479,320464008,7,False,0
320294511,320464008,7,False,0
320295814,320464008,7,False,0
320300458,320464008,7,False,0
320301602,320464008,7,False,0
320303736,320464008,7,False,1
320304999,320464008,7,False,0
320306062,320464008,7,False,1
320306165,320464008,7,False,0
320310638,320464008,7,False,1
320310776,320464008,7,False,0
320313115,320464008,7,False,0
320315422,320464008,7,False,0
320316568,320464008,7,False,0
320317737,320464008,7,False,0
320318889,320464008,7,False,0
320325802,320464008,7,False,0
320329072,320464008,7,False,1
320329214,320464008,7,False,0
320332713,320464008,7,False,0
320336086,320464008,7,False,1
320337307,320464008,7,False,0
320339490,320464008,7,False,0
320339601,320464008,7,False,0
320340770,320464008,7,False,0
320341922,320464008,7,False,0
320344189,320464008,7,False,0
320344208,320464008,7,False,0
320348769,320464008,7,False,0
320351121,320464008,7,False,0
320352289,320464008,7,False,0
320352292,320464008,7,False,0
320353399,320464008,7,False,0
320354525,320464008,7,False,1
320354580,320464008,7,False,0
320354604,320464008,7,False,0
320355726,320464008,7,False,0
320358012,320464008,7,False,0
320361478,320464008,7,False,0
320364969,320464008,7,False,0
320378764,320464008,7,False,0
320378775,320464008,7,False,0
320383390,320464008,7,False,1
320386853,320464008,7,False,0
320390296,320464008,7,False,0
320391408,320464008,7,False,1
320393714,320464008,7,False,1
320401803,320464008,7,False,0
320401835,320464008,7,False,1
320407587,320464008,7,False,1
320414489,320464008,7,False,0
320416810,320464008,7,False,1
320420240,320464008,7,False,0
320421369,320464008,7,False,1
320423684,320464008,7,False,0
320437520,320464008,7,False,1
320443273,320464008,7,False,1
320446699,320464008,7,False,1
320449043,320464008,7,False,0
320455976,320464008,7,False,1
320469778,320464008,7,False,0
820060797,820391506,8,False,0
820062153,820391506,8,False,0
820063479,820391506,8,False,0
820063485,820391506,8,False,0
820064837,820391506,8,False,0
820066181,820391506,8,False,0
820067525,820391506,8,False,0
820068855,820391506,8,False,0
820070199,820391506,8,False,0
820070231,820391506,8,False,0
820071540,820391506,8,False,0
820071561,820391506,8,False,0
820071575,820391506,8,False,0
820072884,820391506,8,False,0
820072900,820391506,8,False,0
820075572,820391506,8,False,0
820075588,820391506,8,False,0
820075595,820391506,8,False,0
820076950,820391506,8,False,0
820078278,820391506,8,False,0
820078282,820391506,8,False,0
820079607,820391506,8,False,0
820079611,820391506,8,False,0
820079622,820391506,8,False,0
820080954,820391506,8,False,0
820080966,820391506,8,False,0
820082280,820391506,8,False,0
820082284,820391506,8,False,0
820082288,820391506,8,False,0
820082298,820391506,8,False,0
820082303,820391506,8,False,0
820082317,820391506,8,False,0
820082318,820391506,8,False,0
820083642,820391506,8,False,0
820083652,820391506,8,False,0
820083663,820391506,8,False,0
820083695,820391506,8,False,0
820084983,820391506,8,False,0
820084995,820391506,8,False,0
820085000,820391506,8,False,0
820085002,820391506,8,False,0
820086309,820391506,8,False,0
820086311,820391506,8,False,0
820086320,820391506,8,False,0
820086333,820391506,8,False,0
820086346,820391506,8,False,0
820087682,820391506,8,False,0
820089003,820391506,8,False,0
820089026,820391506,8,False,0
820089037,820391506,8,False,0
820089041,820391506,8,False,0
820089071,820391506,8,False,0
820089090,820391506,8,False,0
820089125,820391506,8,False,0
820090323,820391506,8,False,0
820090347,820391506,8,False,0
820090364,820391506,8,False,0
820090370,820391506,8,False,0
820090378,820391506,8,False,0
820090391,820391506,8,False,0
820091669,820391506,8,False,0
820091719,820391506,8,False,0
820091728,820391506,8,False,0
820093031,820391506,8,False,0
820093063,820391506,8,False,0
820093078,820391506,8,False,0
820093107,820391506,8,False,0
820094374,820391506,8,False,0
820094392,820391506,8,False,0
820094405,820391506,8,False,0
820094407,820391506,8,False,0
820094422,820391506,8,False,0
820095695,820391506,8,False,0
820095729,820391506,8,False,0
820095736,820391506,8,False,0
820095770,820391506,8,False,0
820097046,820391506,8,False,0
820097080,820391506,8,False,0
820097081,820391506,8,False,0
820097103,820391506,8,False,0
820097106,820391506,8,False,0
820097138,820391506,8,False,0
820097154,820391506,8,False,0
820097181,820391506,8,False,0
820098388,820391506,8,False,0
820098417,820391506,8,False,0
820098435,820391506,8,False,0
820098447,820391506,8,False,0
820098479,820391506,8,False,0
820098522,820391506,8,False,0
820098525,820391506,8,False,0
820098530,820391506,8,False,0
820099722,820391506,8,False,0
820099773,820391506,8,False,0
820099798,820391506,8,False,0
820099812,820391506,8,False,0
820099849,820391506,8,False,0
820099869,820391506,8,False,0
820101066,820391506,8,False,0
820101096,820391506,8,False,0
820101114,820391506,8,False,0
820101156,820391506,8,False,0
820101160,820391506,8,False,0
820101170,820391506,8,False,0
820101217,820391506,8,False,0
820102405,820391506,8,False,0
820102410,820391506,8,False,0
820102431,820391506,8,False,0
820102480,820391506,8,False,0
820103775,820391506,8,False,0
820103786,820391506,8,False,0
820103795,820391506,8,False,0
820103801,820391506,8,False,0
820103824,820391506,8,False,0
820103827,820391506,8,False,0
820105117,820391506,8,False,0
820105119,820391506,8,False,0
820105120,820391506,8,False,0
820105123,820391506,8,False,0
820105145,820391506,8,False,0
820105157,820391506,8,False,0
820105192,820391506,8,False,0
820105204,820391506,8,False,0
820105242,820391506,8,False,0
820105247,820391506,8,False,0
820106466,820391506,8,False,0
820106474,820391506,8,False,0
820106511,820391506,8,False,0
820106548,820391506,8,False,0
820106556,820391506,8,False,0
820106587,820391506,8,False,0
820107800,820391506,8,False,0
820107817,820391506,8,False,0
820107818,820391506,8,False,0
820107830,820391506,8,False,0
820107858,820391506,8,False,0
820107878,820391506,8,False,0
820107935,820391506,8,False,0
820109175,820391506,8,False,0
820109202,820391506,8,False,0
820109212,820391506,8,False,0
820109220,820391506,8,False,0
820109226,820391506,8,False,0
820109237,820391506,8,False,0
820109254,820391506,8,False,0
820110508,820391506,8,False,0
820110518,820391506,8,False,0
820110536,820391506,8,False,0
820110546,820391506,8,False,0
820110560,820391506,8,False,0
820110563,820391506,8,False,0
820110568,820391506,8,False,0
820110570,820391506,8,False,0
820110592,820391506,8,False,0
820110602,820391506,8,False,0
820110604,820391506,8,False,0
820111862,820391506,8,False,0
820111873,820391506,8,False,0
820111942,820391506,8,False,0
820111948,820391506,8,False,0
820111959,820391506,8,False,0
820113259,820391506,8,False,0
820113268,820391506,8,False,0
820113270,820391506,8,False,0
820113303,820391506,8,False,0
820113308,820391506,8,False,0
820114497,820391506,8,False,0
820114593,820391506,8,False,0
820114595,820391506,8,False,0
820114597,820391506,8,False,0
820114606,820391506,8,False,0
820114609,820391506,8,False,0
820114622,820391506,8,False,0
820114627,820391506,8,False,0
820114646,820391506,8,False,0
820114648,820391506,8,False,0
820114655,820391506,8,False,0
820114659,820391506,8,False,0
820115868,820391506,8,False,0
820115869,820391506,8,False,0
820115920,820391506,8,False,0
820115925,820391506,8,False,0
820115965,820391506,8,False,0
820115978,820391506,8,False,0
820116003,820391506,8,False,0
820117240,820391506,8,False,0
820117288,820391506,8,False,0
820117293,820391506,8,False,0
820117340,820391506,8,False,0
820117355,820391506,8,False,0
820118567,820391506,8,False,0
820118580,820391506,8,False,0
820118608,820391506,8,False,0
820118619,820391506,8,False,0
820118684,820391506,8,False,0
820118686,820391506,8,False,0
820119921,820391506,8,False,0
820119980,820391506,8,False,0
820119981,820391506,8,False,0
820119992,820391506,8,False,0
820120024,820391506,8,False,0
820121230,820391506,8,False,0
820121249,820391506,8,False,0
820121265,820391506,8,False,0
820121298,820391506,8,False,0
820121328,820391506,8,False,0
820121336,820391506,8,False,0
820121356,820391506,8,False,0
820121368,820391506,8,False,0
820122578,820391506,8,False,0
820122678,820391506,8,False,0
820122695,820391506,8,False,0
820122699,820391506,8,False,0
820122729,820391506,8,False,0
820123952,820391506,8,False,0
820123959,820391506,8,False,0
820124006,820391506,8,False,0
820124071,820391506,8,False,0
820125296,820391506,8,False,0
820126622,820391506,8,False,0
820126702,820391506,8,False,0
820126721,820391506,8,False,0
820126756,820391506,8,False,0
820127949,820391506,8,False,0
820128009,820391506,8,False,0
820128039,820391506,8,False,0
820128048,820391506,8,False,0
820129407,820391506,8,False,0
820130662,820391506,8,False,0
820130707,820391506,8,False,0
820130757,820391506,8,False,0
820130759,820391506,8,False,0
820132103,820391506,8,False,0
820132136,820391506,8,False,0
820133327,820391506,8,False,0
820133388,820391506,8,False,0
820133447,820391506,8,False,0
820134695,820391506,8,False,0
820134733,820391506,8,False,0
820134759,820391506,8,False,0
820134783,820391506,8,False,0
820136135,820391506,8,False,0
820138743,820391506,8,False,0
820138749,820391506,8,False,0
820138823,820391506,8,False,0
820140059,820391506,8,False,0
820140085,820391506,8,False,0
820140133,820391506,8,False,0
820141413,820391506,8,False,0
820141453,820391506,8,False,0
820142814,820391506,8,False,0
820144117,820391506,8,False,0
820146829,820391506,8,False,0
820146831,820391506,8,False,0
820148113,820391506,8,False,0
820148152,820391506,8,False,0
820149502,820391506,8,False,0
820150807,820391506,8,False,0
820150842,820391506,8,False,0
820152147,820391506,8,False,0
820152169,820391506,8,False,0
820153529,820391506,8,False,0
820153560,820391506,8,False,0
820154857,820391506,8,False,0
820154890,820391506,8,False,0
820154905,820391506,8,False,0
820157543,820391506,8,False,0
820158945,820391506,8,False,0
820160221,820391506,8,False,0
820160287,820391506,8,False,0
820162918,820391506,8,False,0
820164279,820391506,8,False,0
820164286,820391506,8,False,0
820164333,820391506,8,False,0
820165687,820391506,8,False,0
820166969,820391506,8,False,0
820166997,820391506,8,False,0
820167023,820391506,8,False,0
820168269,820391506,8,False,0
820169680,820391506,8,False,0
820171003,820391506,8,False,0
820172393,820391506,8,False,0
820173663,820391506,8,False,0
820173687,820391506,8,False,0
820175010,820391506,8,False,0
820175034,820391506,8,False,1
820175089,820391506,8,False,0
820176339,820391506,8,False,0
820176396,820391506,8,False,0
820177704,820391506,8,False,0
820177719,820391506,8,False,0
820177757,820391506,8,False,0
820179149,820391506,8,False,0
820180369,820391506,8,False,0
820180430,820391506,8,False,0
820181745,820391506,8,False,0
820181756,820391506,8,False,0
820181772,820391506,8,False,0
820183092,820391506,8,False,0
820184392,820391506,8,False,0
820184494,820391506,8,False,0
820184499,820391506,8,False,0
820184503,820391506,8,False,0
820185811,820391506,8,False,0
820185843,820391506,8,False,0
820187138,820391506,8,False,1
820188420,820391506,8,False,1
820188422,820391506,8,False,0
820188557,820391506,8,False,0
820189774,820391506,8,False,0
820189860,820391506,8,False,0
820189901,820391506,8,False,0
820189907,820391506,8,False,0
820191247,820391506,8,False,0
820192462,820391506,8,False,0
820192504,820391506,8,False,0
820192524,820391506,8,False,1
820193836,820391506,8,False,1
820193870,820391506,8,False,0
820195153,820391506,8,False,0
820195218,820391506,8,False,0
820195247,820391506,8,False,0
820195265,820391506,8,False,0
820196493,820391506,8,False,0
820196523,820391506,8,False,0
820196529,820391506,8,False,0
820196558,820391506,8,False,0
820197854,820391506,8,False,0
820197909,820391506,8,False,0
820197983,820391506,8,False,0
820199188,820391506,8,False,0
820199228,820391506,8,False,0
820199283,820391506,8,False,0
820199303,820391506,8,False,0
820199318,820391506,8,False,0
820199327,820391506,8,False,0
820200561,820391506,8,False,0
820200596,820391506,8,False,0
820200616,820391506,8,False,0
820201889,820391506,8,False,0
820201907,820391506,8,False,0
820201948,820391506,8,False,0
820201963,820391506,8,False,0
820202006,820391506,8,False,0
820203337,820391506,8,False,0
820204568,820391506,8,False,0
820205906,820391506,8,False,0
820205921,820391506,8,False,0
820205922,820391506,8,False,0
820205997,820391506,8,False,0
820206045,820391506,8,False,0
820207289,820391506,8,False,0
820208615,820391506,8,False,0
820208622,820391506,8,False,0
820210043,820391506,8,False,0
820211398,820391506,8,False,0
820212645,820391506,8,False,0
820212656,820391506,8,False,1
820212665,820391506,8,False,0
820212741,820391506,8,False,0
820214106,820391506,8,False,0
820215413,820391506,8,False,0
820215435,820391506,8,False,0
820216694,820391506,8,False,1
820216696,820391506,8,False,0
820216730,820391506,8,False,0
820216740,820391506,8,False,0
820218021,820391506,8,False,1
820218043,820391506,8,False,0
820218066,820391506,8,False,0
820218125,820391506,8,False,0
820219416,820391506,8,False,0
820219483,820391506,8,False,0
820222023,820391506,8,False,0
820222026,820391506,8,False,1
820222048,820391506,8,False,1
820222052,820391506,8,False,0
820222075,820391506,8,False,1
820222102,820391506,8,False,0
820222166,820391506,8,False,0
820224793,820391506,8,False,0
820224824,820391506,8,False,0
820226067,820391506,8,False,1
820226148,820391506,8,False,0
820226188,820391506,8,False,0
820226201,820391506,8,False,0
820226204,820391506,8,False,0
820227525,820391506,8,False,0
820230187,820391506,8,False,0
820232851,820391506,8,False,0
820232859,820391506,8,False,1
820232860,820391506,8,False,1
820234126,820391506,8,False,1
820234136,820391506,8,False,1
820235563,820391506,8,False,0
820236962,820391506,8,False,0
820238278,820391506,8,False,0
820239600,820391506,8,False,0
820240862,820391506,8,False,0
820240968,820391506,8,False,0
820242218,820391506,8,False,0
820242305,820391506,8,False,0
820243637,820391506,8,False,0
820243654,820391506,8,False,0
820243656,820391506,8,False,0
820245005,820391506,8,False,0
820246318,820391506,8,False,0
820247635,820391506,8,False,0
820249042,820391506,8,False,0
820250256,820391506,8,False,1
820253084,820391506,8,False,0
820254354,820391506,8,False,1
820254390,820391506,8,False,0
820257072,820391506,8,False,0
820266513,820391506,8,False,0
820267859,820391506,8,False,0
820269226,820391506,8,False,0
820271865,820391506,8,False,0
820271907,820391506,8,False,0
820275858,820391506,8,False,1
820277267,820391506,8,False,0
820278615,820391506,8,False,0
820278620,820391506,8,False,0
820279963,820391506,8,False,0
820282630,820391506,8,False,0
820285313,820391506,8,False,0
820285323,820391506,8,False,0
820285339,820391506,8,False,0
820285348,820391506,8,False,0
820289357,820391506,8,False,0
820294750,820391506,8,False,0
820297403,820391506,8,False,0
820297428,820391506,8,False,0
820298733,820391506,8,False,1
820298784,820391506,8,False,0
820300112,820391506,8,False,0
820302824,820391506,8,False,1
820306824,820391506,8,False,0
820306841,820391506,8,False,0
820309511,820391506,8,False,0
820312236,820391506,8,False,0
820312237,820391506,8,False,0
820313566,820391506,8,False,0
820321615,820391506,8,False,0
820321629,820391506,8,False,0
820341802,820391506,8,False,1
820355236,820391506,8,False,0
820357892,820391506,8,False,1
820359268,820391506,8,False,0
820387501,820391506,8,False,1
120003387,120665949,9,False,0
120008353,120665949,9,False,0
120008361,120665949,9,False,0
120010026,120665949,9,False,0
120011687,120665949,9,False,0
120011697,120665949,9,False,0
120013361,120665949,9,False,0
120013364,120665949,9,False,0
120013366,120665949,9,False,0
120013379,120665949,9,False,0
120013381,120665949,9,False,0
120015025,120665949,9,False,0
120016683,120665949,9,False,0
120016695,120665949,9,False,0
120018335,120665949,9,False,0
120018355,120665949,9,False,0
120018360,120665949,9,False,0
120018375,120665949,9,False,0
120020024,120665949,9,False,0
120020039,120665949,9,False,0
120021687,120665949,9,False,0
120021702,120665949,9,False,0
120021708,120665949,9,False,0
120021715,120665949,9,False,0
120021734,120665949,9,False,0
120023344,120665949,9,False,0
120023358,120665949,9,False,0
120023373,120665949,9,False,0
120023390,120665949,9,False,0
120025008,120665949,9,False,0
120025018,120665949,9,False,0
120025025,120665949,9,False,0
120025037,120665949,9,False,0
120025038,120665949,9,False,0
120025051,120665949,9,False,0
120025058,120665949,9,False,0
120028354,120665949,9,False,0
120028396,120665949,9,False,0
120030001,120665949,9,False,0
120030018,120665949,9,False,0
120030032,120665949,9,False,0
120030047,120665949,9,False,0
120030075,120665949,9,False,0
120031698,120665949,9,False,0
120031703,120665949,9,False,0
120031711,120665949,9,False,0
120033399,120665949,9,False,0
120033403,120665949,9,False,0
120035037,120665949,9,False,0
120036711,120665949,9,False,0
120036719,120665949,9,False,0
120038323,120665949,9,False,0
120039978,120665949,9,False,0
120040029,120665949,9,False,0
120040060,120665949,9,False,0
120041699,120665949,9,False,0
120044962,120665949,9,False,1
120044975,120665949,9,False,0
120044984,120665949,9,False,0
120046639,120665949,9,False,1
120046710,120665949,9,False,0
120046719,120665949,9,False,0
120046720,120665949,9,False,0
120048331,120665949,9,False,0
120049956,120665949,9,False,1
120049995,120665949,9,False,0
120050026,120665949,9,False,0
120050030,120665949,9,False,0
120050034,120665949,9,False,0
120051619,120665949,9,False,0
120051623,120665949,9,False,1
120051700,120665949,9,False,0
120051713,120665949,9,False,0
120053280,120665949,9,False,0
120053364,120665949,9,False,0
120053372,120665949,9,False,0
120054946,120665949,9,False,1
120054976,120665949,9,False,0
120055047,120665949,9,False,0
120056613,120665949,9,False,1
120056614,120665949,9,False,0
120056705,120665949,9,False,0
120056711,120665949,9,False,0
120058268,120665949,9,False,1
120058298,120665949,9,False,0
120060029,120665949,9,False,0
120060033,120665949,9,False,0
120061704,120665949,9,False,0
120063335,120665949,9,False,0
120064967,120665949,9,False,0
120064975,120665949,9,False,0
120066663,120665949,9,False,0
120066703,120665949,9,False,0
120068273,120665949,9,False,1
120068331,120665949,9,False,0
120068355,120665949,9,False,0
120069941,120665949,9,False,1
120070020,120665949,9,False,0
120071621,120665949,9,False,0
120071639,120665949,9,False,0
120076629,120665949,9,False,0
120076665,120665949,9,False,0
120078304,120665949,9,False,0
120078342,120665949,9,False,0
120078354,120665949,9,False,0
120079953,120665949,9,False,0
120080013,120665949,9,False,0
120081620,120665949,9,False,1
120081634,120665949,9,False,0
120083262,120665949,9,False,1
120083332,120665949,9,False,0
120083348,120665949,9,False,0
120084936,120665949,9,False,0
120085000,120665949,9,False,0
120088341,120665949,9,False,0
120091605,120665949,9,False,0
120093335,120665949,9,False,0
120093336,120665949,9,False,0
120094979,120665949,9,False,0
120094997,120665949,9,False,0
120094999,120665949,9,False,0
120096626,120665949,9,False,1
120103262,120665949,9,False,0
120103327,120665949,9,False,0
120104942,120665949,9,False,1
120106634,120665949,9,False,0
120108305,120665949,9,False,0
120118244,120665949,9,False,1
120119948,120665949,9,False,0
120129953,120665949,9,False,0
120131617,120665949,9,False,0
120136589,120665949,9,False,0
120136597,120665949,9,False,0
120138260,120665949,9,False,0
120143279,120665949,9,False,0
120143283,120665949,9,False,0
120143288,120665949,9,False,0
120158269,120665949,9,False,0
120163263,120665949,9,False,0
120164922,120665949,9,False,0
120168255,120665949,9,False,0
120169933,120665949,9,False,0
120174907,120665949,9,False,0
120178235,120665949,9,False,0
120178248,120665949,9,False,0
120178256,120665949,9,False,0
120181582,120665949,9,False,0
120183222,120665949,9,False,0
120184871,120665949,9,False,0
120186542,120665949,9,False,0
120189903,120665949,9,False,0
120196547,120665949,9,False,0
120198210,120665949,9,False,0
120198225,120665949,9,False,0
120199883,120665949,9,False,0
120201547,120665949,9,False,0
120208213,120665949,9,False,0
120211532,120665949,9,False,0
120213186,120665949,9,False,0
120214886,120665949,9,False,0
120214897,120665949,9,False,0
120218195,120665949,9,False,0
120219833,120665949,9,False,0
120219872,120665949,9,False,0
120224867,120665949,9,False,0
120224879,120665949,9,False,0
120231524,120665949,9,False,0
120234822,120665949,9,False,0
120236457,120665949,9,False,0
120236514,120665949,9,False,0
120236532,120665949,9,False,0
120241501,120665949,9,False,0
120241539,120665949,9,False,0
120243203,120665949,9,False,0
120244864,120665949,9,False,0
120246464,120665949,9,False,0
120251499,120665949,9,False,0
120251557,120665949,9,False,0
120256449,120665949,9,False,0
120256484,120665949,9,False,0
120256488,120665949,9,False,0
120258152,120665949,9,False,0
120259824,120665949,9,False,0
120263142,120665949,9,False,0
120263199,120665949,9,False,0
120264863,120665949,9,False,0
120266480,120665949,9,False,0
120266510,120665949,9,False,0
120266517,120665949,9,False,0
120268191,120665949,9,False,0
120271487,120665949,9,False,0
120271543,120665949,9,False,0
120273192,120665949,9,False,0
120274797,120665949,9,False,0
120274832,120665949,9,False,0
120281513,120665949,9,False,0
120281540,120665949,9,False,0
120283156,120665949,9,False,0
120283192,120665949,9,False,0
120283216,120665949,9,False,0
120284836,120665949,9,False,0
120284851,120665949,9,False,0
120284856,120665949,9,False,0
120284868,120665949,9,False,0
120286413,120665949,9,False,1
120286544,120665949,9,False,0
120288207,120665949,9,False,0
120288212,120665949,9,False,0
120291401,120665949,9,False,0
120291451,120665949,9,False,0
120293199,120665949,9,False,0
120294818,120665949,9,False,0
120294829,120665949,9,False,0
120294863,120665949,9,False,0
120296450,120665949,9,False,0
120296475,120665949,9,False,0
120298047,120665949,9,False,0
120298188,120665949,9,False,0
120299762,120665949,9,False,0
120299802,120665949,9,False,0
120299846,120665949,9,False,0
120301401,120665949,9,False,0
120303111,120665949,9,False,0
120304806,120665949,9,False,0
120306354,120665949,9,False,1
120306470,120665949,9,False,0
120306493,120665949,9,False,0
120308157,120665949,9,False,0
120309793,120665949,9,False,0
120309842,120665949,9,False,0
120309845,120665949,9,False,0
120311473,120665949,9,False,0
120311506,120665949,9,False,0
120313137,120665949,9,False,0
120313170,120665949,9,False,0
120314721,120665949,9,False,0
120314781,120665949,9,False,0
120314793,120665949,9,False,0
120314829,120665949,9,False,0
120316464,120665949,9,False,0
120318128,120665949,9,False,0
120318165,120665949,9,False,0
120318170,120665949,9,False,0
120319790,120665949,9,False,0
120319829,120665949,9,False,0
120321493,120665949,9,False,0
120323134,120665949,9,False,0
120323158,120665949,9,False,0
120324750,120665949,9,False,0
120324811,120665949,9,False,0
120326357,120665949,9,False,0
120328145,120665949,9,False,0
120328155,120665949,9,False,0
120329789,120665949,9,False,0
120329799,120665949,9,False,0
120329803,120665949,9,False,0
120329809,120665949,9,False,0
120329819,120665949,9,False,0
120331373,120665949,9,False,0
120331457,120665949,9,False,0
120331478,120665949,9,False,0
120331483,120665949,9,False,0
120333080,120665949,9,False,0
120333137,120665949,9,False,0
120333143,120665949,9,False,0
120334705,120665949,9,False,0
120336451,120665949,9,False,0
120338045,120665949,9,False,0
120338123,120665949,9,False,0
120338135,120665949,9,False,0
120339785,120665949,9,False,0
120339789,120665949,9,False,0
120341380,120665949,9,False,0
120341423,120665949,9,False,0
120341459,120665949,9,False,0
120343121,120665949,9,False,0
120346451,120665949,9,False,0
120349779,120665949,9,False,0
120359718,120665949,9,False,0
120364632,120665949,9,False,0
120367990,120665949,9,False,0
120371402,120665949,9,False,0
120373060,120665949,9,False,0
120376273,120665949,9,False,1
120378075,120665949,9,False,0
120379641,120665949,9,False,0
120384633,120665949,9,False,0
120386341,120665949,9,False,0
120386368,120665949,9,False,0
120394633,120665949,9,False,0
120397929,120665949,9,False,1
120398010,120665949,9,False,0
120401335,120665949,9,False,0
120406274,120665949,9,False,0
120409684,120665949,9,False,0
120411306,120665949,9,False,0
120418005,120665949,9,False,0
120426208,120665949,9,False,1
120426284,120665949,9,False,0
120427951,120665949,9,False,0
120431263,120665949,9,False,0
120432941,120665949,9,False,0
120432984,120665949,9,False,0
120434601,120665949,9,False,0
120436266,120665949,9,False,0
120446204,120665949,9,False,1
120451242,120665949,9,False,0
120454562,120665949,9,False,0
120454612,120665949,9,False,0
120457905,120665949,9,False,0
120457948,120665949,9,False,0
120457950,120665949,9,False,0
120459561,120665949,9,False,0
120461279,120665949,9,False,0
120462924,120665949,9,False,0
120464577,120665949,9,False,0
120466204,120665949,9,False,0
120469541,120665949,9,False,0
120471209,120665949,9,False,0
120481190,120665949,9,False,0
120481231,120665949,9,False,0
120487850,120665949,9,False,0
120491209,120665949,9,False,0
120492882,120665949,9,False,0
120496157,120665949,9,False,1
120501138,120665949,9,False,1
120509519,120665949,9,False,0
120511150,120665949,9,False,0
120512791,120665949,9,False,0
120516183,120665949,9,False,1
120521174,120665949,9,False,0
120529394,120665949,9,False,1
120537809,120665949,9,False,0
120541140,120665949,9,False,1
120549432,120665949,9,False,1
120556113,120665949,9,False,0
120564411,120665949,9,False,1
120602710,120665949,9,False,1
820073155,820297703,11,False,0
820074502,820297703,11,False,0
820075850,820297703,11,False,0
820075958,820297703,11,False,0
820079935,820297703,11,False,0
820083944,820297703,11,False,0
820085288,820297703,11,False,0
820086631,820297703,11,False,0
820086641,820297703,11,False,0
820087940,820297703,11,False,0
820088047,820297703,11,False,0
820089333,820297703,11,False,0
820089403,820297703,11,False,0
820090651,820297703,11,False,0
820090747,820297703,11,False,0
820090768,820297703,11,False,0
820091970,820297703,11,False,0
820092060,820297703,11,False,0
820093400,820297703,11,False,0
820094677,820297703,11,False,0
820094741,820297703,11,False,0
820094764,820297703,11,False,0
820096054,820297703,11,False,0
820096096,820297703,11,False,0
820097398,820297703,11,False,0
820097454,820297703,11,False,0
820097475,820297703,11,False,0
820098696,820297703,11,False,0
820098704,820297703,11,False,0
820098717,820297703,11,False,0
820098720,820297703,11,False,0
820098742,820297703,11,False,0
820098812,820297703,11,False,0
820100078,820297703,11,False,0
820100099,820297703,11,False,0
820100101,820297703,11,False,0
820100143,820297703,11,False,0
820100152,820297703,11,False,0
820100154,820297703,11,False,0
820101385,820297703,11,False,0
820101424,820297703,11,False,0
820101443,820297703,11,False,0
820101445,820297703,11,False,0
820101452,820297703,11,False,0
820101475,820297703,11,False,0
820101496,820297703,11,False,0
820102729,820297703,11,False,0
820102791,820297703,11,False,0
820102803,820297703,11,False,0
820104067,820297703,11,False,0
820104150,820297703,11,False,0
820104172,820297703,11,False,0
820104191,820297703,11,False,0
820104197,820297703,11,False,0
820104203,820297703,11,False,0
820105411,820297703,11,False,0
820105464,820297703,11,False,0
820105465,820297703,11,False,0
820105475,820297703,11,False,0
820105535,820297703,11,False,0
820106789,820297703,11,False,0
820106793,820297703,11,False,0
820106795,820297703,11,False,0
820106891,820297703,11,False,0
820106894,820297703,11,False,0
820108121,820297703,11,False,0
820108237,820297703,11,False,0
820109443,820297703,11,False,0
820109483,820297703,11,False,0
820110843,820297703,11,False,0
820112128,820297703,11,False,0
820112162,820297703,11,False,0
820112173,820297703,11,False,0
820112176,820297703,11,False,0
820112268,820297703,11,False,0
820113472,820297703,11,False,0
820114819,820297703,11,False,0
820114820,820297703,11,False,0
820114833,820297703,11,False,0
820114848,820297703,11,False,0
820114911,820297703,11,False,0
820114953,820297703,11,False,0
820116147,820297703,11,False,0
820116166,820297703,11,False,0
820116190,820297703,11,False,0
820116255,820297703,11,False,0
820116300,820297703,11,False,0
820117493,820297703,11,False,0
820117510,820297703,11,False,0
820117517,820297703,11,False,0
820117534,820297703,11,False,0
820118849,820297703,11,False,0
820118861,820297703,11,False,0
820118898,820297703,11,False,0
820120185,820297703,11,False,0
820120193,820297703,11,False,0
820120279,820297703,11,False,0
820121643,820297703,11,False,0
820121679,820297703,11,False,0
820122881,820297703,11,False,0
820123023,820297703,11,False,0
820124358,820297703,11,False,0
820125547,820297703,11,False,0
820125552,820297703,11,False,0
820125579,820297703,11,False,0
820125702,820297703,11,False,0
820126914,820297703,11,False,0
820127046,820297703,11,False,0
820128239,820297703,11,False,0
820128343,820297703,11,False,0
820129602,820297703,11,False,0
820129615,820297703,11,False,0
820130945,820297703,11,False,0
820130959,820297703,11,False,0
820132276,820297703,11,False,0
820133617,820297703,11,False,0
820133620,820297703,11,False,0
820133634,820297703,11,False,0
820134962,820297703,11,False,0
820134978,820297703,11,False,0
820136311,820297703,11,False,0
820138998,820297703,11,False,0
820140334,820297703,11,False,0
820140342,820297703,11,False,0
820140357,820297703,11,False,0
820144429,820297703,11,False,0
820145824,820297703,11,False,0
820148415,820297703,11,False,0
820149758,820297703,11,False,0
820151085,820297703,11,False,0
820152453,820297703,11,False,0
820152516,820297703,11,False,0
820153797,820297703,11,False,0
820153798,820297703,11,False,0
820153819,820297703,11,False,0
820157927,820297703,11,False,0
820159154,820297703,11,False,0
820160514,820297703,11,False,0
820163249,820297703,11,False,0
820165895,820297703,11,False,0
820165915,820297703,11,False,0
820166006,820297703,11,False,0
820167227,820297703,11,False,0
820168555,820297703,11,False,0
820168571,820297703,11,False,0
820169920,820297703,11,False,0
820171258,820297703,11,False,0
820171360,820297703,11,False,0
820171388,820297703,11,False,0
820173965,820297703,11,False,0
820173992,820297703,11,False,0
820175275,820297703,11,False,0
820175363,820297703,11,False,0
820175364,820297703,11,False,0
820176634,820297703,11,False,0
820176677,820297703,11,False,0
820179328,820297703,11,False,0
820179357,820297703,11,False,0
820182031,820297703,11,False,0
820182113,820297703,11,False,0
820182122,820297703,11,False,0
820182146,820297703,11,False,0
820183412,820297703,11,False,0
820186151,820297703,11,False,0
820188744,820297703,11,False,0
820190110,820297703,11,False,0
820190141,820297703,11,False,0
820191411,820297703,11,False,0
820191527,820297703,11,False,0
820191529,820297703,11,False,0
820191535,820297703,11,False,0
820192876,820297703,11,False,0
820192913,820297703,11,False,0
820194154,820297703,11,False,0
820194179,820297703,11,False,0
820194213,820297703,11,False,0
820195512,820297703,11,False,0
820196934,820297703,11,False,0
820198219,820297703,11,False,0
820200837,820297703,11,False,0
820200855,820297703,11,False,0
820200932,820297703,11,False,0
820202275,820297703,11,False,0
820204914,820297703,11,False,0
820204985,820297703,11,False,0
820207530,820297703,11,False,0
820208979,820297703,11,False,0
820210249,820297703,11,False,0
820210255,820297703,11,False,0
820210312,820297703,11,False,0
820210349,820297703,11,False,0
820211604,820297703,11,False,0
820211617,820297703,11,False,0
820211679,820297703,11,False,0
820211713,820297703,11,False,0
820211724,820297703,11,False,0
820212967,820297703,11,False,0
820212995,820297703,11,False,0
820214262,820297703,11,False,0
820214385,820297703,11,False,0
820215706,820297703,11,False,0
820217028,820297703,11,False,0
820219696,820297703,11,False,0
820219701,820297703,11,False,0
820219712,820297703,11,False,1
820219744,820297703,11,False,0
820219769,820297703,11,False,0
820220994,820297703,11,False,0
820221129,820297703,11,False,0
820221136,820297703,11,False,0
820223748,820297703,11,False,0
820225024,820297703,11,False,0
820225065,820297703,11,False,0
820226344,820297703,11,False,0
820226390,820297703,11,False,1
820226404,820297703,11,False,0
820227788,820297703,11,False,0
820227842,820297703,11,False,0
820230412,820297703,11,False,0
820230421,820297703,11,False,0
820230517,820297703,11,False,0
820230524,820297703,11,False,0
820230529,820297703,11,False,0
820230538,820297703,11,False,0
820231727,820297703,11,False,0
820231815,820297703,11,False,0
820233106,820297703,11,False,0
820233227,820297703,11,False,0
820234437,820297703,11,False,0
820235779,820297703,11,False,0
820235822,820297703,11,False,0
820238461,820297703,11,False,0
820238562,820297703,11,False,0
820241134,820297703,11,False,0
820242509,820297703,11,False,0
820242527,820297703,11,False,0
820243872,820297703,11,False,1
820243978,820297703,11,False,0
820246510,820297703,11,False,0
820246621,820297703,11,False,0
820246652,820297703,11,False,0
820247909,820297703,11,False,0
820247922,820297703,11,False,0
820249326,820297703,11,False,0
820250570,820297703,11,False,0
820250632,820297703,11,False,1
820250658,820297703,11,False,0
820252015,820297703,11,False,0
820253296,820297703,11,False,0
820253360,820297703,11,False,0
820254637,820297703,11,False,1
820254694,820297703,11,False,0
820254735,820297703,11,False,0
820256034,820297703,11,False,1
820257263,820297703,11,False,1
820258758,820297703,11,False,0
820259984,820297703,11,False,0
820259991,820297703,11,False,0
820260093,820297703,11,False,0
820260102,820297703,11,False,0
820260106,820297703,11,False,0
820261297,820297703,11,False,0
820261342,820297703,11,False,1
820262698,820297703,11,False,1
820262730,820297703,11,False,1
820263994,820297703,11,False,1
820264064,820297703,11,False,1
820265473,820297703,11,False,0
820266704,820297703,11,False,0
820268166,820297703,11,False,0
820269496,820297703,11,False,0
820272063,820297703,11,False,1
820272078,820297703,11,False,1
820273407,820297703,11,False,1
820273497,820297703,11,False,1
820277578,820297703,11,False,1
820280236,820297703,11,False,0
820280261,820297703,11,False,1
820281609,820297703,11,False,0
820282940,820297703,11,False,1
820284146,820297703,11,False,1
820285623,820297703,11,False,0
820286830,820297703,11,False,1
820289675,820297703,11,False,0
820291015,820297703,11,False,0
820295037,820297703,11,False,1
820296304,820297703,11,False,1
820296366,820297703,11,False,0
820297734,820297703,11,False,0
820299081,820297703,11,False,0
820300412,820297703,11,False,1
820303080,820297703,11,False,1
820306989,820297703,11,False,1
820311055,820297703,11,False,1
820312369,820297703,11,False,1
820323271,820297703,11,False,1
820328663,820297703,11,False,1
820331343,820297703,11,False,0
820334014,820297703,11,False,1
820339361,820297703,11,False,1
820346127,820297703,11,False,1
740024081,740256552,12,False,0
740034885,740256552,12,False,0
740037572,740256552,12,False,0
740040251,740256552,12,False,0
740041574,740256552,12,False,0
740041603,740256552,12,False,0
740042897,740256552,12,False,0
740042906,740256552,12,False,0
740042918,740256552,12,False,0
740042919,740256552,12,False,0
740042931,740256552,12,False,0
740042932,740256552,12,False,0
740042943,740256552,12,False,0
740042950,740256552,12,False,0
740044251,740256552,12,False,0
740044264,740256552,12,False,0
740044275,740256552,12,False,0
740045595,740256552,12,False,0
740045601,740256552,12,False,0
740045603,740256552,12,False,0
740045616,740256552,12,False,0
740045632,740256552,12,False,0
740046933,740256552,12,False,0
740046942,740256552,12,False,0
740046963,740256552,12,False,0
740046979,740256552,12,False,0
740049627,740256552,12,False,0
740049653,740256552,12,False,0
740050958,740256552,12,False,0
740050974,740256552,12,False,0
740051003,740256552,12,False,0
740051006,740256552,12,False,0
740052292,740256552,12,False,0
740052311,740256552,12,False,0
740052341,740256552,12,False,0
740052350,740256552,12,False,0
740053692,740256552,12,False,0
740053694,740256552,12,False,0
740054971,740256552,12,False,0
740054974,740256552,12,False,0
740055018,740256552,12,False,0
740055034,740256552,12,False,0
740057677,740256552,12,False,0
740057689,740256552,12,False,0
740057694,740256552,12,False,0
740059004,740256552,12,False,0
740059038,740256552,12,False,0
740059071,740256552,12,False,0
740061685,740256552,12,False,0
740063059,740256552,12,False,0
740063067,740256552,12,False,0
740063109,740256552,12,False,0
740064427,740256552,12,False,0
740064433,740256552,12,False,0
740064453,740256552,12,False,0
740065714,740256552,12,False,0
740065725,740256552,12,False,0
740065728,740256552,12,False,0
740065746,740256552,12,False,0
740065786,740256552,12,False,0
740067072,740256552,12,False,0
740067090,740256552,12,False,0
740067108,740256552,12,False,0
740067119,740256552,12,False,0
740067140,740256552,12,False,0
740068422,740256552,12,False,0
740068442,740256552,12,False,0
740068459,740256552,12,False,0
740068484,740256552,12,False,0
740069766,740256552,12,False,0
740069792,740256552,12,False,0
740069806,740256552,12,False,0
740071091,740256552,12,False,0
740071138,740256552,12,False,0
740071174,740256552,12,False,0
740072437,740256552,12,False,0
740072503,740256552,12,False,0
740072515,740256552,12,False,0
740072516,740256552,12,False,0
740073782,740256552,12,False,0
740073821,740256552,12,False,0
740075127,740256552,12,False,0
740075183,740256552,12,False,0
740075205,740256552,12,False,0
740076497,740256552,12,False,0
740076527,740256552,12,False,0
740077812,740256552,12,False,0
740077890,740256552,12,False,0
740079159,740256552,12,False,0
740079162,740256552,12,False,0
740079210,740256552,12,False,0
740080500,740256552,12,False,0
740080531,740256552,12,False,0
740080535,740256552,12,False,0
740080536,740256552,12,False,0
740080540,740256552,12,False,0
740081847,740256552,12,False,0
740081895,740256552,12,False,0
740081915,740256552,12,False,0
740081918,740256552,12,False,0
740083239,740256552,12,False,0
740084533,740256552,12,False,0
740084571,740256552,12,False,0
740088641,740256552,12,False,0
740088643,740256552,12,False,0
740091308,740256552,12,False,0
740091319,740256552,12,False,0
740092654,740256552,12,False,1
740092672,740256552,12,False,0
740093932,740256552,12,False,0
740093942,740256552,12,False,0
740094016,740256552,12,False,0
740094017,740256552,12,False,0
740095326,740256552,12,False,0
740095351,740256552,12,False,0
740096671,740256552,12,False,0
740096681,740256552,12,False,0
740096704,740256552,12,False,0
740097963,740256552,12,False,0
740098045,740256552,12,False,0
740100667,740256552,12,False,0
740100704,740256552,12,False,1
740100728,740256552,12,False,0
740102031,740256552,12,False,0
740102057,740256552,12,False,0
740102069,740256552,12,False,0
740103337,740256552,12,False,0
740103378,740256552,12,False,0
740103398,740256552,12,False,0
740103425,740256552,12,False,1
740104732,740256552,12,False,0
740104772,740256552,12,False,1
740107369,740256552,12,False,0
740107429,740256552,12,False,0
740107455,740256552,12,False,0
740108713,740256552,12,False,0
740108769,740256552,12,False,0
740108784,740256552,12,False,0
740110117,740256552,12,False,1
740111402,740256552,12,False,0
740111442,740256552,12,False,0
740112808,740256552,12,False,0
740114124,740256552,12,False,0
740114148,740256552,12,False,0
740114178,740256552,12,False,0
740115517,740256552,12,False,1
740115519,740256552,12,False,1
740116827,740256552,12,False,1
740118122,740256552,12,False,0
740119548,740256552,12,False,1
740120898,740256552,12,False,0
740123521,740256552,12,False,0
740123571,740256552,12,False,1
740124889,740256552,12,False,1
740126212,740256552,12,False,0
740128947,740256552,12,False,1
740131577,740256552,12,False,0
740138304,740256552,12,False,0
740142321,740256552,12,False,0
740143678,740256552,12,False,1
740149047,740256552,12,False,0
740161142,740256552,12,False,0
740161146,740256552,12,False,0
740162491,740256552,12,False,1
740165167,740256552,12,False,0
740170540,740256552,12,False,0
740174572,740256552,12,False,0
740174581,740256552,12,False,1
740179950,740256552,12,False,0
740188009,740256552,12,False,0
740188013,740256552,12,False,0
740188022,740256552,12,False,0
740190709,740256552,12,False,1
740194740,740256552,12,False,0
740197428,740256552,12,False,1
740200102,740256552,12,False,0
740202795,740256552,12,False,0
740213546,740256552,12,False,0
740214890,740256552,12,False,0
740245801,740256552,12,False,1
740294186,740256552,12,False,1
280073389,280371775,14,False,0
280074541,280371775,14,False,0
280077991,280371775,14,False,0
280079143,280371775,14,False,0
280079146,280371775,14,False,0
280080298,280371775,14,False,0
280084902,280371775,14,False,0
280092971,280371775,14,False,0
280099883,280371775,14,False,0
280139108,280371775,14,False,0
280200103,280371775,14,False,0
280211626,280371775,14,False,0
280218541,280371775,14,False,0
280225451,280371775,14,False,0
280230065,280371775,14,False,0
280255398,280371775,14,False,0
280368310,280371775,14,False,0
280375219,280371775,14,False,1
280413283,280371775,14,False,0
470147128,470582748,15,True,0
470152762,470582748,15,True,0
470153882,470582748,15,True,0
470154904,470582748,15,True,0
470156024,470582748,15,True,0
470157159,470582748,15,True,0
470160519,470582748,15,True,0
470161630,470582748,15,True,0
470161648,470582748,15,True,0
470161685,470582748,15,True,0
470162750,470582748,15,True,0
470162801,470582748,15,True,0
470162827,470582748,15,True,0
470163870,470582748,15,True,0
470163947,470582748,15,True,0
470165011,470582748,15,True,0
470165058,470582748,15,True,0
470166119,470582748,15,True,0
470167286,470582748,15,True,0
470170584,470582748,15,True,0
470170632,470582748,15,True,0
470170681,470582748,15,True,0
470171801,470582748,15,True,0
470173961,470582748,15,True,0
470173989,470582748,15,True,0
470174041,470582748,15,True,0
470175158,470582748,15,True,0
470175161,470582748,15,True,0
470177312,470582748,15,True,0
470177363,470582748,15,True,0
470177364,470582748,15,True,0
470178428,470582748,15,True,0
470179548,470582748,15,True,0
470179603,470582748,15,True,0
470179629,470582748,15,True,0
470180664,470582748,15,True,0
470180680,470582748,15,True,0
470180723,470582748,15,True,0
470180742,470582748,15,True,0
470180749,470582748,15,True,0
470181787,470582748,15,True,0
470181819,470582748,15,True,0
470182907,470582748,15,True,0
470182908,470582748,15,True,0
470184028,470582748,15,True,0
470185134,470582748,15,True,0
470186270,470582748,15,True,0
470187372,470582748,15,True,0
470187393,470582748,15,True,0
470188595,470582748,15,True,0
470189635,470582748,15,True,0
470190723,470582748,15,True,0
470191850,470582748,15,True,0
470191911,470582748,15,True,0
470192971,470582748,15,True,0
470194083,470582748,15,True,0
470194086,470582748,15,True,0
470194109,470582748,15,True,0
470195214,470582748,15,True,0
470195229,470582748,15,True,0
470196349,470582748,15,True,0
470197451,470582748,15,True,0
470198558,470582748,15,True,0
470198580,470582748,15,True,0
470198589,470582748,15,True,0
470199683,470582748,15,True,0
470199716,470582748,15,True,0
470200808,470582748,15,True,0
470200810,470582748,15,True,0
470200811,470582748,15,True,0
470200815,470582748,15,True,0
470200825,470582748,15,True,0
470201931,470582748,15,True,0
470201935,470582748,15,True,0
470201938,470582748,15,True,0
470201956,470582748,15,True,0
470203042,470582748,15,True,0
470203054,470582748,15,True,0
470203067,470582748,15,True,0
470203156,470582748,15,True,0
470204191,470582748,15,True,0
470205279,470582748,15,True,0
470205280,470582748,15,True,0
470206398,470582748,15,True,0
470207518,470582748,15,True,0
470207522,470582748,15,True,0
470207537,470582748,15,True,0
470207539,470582748,15,True,0
470207547,470582748,15,True,0
470208639,470582748,15,True,0
470208640,470582748,15,True,0
470209773,470582748,15,True,0
470210878,470582748,15,True,0
470210893,470582748,15,True,0
470212012,470582748,15,True,0
470212023,470582748,15,True,0
470212029,470582748,15,True,0
470212038,470582748,15,True,0
470213117,470582748,15,True,0
470213149,470582748,15,True,0
470214250,470582748,15,True,0
470214252,470582748,15,True,0
470214261,470582748,15,True,0
470214263,470582748,15,True,0
470215383,470582748,15,True,0
470216482,470582748,15,True,0
470216491,470582748,15,True,0
470217602,470582748,15,True,0
470217625,470582748,15,True,0
470218742,470582748,15,True,0
470218752,470582748,15,True,0
470219844,470582748,15,True,0
470219848,470582748,15,True,0
470220968,470582748,15,True,0
470220985,470582748,15,True,0
470222086,470582748,15,True,0
470222088,470582748,15,True,0
470222105,470582748,15,True,0
470223206,470582748,15,True,0
470223208,470582748,15,True,0
470223216,470582748,15,True,0
470223226,470582748,15,True,0
470224333,470582748,15,True,0
470226585,470582748,15,True,0
470227701,470582748,15,True,0
470227711,470582748,15,True,0
470228833,470582748,15,True,0
470229953,470582748,15,True,0
470229955,470582748,15,True,0
470231049,470582748,15,True,0
470232161,470582748,15,True,0
470232187,470582748,15,True,0
470232193,470582748,15,True,0
470233272,470582748,15,True,0
470233288,470582748,15,True,0
470233311,470582748,15,True,0
470234401,470582748,15,True,0
470234421,470582748,15,True,0
470234431,470582748,15,True,0
470238880,470582748,15,True,0
470243393,470582748,15,True,0
470244482,470582748,15,True,0
470264645,470582748,15,True,0
470264732,470582748,15,True,0
470265765,470582748,15,True,0
470269210,470582748,15,True,0
470272485,470582748,15,True,0
470275854,470582748,15,True,0
470277078,470582748,15,True,0
470280361,470582748,15,True,0
470280406,470582748,15,True,0
470282611,470582748,15,True,0
470284915,470582748,15,True,0
470287057,470582748,15,True,0
470289348,470582748,15,True,0
470292664,470582748,15,True,0
470293834,470582748,15,True,0
470296029,470582748,15,True,0
470301630,470582748,15,True,0
470303848,470582748,15,True,0
470306088,470582748,15,True,0
470307203,470582748,15,True,0
470308342,470582748,15,True,0
470309497,470582748,15,True,0
470311678,470582748,15,True,0
470312798,470582748,15,True,0
470312800,470582748,15,True,0
470312831,470582748,15,True,0
470312835,470582748,15,True,0
470313929,470582748,15,True,0
470316280,470582748,15,True,0
470317341,470582748,15,True,0
470321789,470582748,15,True,0
470322912,470582748,15,True,0
470324006,470582748,15,True,0
470325150,470582748,15,True,0
470326345,470582748,15,True,0
470327373,470582748,15,True,0
470327414,470582748,15,True,0
470331843,470582748,15,True,0
470336328,470582748,15,True,0
470336346,470582748,15,True,0
470339688,470582748,15,True,0
470341952,470582748,15,True,0
470346398,470582748,15,True,0
470347518,470582748,15,True,0
470347601,470582748,15,True,0
470348678,470582748,15,True,0
470349764,470582748,15,True,0
470352112,470582748,15,True,0
470354271,470582748,15,True,0
470357632,470582748,15,True,0
470358722,470582748,15,True,0
470358733,470582748,15,True,0
470358761,470582748,15,True,0
470358831,470582748,15,True,0
470359876,470582748,15,True,0
470360986,470582748,15,True,0
470363197,470582748,15,True,0
470363226,470582748,15,True,0
470364345,470582748,15,True,0
470364346,470582748,15,True,0
470366641,470582748,15,True,0
470367688,470582748,15,True,0
470367752,470582748,15,True,0
470367759,470582748,15,True,0
470368799,470582748,15,True,0
470368823,470582748,15,True,0
470371062,470582748,15,True,0
470371146,470582748,15,True,0
470371156,470582748,15,True,0
470372258,470582748,15,True,0
470373293,470582748,15,True,0
470375537,470582748,15,True,0
470375553,470582748,15,True,0
470376676,470582748,15,True,0
470378908,470582748,15,True,0
470378920,470582748,15,True,0
470378931,470582748,15,True,0
470380003,470582748,15,True,0
470381123,470582748,15,True,0
470381150,470582748,15,True,0
470382244,470582748,15,True,0
470383416,470582748,15,True,0
470386764,470582748,15,True,0
470390080,470582748,15,True,0
470393439,470582748,15,True,0
470393467,470582748,15,True,0
470394568,470582748,15,True,0
470394608,470582748,15,True,0
470394638,470582748,15,True,1
470395692,470582748,15,True,0
470396819,470582748,15,True,0
470397942,470582748,15,True,0
470398002,470582748,15,True,0
470400157,470582748,15,True,0
470400158,470582748,15,True,0
470402406,470582748,15,True,0
470405761,470582748,15,True,0
470406982,470582748,15,True,1
470409141,470582748,15,True,0
470409150,470582748,15,True,0
470410260,470582748,15,True,0
470410270,470582748,15,True,0
470412492,470582748,15,True,1
470413611,470582748,15,True,0
470414825,470582748,15,True,1
470415878,470582748,15,True,0
470416963,470582748,15,True,0
470416991,470582748,15,True,0
470419229,470582748,15,True,0
470420347,470582748,15,True,0
470422591,470582748,15,True,0
470424915,470582748,15,True,0
470427041,470582748,15,True,0
470428189,470582748,15,True,0
470428193,470582748,15,True,0
470428248,470582748,15,True,0
470429317,470582748,15,True,0
470431546,470582748,15,True,0
470432644,470582748,15,True,0
470435003,470582748,15,True,1
470437123,470582748,15,True,0
470439387,470582748,15,True,0
470439404,470582748,15,True,0
470440559,470582748,15,True,1
470441654,470582748,15,True,0
470442814,470582748,15,True,1
470443842,470582748,15,True,0
470446127,470582748,15,True,0
470448344,470582748,15,True,0
470453918,470582748,15,True,0
470453921,470582748,15,True,0
470454043,470582748,15,True,1
470458432,470582748,15,True,1
470458436,470582748,15,True,0
470460636,470582748,15,True,0
470461759,470582748,15,True,0
470462879,470582748,15,True,0
470465120,470582748,15,True,0
470467372,470582748,15,True,1
470467376,470582748,15,True,0
470468503,470582748,15,True,0
470469605,470582748,15,True,0
470470725,470582748,15,True,0
470470738,470582748,15,True,1
470470749,470582748,15,True,0
470472978,470582748,15,True,1
470475202,470582748,15,True,0
470476343,470582748,15,True,1
470479743,470582748,15,True,1
470480863,470582748,15,True,1
470484186,470582748,15,True,1
470486402,470582748,15,True,0
470486416,470582748,15,True,0
470486423,470582748,15,True,1
470490881,470582748,15,True,0
470493143,470582748,15,True,1
470494271,470582748,15,True,0
470494313,470582748,15,True,1
470495451,470582748,15,True,1
470499864,470582748,15,True,1
470499892,470582748,15,True,0
470500995,470582748,15,True,0
470502083,470582748,15,True,0
470503208,470582748,15,True,1
470505439,470582748,15,True,0
470505470,470582748,15,True,0
470506570,470582748,15,True,1
470508810,470582748,15,True,1
470511046,470582748,15,True,0
470511076,470582748,15,True,1
470514435,470582748,15,True,0
470523393,470582748,15,True,0
470525609,470582748,15,True,1
470525622,470582748,15,True,1
470527856,470582748,15,True,1
470528994,470582748,15,True,1
470530090,470582748,15,True,0
470530122,470582748,15,True,1
470533467,470582748,15,True,0
470534598,470582748,15,True,1
470536800,470582748,15,True,1
470537920,470582748,15,True,1
470539050,470582748,15,True,0
470544660,470582748,15,True,1
470545762,470582748,15,True,0
470556991,470582748,15,True,1
470558080,470582748,15,True,1
470558133,470582748,15,True,1
470559205,470582748,15,True,0
470573769,470582748,15,True,1
470576007,470582748,15,True,1
470577127,470582748,15,True,1
470579367,470582748,15,True,1
470592809,470582748,15,True,1
470600661,470582748,15,True,1
470605121,470582748,15,True,1
470617436,470582748,15,True,1
470630885,470582748,15,True,1
240074245,240247056,16,False,0
240075407,240247056,16,False,0
240078851,240247056,16,False,0
240082309,240247056,16,False,0
240092673,240247056,16,False,0
240093823,240247056,16,False,0
240094939,240247056,16,False,0
240096091,240247056,16,False,0
240097267,240247056,16,False,0
240098397,240247056,16,False,0
240100662,240247056,16,False,0
240101814,240247056,16,False,0
240101890,240247056,16,False,0
240104167,240247056,16,False,0
240105295,240247056,16,False,0
240106481,240247056,16,False,0
240107633,240247056,16,False,0
240108800,240247056,16,False,0
240109917,240247056,16,False,0
240109938,240247056,16,False,0
240109947,240247056,16,False,0
240109952,240247056,16,False,0
240114471,240247056,16,False,0
240114513,240247056,16,False,0
240115730,240247056,16,False,0
240119093,240247056,16,False,0
240120339,240247056,16,False,0
240122569,240247056,16,False,0
240122628,240247056,16,False,0
240124938,240247056,16,False,0
240127242,240247056,16,False,0
240129463,240247056,16,False,0
240134077,240247056,16,False,0
240134105,240247056,16,False,0
240134116,240247056,16,False,0
240137603,240247056,16,False,0
240138758,240247056,16,False,0
240144495,240247056,16,False,0
240150285,240247056,16,False,0
240150290,240247056,16,False,0
240160566,240247056,16,False,0
240164008,240247056,16,False,0
240166319,240247056,16,False,0
240166398,240247056,16,False,0
240170931,240247056,16,False,0
240171012,240247056,16,False,1
240173275,240247056,16,False,0
240181350,240247056,16,False,0
240182471,240247056,16,False,0
240183604,240247056,16,False,0
240185978,240247056,16,False,0
240186003,240247056,16,False,0
240187064,240247056,16,False,0
240187148,240247056,16,False,0
240192897,240247056,16,False,0
240197442,240247056,16,False,0
240197506,240247056,16,False,0
240198657,240247056,16,False,0
240199722,240247056,16,False,0
240199786,240247056,16,False,0
240199813,240247056,16,False,1
240200946,240247056,16,False,0
240204392,240247056,16,False,0
240206631,240247056,16,False,0
240206727,240247056,16,False,1
240209014,240247056,16,False,1
240212419,240247056,16,False,0
240219325,240247056,16,False,0
240227376,240247056,16,False,0
240232003,240247056,16,False,0
240232080,240247056,16,False,1
240248119,240247056,16,False,0
240258479,240247056,16,False,0
240264286,240247056,16,False,0
240267693,240247056,16,False,0
240267695,240247056,16,False,0
240274674,240247056,16,False,1
240280385,240247056,16,False,0
240282707,240247056,16,False,1
240286133,240247056,16,False,0
240289582,240247056,16,False,1
240299981,240247056,16,False,1
240303419,240247056,16,False,1
240304585,240247056,16,False,1
240305737,240247056,16,False,1
240305770,240247056,16,False,1
240306858,240247056,16,False,1
240306869,240247056,16,False,1
240313792,240247056,16,False,0
240354089,240247056,16,False,1
660057130,660224681,18,True,0
660060644,660224681,18,True,0
660060649,660224681,18,True,0
660062757,660224681,18,True,0
660063456,660224681,18,True,0
660063461,660224681,18,True,0
660065566,660224681,18,True,0
660067678,660224681,18,True,0
660069791,660224681,18,True,0
660074027,660224681,18,True,0
660076127,660224681,18,True,0
660080364,660224681,18,True,0
660081771,660224681,18,True,0
660083169,660224681,18,True,0
660083873,660224681,18,True,0
660084573,660224681,18,True,0
660084591,660224681,18,True,0
660085997,660224681,18,True,0
660086701,660224681,18,True,0
660087392,660224681,18,True,0
660087406,660224681,18,True,0
660088110,660224681,18,True,0
660088800,660224681,18,True,0
660089504,660224681,18,True,0
660091614,660224681,18,True,0
660093028,660224681,18,True,0
660093733,660224681,18,True,0
660094430,660224681,18,True,0
660094445,660224681,18,True,0
660095149,660224681,18,True,0
660095152,660224681,18,True,0
660102888,660224681,18,True,0
660106406,660224681,18,True,0
660107814,660224681,18,True,0
660109933,660224681,18,True,0
660111337,660224681,18,True,0
660113449,660224681,18,True,0
660118378,660224681,18,True,0
660119072,660224681,18,True,0
660126120,660224681,18,True,0
660126813,660224681,18,True,0
660128223,660224681,18,True,0
660128928,660224681,18,True,0
660129634,660224681,18,True,0
660129635,660224681,18,True,0
660130336,660224681,18,True,0
660131754,660224681,18,True,0
660133867,660224681,18,True,0
660134570,660224681,18,True,0
660135272,660224681,18,True,0
660136672,660224681,18,True,0
660140902,660224681,18,True,0
660143006,660224681,18,True,0
660143710,660224681,18,True,0
660144414,660224681,18,True,0
660144415,660224681,18,True,0
660144428,660224681,18,True,0
660144433,660224681,18,True,0
660145822,660224681,18,True,0
660146527,660224681,18,True,0
660147934,660224681,18,True,0
660147946,660224681,18,True,0
660149357,660224681,18,True,0
660153573,660224681,18,True,1
660154981,660224681,18,True,0
660154986,660224681,18,True,0
660156387,660224681,18,True,0
660159199,660224681,18,True,0
660159911,660224681,18,True,0
660160623,660224681,18,True,0
660161327,660224681,18,True,0
660162017,660224681,18,True,0
660162020,660224681,18,True,0
660163433,660224681,18,True,0
660167660,660224681,18,True,1
660168363,660224681,18,True,0
660170464,660224681,18,True,0
660171885,660224681,18,True,0
660174702,660224681,18,True,0
660176812,660224681,18,True,1
660177503,660224681,18,True,0
660179627,660224681,18,True,1
660180335,660224681,18,True,0
660185967,660224681,18,True,1
660186670,660224681,18,True,0
660189487,660224681,18,True,1
660193709,660224681,18,True,0
660195103,660224681,18,True,1
660202153,660224681,18,True,1
660206366,660224681,18,True,1
660218353,660224681,18,True,1
660219054,660224681,18,True,0
660017632,660108460,19,True,0
660018336,660108460,19,True,0
660020449,660108460,19,True,0
660021153,660108460,19,True,0
660021155,660108460,19,True,0
660021852,660108460,19,True,0
660021857,660108460,19,True,0
660021859,660108460,19,True,0
660022559,660108460,19,True,0
660023260,660108460,19,True,0
660023263,660108460,19,True,0
660023268,660108460,19,True,0
660023964,660108460,19,True,0
660024660,660108460,19,True,0
660024667,660108460,19,True,0
660024673,660108460,19,True,0
660024676,660108460,19,True,0
660026783,660108460,19,True,0
660028179,660108460,19,True,0
660028883,660108460,19,True,0
660028890,660108460,19,True,0
660028901,660108460,19,True,0
660030307,660108460,19,True,0
660031001,660108460,19,True,0
660031017,660108460,19,True,0
660031705,660108460,19,True,0
660032417,660108460,19,True,0
660034517,660108460,19,True,0
660034525,660108460,19,True,0
660034526,660108460,19,True,0
660035229,660108460,19,True,0
660035933,660108460,19,True,0
660035942,660108460,19,True,0
660035945,660108460,19,True,0
660036645,660108460,19,True,0
660037333,660108460,19,True,0
660038047,660108460,19,True,0
660038057,660108460,19,True,0
660038757,660108460,19,True,0
660039453,660108460,19,True,0
660039454,660108460,19,True,0
660039463,660108460,19,True,0
660040154,660108460,19,True,0
660040158,660108460,19,True,0
660040162,660108460,19,True,0
660040167,660108460,19,True,0
660040867,660108460,19,True,0
660042972,660108460,19,True,0
660042981,660108460,19,True,0
660043686,660108460,19,True,0
660044377,660108460,19,True,0
660044395,660108460,19,True,0
660045096,660108460,19,True,0
660045787,660108460,19,True,0
660045802,660108460,19,True,0
660046497,660108460,19,True,0
660047208,660108460,19,True,0
660048611,660108460,19,True,0
660048616,660108460,19,True,0
660049312,660108460,19,True,0
660049315,660108460,19,True,0
660049320,660108460,19,True,0
660052124,660108460,19,True,0
660054945,660108460,19,True,0
660054948,660108460,19,True,0
660059878,660108460,19,True,0
660061275,660108460,19,True,1
660063382,660108460,19,True,0
660063385,660108460,19,True,1
660065494,660108460,19,True,0
660065503,660108460,19,True,0
660065505,660108460,19,True,1
660066202,660108460,19,True,1
660069722,660108460,19,True,1
660069730,660108460,19,True,0
660069734,660108460,19,True,0
660071136,660108460,19,True,0
660072532,660108460,19,True,0
660072549,660108460,19,True,0
660073243,660108460,19,True,1
660077477,660108460,19,True,0
660079586,660108460,19,True,1
660083816,660108460,19,True,1
660085225,660108460,19,True,1
660086612,660108460,19,True,1
660086631,660108460,19,True,0
660091540,660108460,19,True,1
660093671,660108460,19,True,0
660095079,660108460,19,True,0
660100712,660108460,19,True,1
430085656,430368286,20,False,0
430086680,430368286,20,False,0
430088703,430368286,20,False,0
430094873,430368286,20,False,0
430095900,430368286,20,False,0
430096924,430368286,20,False,0
430097945,430368286,20,False,0
430103049,430368286,20,False,0
430111232,430368286,20,False,0
430112256,430368286,20,False,0
430112267,430368286,20,False,0
430113281,430368286,20,False,0
430113296,430368286,20,False,0
430114320,430368286,20,False,0
430115331,430368286,20,False,0
430116367,430368286,20,False,0
430117374,430368286,20,False,0
430117391,430368286,20,False,0
430119434,430368286,20,False,0
430121492,430368286,20,False,0
430128648,430368286,20,False,0
430129670,430368286,20,False,0
430129685,430368286,20,False,0
430140930,430368286,20,False,0
430236188,430368286,20,False,0
430247425,430368286,20,False,0
430248449,430368286,20,False,0
430250500,430368286,20,False,0
430251550,430368286,20,False,0
430255626,430368286,20,False,0
430256649,430368286,20,False,0
430263825,430368286,20,False,0
430268930,430368286,20,False,0
430268956,430368286,20,False,0
430269972,430368286,20,False,0
430272020,430368286,20,False,0
430275067,430368286,20,False,0
430276091,430368286,20,False,0
430277115,430368286,20,False,0
430281243,430368286,20,False,0
430286343,430368286,20,False,0
430287365,430368286,20,False,0
430292480,430368286,20,False,0
430298633,430368286,20,False,0
430298644,430368286,20,False,0
430302746,430368286,20,False,0
430306845,430368286,20,False,0
430309880,430368286,20,False,0
430309916,430368286,20,False,0
430325248,430368286,20,False,0
430332419,430368286,20,False,0
430335482,430368286,20,False,0
430335485,430368286,20,False,1
430339585,430368286,20,False,0
430350856,430368286,20,False,0
430353926,430368286,20,False,0
430360090,430368286,20,False,0
430361120,430368286,20,False,1
430367242,430368286,20,False,0
430377471,430368286,20,False,0
430377487,430368286,20,False,1
430388737,430368286,20,False,1
430389786,430368286,20,False,1
430390808,430368286,20,False,1
430391823,430368286,20,False,1
430391826,430368286,20,False,1
430395926,430368286,20,False,1
430396923,430368286,20,False,0
430406146,430368286,20,False,0
430407181,430368286,20,False,1
430407186,430368286,20,False,1
430409212,430368286,20,False,1
430420489,430368286,20,False,1
430424586,430368286,20,False,1
430432772,430368286,20,False,1
430456316,430368286,20,False,1
820108344,820315364,22,False,0
820109721,820315364,22,False,0
820111045,820315364,22,False,0
820111065,820315364,22,False,0
820115091,820315364,22,False,0
820115111,820315364,22,False,0
820116459,820315364,22,False,0
820117779,820315364,22,False,0
820117780,820315364,22,False,0
820117803,820315364,22,False,0
820119109,820315364,22,False,0
820120453,820315364,22,False,0
820120492,820315364,22,False,0
820121828,820315364,22,False,0
820124485,820315364,22,False,0
820125811,820315364,22,False,0
820125829,820315364,22,False,0
820127175,820315364,22,False,0
820127189,820315364,22,False,0
820128510,820315364,22,False,0
820128524,820315364,22,False,0
820128552,820315364,22,False,0
820129863,820315364,22,False,0
820129865,820315364,22,False,0
820129868,820315364,22,False,0
820129887,820315364,22,False,0
820131169,820315364,22,False,0
820131207,820315364,22,False,0
820131209,820315364,22,False,0
820131231,820315364,22,False,0
820132553,820315364,22,False,0
820132556,820315364,22,False,0
820133897,820315364,22,False,0
820135206,820315364,22,False,0
820135207,820315364,22,False,0
820135208,820315364,22,False,0
820136560,820315364,22,False,0
820136585,820315364,22,False,0
820136617,820315364,22,False,0
820137896,820315364,22,False,0
820139238,820315364,22,False,0
820139247,820315364,22,False,0
820139259,820315364,22,False,0
820139273,820315364,22,False,0
820140582,820315364,22,False,0
820140583,820315364,22,False,0
820140604,820315364,22,False,0
820141927,820315364,22,False,0
820141962,820315364,22,False,0
820143302,820315364,22,False,0
820144636,820315364,22,False,0
820144650,820315364,22,False,0
820144653,820315364,22,False,0
820145992,820315364,22,False,0
820145994,820315364,22,False,0
820147299,820315364,22,False,0
820147301,820315364,22,False,0
820148645,820315364,22,False,0
820148671,820315364,22,False,0
820148682,820315364,22,False,0
820149999,820315364,22,False,0
820152700,820315364,22,False,0
820156747,820315364,22,False,0
820158060,820315364,22,False,0
820159391,820315364,22,False,0
820159435,820315364,22,False,0
820166141,820315364,22,False,0
820178245,820315364,22,False,0
820180912,820315364,22,False,0
820186349,820315364,22,False,0
820187648,820315364,22,False,0
820190330,820315364,22,False,0
820190376,820315364,22,False,0
820197075,820315364,22,False,0
820198426,820315364,22,False,0
820199722,820315364,22,False,0
820199725,820315364,22,False,0
820199727,820315364,22,False,0
820202416,820315364,22,False,0
820203750,820315364,22,False,0
820207773,820315364,22,False,0
820209152,820315364,22,False,0
820213167,820315364,22,False,0
820215843,820315364,22,False,0
820217221,820315364,22,False,0
820217226,820315364,22,False,0
820218527,820315364,22,False,0
820226624,820315364,22,False,0
820226665,820315364,22,False,0
820227958,820315364,22,False,0
820229302,820315364,22,False,0
820229315,820315364,22,False,0
820230650,820315364,22,False,0
820230672,820315364,22,False,0
820233389,820315364,22,False,0
820236007,820315364,22,False,0
820237355,820315364,22,False,0
820237404,820315364,22,False,0
820237420,820315364,22,False,0
820238712,820315364,22,False,0
820241377,820315364,22,False,0
820242743,820315364,22,False,0
820242795,820315364,22,False,0
820244101,820315364,22,False,0
820244107,820315364,22,False,0
820245453,820315364,22,False,0
820248115,820315364,22,False,0
820249472,820315364,22,False,0
820250809,820315364,22,False,0
820252147,820315364,22,False,0
820258894,820315364,22,False,0
820258923,820315364,22,False,0
820264240,820315364,22,False,0
820274981,820315364,22,False,0
820275022,820315364,22,False,1
820279015,820315364,22,False,0
820281770,820315364,22,False,0
820284465,820315364,22,False,1
820288425,820315364,22,False,0
820288435,820315364,22,False,0
820291115,820315364,22,False,1
820291142,820315364,22,False,0
820297857,820315364,22,False,1
820301931,820315364,22,False,0
820303267,820315364,22,False,0
820304566,820315364,22,False,0
820308632,820315364,22,False,0
820309938,820315364,22,False,1
820313971,820315364,22,False,1
820317991,820315364,22,False,1
820319334,820315364,22,False,1
820320751,820315364,22,False,0
820322015,820315364,22,False,0
820324776,820315364,22,False,0
820326107,820315364,22,False,0
820330091,820315364,22,False,1
820338220,820315364,22,False,1
820339570,820315364,22,False,1
820343519,820315364,22,False,0
820366418,820315364,22,False,1
820381191,820315364,22,False,1
110444185,110748568,23,True,0
110449432,110748568,23,True,0
110651481,110748568,23,True,0
110671159,110748568,23,True,1
110049284,110777430,23,True,0
110051908,110777430,23,True,0
110053200,110777430,23,True,0
110054512,110777430,23,True,0
110055824,110777430,23,True,0
110057137,110777430,23,True,0
110058442,110777430,23,True,0
110058452,110777430,23,True,0
110058459,110777430,23,True,0
110058461,110777430,23,True,0
110061086,110777430,23,True,0
110061089,110777430,23,True,0
110062378,110777430,23,True,0
110062396,110777430,23,True,0
110062398,110777430,23,True,0
110063690,110777430,23,True,0
110063706,110777430,23,True,0
110063708,110777430,23,True,0
110064999,110777430,23,True,0
110065017,110777430,23,True,0
110066335,110777430,23,True,0
110066336,110777430,23,True,0
110067646,110777430,23,True,0
110067647,110777430,23,True,0
110067648,110777430,23,True,0
110067650,110777430,23,True,0
110068933,110777430,23,True,0
110068937,110777430,23,True,0
110068938,110777430,23,True,0
110068963,110777430,23,True,0
110068972,110777430,23,True,0
110070244,110777430,23,True,0
110070249,110777430,23,True,0
110070270,110777430,23,True,0
110071557,110777430,23,True,0
110071558,110777430,23,True,0
110072882,110777430,23,True,0
110074175,110777430,23,True,0
110074209,110777430,23,True,0
110074214,110777430,23,True,0
110075484,110777430,23,True,0
110075485,110777430,23,True,0
110075500,110777430,23,True,0
110076790,110777430,23,True,0
110076799,110777430,23,True,0
110076804,110777430,23,True,0
110078102,110777430,23,True,0
110078108,110777430,23,True,0
110078111,110777430,23,True,0
110078147,110777430,23,True,0
110078156,110777430,23,True,0
110079418,110777430,23,True,0
110079432,110777430,23,True,0
110079459,110777430,23,True,0
110080730,110777430,23,True,0
110080732,110777430,23,True,0
110080737,110777430,23,True,0
110080751,110777430,23,True,0
110080776,110777430,23,True,0
110080785,110777430,23,True,0
110082040,110777430,23,True,0
110082051,110777430,23,True,0
110082083,110777430,23,True,0
110082088,110777430,23,True,0
110083363,110777430,23,True,0
110084675,110777430,23,True,0
110085978,110777430,23,True,0
110085987,110777430,23,True,0
110087296,110777430,23,True,0
110088657,110777430,23,True,0
110089911,110777430,23,True,0
110092547,110777430,23,True,0
110095166,110777430,23,True,0
110096529,110777430,23,True,0
110097795,110777430,23,True,0
110100407,110777430,23,True,0
110101723,110777430,23,True,0
110101728,110777430,23,True,0
110108283,110777430,23,True,0
110110907,110777430,23,True,0
110113531,110777430,23,True,0
110362852,110777430,23,True,0
110400903,110777430,23,True,0
110416657,110777430,23,True,0
110427133,110777430,23,True,0
110433690,110777430,23,True,0
110437628,110777430,23,True,0
110454694,110777430,23,True,0
110461252,110777430,23,True,0
110470405,110777430,23,True,0
110479598,110777430,23,True,0
110484840,110777430,23,True,0
110486177,110777430,23,True,0
110487489,110777430,23,True,0
110495334,110777430,23,True,0
110495359,110777430,23,True,0
110499263,110777430,23,True,0
110499268,110777430,23,True,0
110507184,110777430,23,True,0
110511096,110777430,23,True,0
110517652,110777430,23,True,0
110529445,110777430,23,True,0
110534699,110777430,23,True,0
110538619,110777430,23,True,0
110541275,110777430,23,True,0
110545221,110777430,23,True,0
110555716,110777430,23,True,0
110564909,110777430,23,True,0
110568837,110777430,23,True,0
110580652,110777430,23,True,0
110592411,110777430,23,True,0
110601624,110777430,23,True,0
110606849,110777430,23,True,0
110609512,110777430,23,True,1
110631767,110777430,23,True,0
110637043,110777430,23,True,0
110639683,110777430,23,True,1
110642279,110777430,23,True,0
110642298,110777430,23,True,0
110644922,110777430,23,True,0
110655384,110777430,23,True,0
110661972,110777430,23,True,0
110676386,110777430,23,True,0
110696057,110777430,23,True,0
110705238,110777430,23,True,1
110714465,110777430,23,True,1
110719676,110777430,23,True,0
110728877,110777430,23,True,1
110736728,110777430,23,True,0
110739371,110777430,23,True,0
110739372,110777430,23,True,0
110742017,110777430,23,True,1
110744611,110777430,23,True,0
110748582,110777430,23,True,1
110757745,110777430,23,True,1
110762986,110777430,23,True,1
110776125,110777430,23,True,1
110781349,110777430,23,True,0
110793142,110777430,23,True,0
110799711,110777430,23,True,1
110807580,110777430,23,True,1
110850871,110777430,23,True,0
110895477,110777430,23,True,1
110951894,110777430,23,True,1
640437502,640430585,26,True,1
640059617,640447865,26,True,0
640063086,640447865,26,True,0
640066550,640447865,26,True,0
640066557,640447865,26,True,0
640067700,640447865,26,True,0
640067701,640447865,26,True,0
640068849,640447865,26,True,0
640069978,640447865,26,True,0
640070002,640447865,26,True,0
640070016,640447865,26,True,0
640072297,640447865,26,True,0
640075740,640447865,26,True,0
640075761,640447865,26,True,0
640076881,640447865,26,True,0
640076913,640447865,26,True,0
640076919,640447865,26,True,0
640079183,640447865,26,True,0
640079195,640447865,26,True,0
640080345,640447865,26,True,0
640081500,640447865,26,True,0
640082639,640447865,26,True,0
640088446,640447865,26,True,0
640095309,640447865,26,True,0
640095312,640447865,26,True,0
640249727,640447865,26,True,0
640286575,640447865,26,True,0
640287734,640447865,26,True,0
640292309,640447865,26,True,0
640310748,640447865,26,True,0
640311900,640447865,26,True,0
640321137,640447865,26,True,0
640328061,640447865,26,True,0
640328066,640447865,26,True,0
640331476,640447865,26,True,0
640331484,640447865,26,True,0
640331487,640447865,26,True,0
640332628,640447865,26,True,0
640334948,640447865,26,True,0
640338381,640447865,26,True,0
640343006,640447865,26,True,0
640351097,640447865,26,True,0
640354556,640447865,26,True,0
640371837,640447865,26,True,0
640375259,640447865,26,True,0
640379884,640447865,26,True,0
640384511,640447865,26,True,0
640385647,640447865,26,True,0
640390238,640447865,26,True,0
640400639,640447865,26,True,0
640405210,640447865,26,True,0
640412145,640447865,26,True,0
640413311,640447865,26,True,1
640413312,640447865,26,True,1
640415577,640447865,26,True,0
640421328,640447865,26,True,0
640421347,640447865,26,True,0
640422497,640447865,26,True,1
640425979,640447865,26,True,0
640429408,640447865,26,True,0
640430551,640447865,26,True,0
640430571,640447865,26,True,1
640431730,640447865,26,True,0
640435175,640447865,26,True,1
640436315,640447865,26,True,0
640437484,640447865,26,True,0
640447845,640447865,26,True,0
640450141,640447865,26,True,1
640451286,640447865,26,True,0
640452443,640447865,26,True,1
640460543,640447865,26,True,1
640469727,640447865,26,True,0
640476668,640447865,26,True,1
640485838,640447865,26,True,1
640497369,640447865,26,True,1
640498524,640447865,26,True,1
640537681,640447865,26,True,1
710275917,710779859,28,True,0
710621133,710779859,28,True,1
710232264,710930643,28,True,0
710234244,710930643,28,True,0
710236228,710930643,28,True,0
710262021,710930643,28,True,0
710271938,710930643,28,True,0
710319564,710930643,28,True,0
710321548,710930643,28,True,0
710343380,710930643,28,True,0
710400899,710930643,28,True,0
710400904,710930643,28,True,0
710422724,710930643,28,True,0
710480257,710930643,28,True,0
710525908,710930643,28,True,0
710527892,710930643,28,True,0
710559621,710930643,28,True,1
710595335,710930643,28,True,0
710595358,710930643,28,True,0
710603267,710930643,28,True,0
710611201,710930643,28,True,0
710640962,710930643,28,True,0
710650911,710930643,28,True,0
710654850,710930643,28,True,1
710672705,710930643,28,True,1
710698498,710930643,28,True,1
710720352,710930643,28,True,0
710827488,710930643,28,True,1
710244168,710938579,28,True,0
710246154,710938579,28,True,0
710291794,710938579,28,True,0
710293777,710938579,28,True,0
710307659,710938579,28,True,0
710317586,710938579,28,True,0
710319570,710938579,28,True,0
710319581,710938579,28,True,0
710319588,710938579,28,True,0
710323551,710938579,28,True,0
710329497,710938579,28,True,0
710335467,710938579,28,True,0
710337445,710938579,28,True,0
710339439,710938579,28,True,0
710339448,710938579,28,True,0
710341424,710938579,28,True,0
710347382,710938579,28,True,0
710351329,710938579,28,True,0
710353322,710938579,28,True,0
710355276,710938579,28,True,0
710359280,710938579,28,True,0
710365231,710938579,28,True,0
710369176,710938579,28,True,0
710371195,710938579,28,True,0
710377145,710938579,28,True,0
710379099,710938579,28,True,0
710381083,710938579,28,True,0
710400940,710938579,28,True,0
710402924,710938579,28,True,0
710474320,710938579,28,True,0
710480285,710938579,28,True,0
710500107,710938579,28,True,0
710502095,710938579,28,True,0
710521944,710938579,28,True,0
710523942,710938579,28,True,0
710541816,710938579,28,True,0
710543756,710938579,28,True,0
710551722,710938579,28,True,0
710565622,710938579,28,True,0
710581486,710938579,28,True,0
710583465,710938579,28,True,0
710609227,710938579,28,True,0
710617212,710938579,28,True,0
710627131,710938579,28,True,0
710635046,710938579,28,True,0
710670771,710938579,28,True,0
710680681,710938579,28,True,0
710682657,710938579,28,True,0
710682681,710938579,28,True,0
710698541,710938579,28,True,0
710730254,710938579,28,True,1
710742155,710938579,28,True,1
710744144,710938579,28,True,0
710773899,710938579,28,True,1
710777916,710938579,28,True,0
710799732,710938579,28,True,0
710823548,710938579,28,True,0
710829454,710938579,28,True,1
710837424,710938579,28,True,1
710855289,710938579,28,True,0
710889018,710938579,28,True,1
710892981,710938579,28,True,1
710894971,710938579,28,True,0
710896955,710938579,28,True,0
710908851,710938579,28,True,1
710954459,710938579,28,True,1
110014155,110494343,29,True,0
110014159,110494343,29,True,0
110015467,110494343,29,True,0
110015471,110494343,29,True,0
110015472,110494343,29,True,0
110016780,110494343,29,True,0
110019402,110494343,29,True,0
110020718,110494343,29,True,0
110020721,110494343,29,True,0
110020722,110494343,29,True,0
110022029,110494343,29,True,0
110024649,110494343,29,True,0
110025970,110494343,29,True,0
110027274,110494343,29,True,0
110029896,110494343,29,True,0
110031205,110494343,29,True,0
110031210,110494343,29,True,0
110031221,110494343,29,True,0
110032530,110494343,29,True,0
110032533,110494343,29,True,0
110032537,110494343,29,True,0
110033836,110494343,29,True,0
110035151,110494343,29,True,0
110036460,110494343,29,True,0
110036463,110494343,29,True,0
110037769,110494343,29,True,0
110037780,110494343,29,True,0
110039088,110494343,29,True,0
110040408,110494343,29,True,0
110041721,110494343,29,True,0
110043034,110494343,29,True,0
110045657,110494343,29,True,0
110050898,110494343,29,True,0
110050906,110494343,29,True,0
110245071,110494343,29,True,0
110260818,110494343,29,True,0
110273927,110494343,29,True,0
110289686,110494343,29,True,0
110292306,110494343,29,True,0
110297555,110494343,29,True,0
110298855,110494343,29,True,0
110298875,110494343,29,True,0
110300187,110494343,29,True,0
110310682,110494343,29,True,0
110323795,110494343,29,True,0
110327730,110494343,29,True,0
110342170,110494343,29,True,0
110343480,110494343,29,True,0
110346104,110494343,29,True,0
110347416,110494343,29,True,0
110350040,110494343,29,True,0
110356581,110494343,29,True,0
110372329,110494343,29,True,0
110373641,110494343,29,True,0
110373651,110494343,29,True,0
110374962,110494343,29,True,0
110381521,110494343,29,True,0
110382829,110494343,29,True,0
110384153,110494343,29,True,0
110386770,110494343,29,True,0
110388088,110494343,29,True,0
110389392,110494343,29,True,0
110392026,110494343,29,True,0
110407750,110494343,29,True,0
110409074,110494343,29,True,0
110409079,110494343,29,True,0
110414328,110494343,29,True,1
110427444,110494343,29,True,1
110451066,110494343,29,True,0
110457606,110494343,29,True,0
110457621,110494343,29,True,0
110458924,110494343,29,True,1
110458937,110494343,29,True,1
110461554,110494343,29,True,1
110464183,110494343,29,True,1
110466793,110494343,29,True,1
110015462,110496967,29,True,0
110018076,110496967,29,True,0
110020703,110496967,29,True,0
110020706,110496967,29,True,0
110022013,110496967,29,True,0
110023323,110496967,29,True,0
110023332,110496967,29,True,0
110025948,110496967,29,True,0
110025953,110496967,29,True,0
110025955,110496967,29,True,0
110027259,110496967,29,True,0
110027267,110496967,29,True,0
110028574,110496967,29,True,0
110028576,110496967,29,True,0
110029888,110496967,29,True,0
110031198,110496967,29,True,0
110031199,110496967,29,True,0
110032515,110496967,29,True,0
110033819,110496967,29,True,0
110035130,110496967,29,True,0
110035131,110496967,29,True,0
110037753,110496967,29,True,0
110037754,110496967,29,True,0
110037755,110496967,29,True,0
110039065,110496967,29,True,0
110040378,110496967,29,True,0
110040385,110496967,29,True,0
110041690,110496967,29,True,0
110043001,110496967,29,True,0
110296226,110496967,29,True,0
110301472,110496967,29,True,0
110302780,110496967,29,True,0
110302784,110496967,29,True,0
110311972,110496967,29,True,0
110313275,110496967,29,True,0
110327715,110496967,29,True,0
110338205,110496967,29,True,0
110346085,110496967,29,True,0
110359203,110496967,29,True,0
110371007,110496967,29,True,0
110407738,110496967,29,True,0
110414308,110496967,29,True,0
110423490,110496967,29,True,1
110433986,110496967,29,True,0
110437919,110496967,29,True,0
110448411,110496967,29,True,0
110468090,110496967,29,True,0
110479908,110496967,29,True,1
110495643,110496967,29,True,1
110498270,110496967,29,True,1
110561241,110496967,29,True,1
160004983,160118219,30,False,0
160007316,160118219,30,False,0
160007327,160118219,30,False,0
160008495,160118219,30,False,0
160010816,160118219,30,False,0
160010818,160118219,30,False,0
160010823,160118219,30,False,0
160010824,160118219,30,False,0
160010825,160118219,30,False,0
160011980,160118219,30,False,0
160011985,160118219,30,False,0
160011994,160118219,30,False,0
160011998,160118219,30,False,0
160013166,160118219,30,False,0
160014300,160118219,30,False,0
160014328,160118219,30,False,0
160015499,160118219,30,False,0
160016626,160118219,30,False,0
160016653,160118219,30,False,0
160016664,160118219,30,False,0
160016672,160118219,30,False,0
160017773,160118219,30,False,0
160017779,160118219,30,False,0
160017797,160118219,30,False,0
160017806,160118219,30,False,0
160017817,160118219,30,False,0
160017834,160118219,30,False,0
160017843,160118219,30,False,0
160018948,160118219,30,False,0
160018971,160118219,30,False,0
160018978,160118219,30,False,0
160018994,160118219,30,False,0
160019002,160118219,30,False,0
160020116,160118219,30,False,0
160020118,160118219,30,False,0
160020120,160118219,30,False,0
160020124,160118219,30,False,0
160020153,160118219,30,False,0
160020165,160118219,30,False,0
160020174,160118219,30,False,0
160020176,160118219,30,False,0
160021288,160118219,30,False,0
160021316,160118219,30,False,0
160021321,160118219,30,False,0
160021342,160118219,30,False,0
160022465,160118219,30,False,0
160022483,160118219,30,False,0
160022493,160118219,30,False,0
160022516,160118219,30,False,0
160023613,160118219,30,False,0
160023663,160118219,30,False,0
160023684,160118219,30,False,0
160024780,160118219,30,False,0
160024812,160118219,30,False,0
160024823,160118219,30,False,0
160024830,160118219,30,False,0
160025948,160118219,30,False,0
160025979,160118219,30,False,0
160025989,160118219,30,False,0
160025990,160118219,30,False,0
160025998,160118219,30,False,0
160026019,160118219,30,False,0
160027121,160118219,30,False,0
160027147,160118219,30,False,0
160027157,160118219,30,False,0
160027158,160118219,30,False,0
160028307,160118219,30,False,0
160028323,160118219,30,False,0
160029473,160118219,30,False,0
160029496,160118219,30,False,0
160030637,160118219,30,False,0
160030655,160118219,30,False,0
160030693,160118219,30,False,0
160031801,160118219,30,False,0
160031823,160118219,30,False,0
160031837,160118219,30,False,0
160032969,160118219,30,False,0
160034128,160118219,30,False,0
160034162,160118219,30,False,0
160034165,160118219,30,False,0
160034169,160118219,30,False,0
160034197,160118219,30,False,0
160035330,160118219,30,False,0
160036476,160118219,30,False,0
160037703,160118219,30,False,0
160040001,160118219,30,False,0
160041169,160118219,30,False,0
160047007,160118219,30,False,0
160047009,160118219,30,False,0
160049344,160118219,30,False,0
160049346,160118219,30,False,0
160050511,160118219,30,False,0
160054004,160118219,30,False,0
160056340,160118219,30,False,0
160058670,160118219,30,False,0
160059857,160118219,30,False,0
160061020,160118219,30,False,0
160063343,160118219,30,False,0
160063356,160118219,30,False,0
160066831,160118219,30,False,0
160068039,160118219,30,False,0
160069179,160118219,30,False,0
160069185,160118219,30,False,0
160069204,160118219,30,False,0
160070372,160118219,30,False,0
160071516,160118219,30,False,0
160071543,160118219,30,False,0
160076206,160118219,30,False,0
160077368,160118219,30,False,0
160079684,160118219,30,False,0
160080850,160118219,30,False,0
160080860,160118219,30,False,0
160082050,160118219,30,False,0
160083219,160118219,30,False,0
160085541,160118219,30,False,0
160085544,160118219,30,False,0
160085545,160118219,30,False,0
160086692,160118219,30,False,0
160086699,160118219,30,False,0
160086703,160118219,30,False,0
160086719,160118219,30,False,0
160086723,160118219,30,False,0
160087859,160118219,30,False,0
160087862,160118219,30,False,0
160089036,160118219,30,False,0
160090191,160118219,30,False,0
160090222,160118219,30,False,0
160090225,160118219,30,False,0
160092544,160118219,30,False,0
160092564,160118219,30,False,0
160093717,160118219,30,False,0
160093730,160118219,30,False,0
160093739,160118219,30,False,0
160094868,160118219,30,False,0
160094869,160118219,30,False,0
160094895,160118219,30,False,0
160094897,160118219,30,False,0
160096065,160118219,30,False,0
160097238,160118219,30,False,0
160098376,160118219,30,False,0
160098385,160118219,30,False,0
160099569,160118219,30,False,0
160100706,160118219,30,False,1
160101901,160118219,30,False,0
160103085,160118219,30,False,0
160104243,160118219,30,False,0
160104253,160118219,30,False,0
160105418,160118219,30,False,0
160106555,160118219,30,False,1
160107748,160118219,30,False,0
160110061,160118219,30,False,1
160111245,160118219,30,False,1
160114718,160118219,30,False,0
160114762,160118219,30,False,0
160114787,160118219,30,False,0
160115920,160118219,30,False,0
160115921,160118219,30,False,0
160115924,160118219,30,False,0
160117087,160118219,30,False,1
160117096,160118219,30,False,0
160119423,160118219,30,False,1
160120558,160118219,30,False,0
160120594,160118219,30,False,0
160121761,160118219,30,False,0
160121771,160118219,30,False,0
160121780,160118219,30,False,0
160124112,160118219,30,False,0
160125263,160118219,30,False,0
160126437,160118219,30,False,0
160127602,160118219,30,False,0
160127609,160118219,30,False,0
160127613,160118219,30,False,0
160127618,160118219,30,False,0
160131136,160118219,30,False,0
160132245,160118219,30,False,1
160133405,160118219,30,False,1
160133448,160118219,30,False,0
160136979,160118219,30,False,0
160138128,160118219,30,False,0
160141622,160118219,30,False,0
160142792,160118219,30,False,1
160145122,160118219,30,False,1
160148652,160118219,30,False,0
160154487,160118219,30,False,0
160156813,160118219,30,False,0
160160344,160118219,30,False,0
160161499,160118219,30,False,0
160162646,160118219,30,False,1
160162660,160118219,30,False,1
160164989,160118219,30,False,1
160168501,160118219,30,False,0
160172018,160118219,30,False,0
160174334,160118219,30,False,1
160176678,160118219,30,False,1
160182524,160118219,30,False,0
160183701,160118219,30,False,0
160190691,160118219,30,False,1
160194202,160118219,30,False,0
160196533,160118219,30,False,0
160202385,160118219,30,False,1
160211713,160118219,30,False,1
160225748,160118219,30,False,1
160247944,160118219,30,False,1
160250279,160118219,30,False,1
240006350,240278249,32,False,0
240007473,240278249,32,False,0
240007477,240278249,32,False,0
240009780,240278249,32,False,0
240010972,240278249,32,False,0
240012079,240278249,32,False,0
240012083,240278249,32,False,0
240012107,240278249,32,False,0
240013257,240278249,32,False,0
240013285,240278249,32,False,0
240013287,240278249,32,False,0
240013288,240278249,32,False,0
240014394,240278249,32,False,0
240014401,240278249,32,False,0
240014438,240278249,32,False,0
240015565,240278249,32,False,0
240015569,240278249,32,False,0
240015586,240278249,32,False,0
240016684,240278249,32,False,0
240016698,240278249,32,False,0
240016704,240278249,32,False,0
240016737,240278249,32,False,0
240017836,240278249,32,False,0
240017856,240278249,32,False,0
240017867,240278249,32,False,0
240017889,240278249,32,False,0
240020144,240278249,32,False,0
240020154,240278249,32,False,0
240021336,240278249,32,False,0
240123867,240278249,32,False,0
240130738,240278249,32,False,0
240138860,240278249,32,False,0
240145734,240278249,32,False,0
240146908,240278249,32,False,0
240150328,240278249,32,False,0
240152639,240278249,32,False,0
240152673,240278249,32,False,0
240161857,240278249,32,False,0
240172259,240278249,32,False,0
240174557,240278249,32,False,0
240175709,240278249,32,False,0
240179162,240278249,32,False,0
240180278,240278249,32,False,0
240182611,240278249,32,False,0
240182635,240278249,32,False,0
240183761,240278249,32,False,0
240190659,240278249,32,False,0
240190678,240278249,32,False,0
240191848,240278249,32,False,0
240194095,240278249,32,False,0
240194149,240278249,32,False,0
240203309,240278249,32,False,0
240204468,240278249,32,False,0
240207964,240278249,32,False,1
240214873,240278249,32,False,1
240221761,240278249,32,False,0
240227554,240278249,32,False,0
240228675,240278249,32,False,0
240229809,240278249,32,False,0
240234426,240278249,32,False,0
240235621,240278249,32,False,1
240235627,240278249,32,False,0
240248239,240278249,32,False,1
240254000,240278249,32,False,1
240255197,240278249,32,False,1
240256328,240278249,32,False,0
240269007,240278249,32,False,1
120188548,120641125,33,False,0
120193579,120641125,33,False,0
120200214,120641125,33,False,0
120201891,120641125,33,False,0
120201894,120641125,33,False,0
120203536,120641125,33,False,0
120203571,120641125,33,False,0
120205156,120641125,33,False,0
120205164,120641125,33,False,0
120206820,120641125,33,False,0
120206837,120641125,33,False,0
120208496,120641125,33,False,0
120208504,120641125,33,False,0
120208522,120641125,33,False,0
120210148,120641125,33,False,0
120211869,120641125,33,False,0
120213533,120641125,33,False,0
120213566,120641125,33,False,0
120215193,120641125,33,False,0
120218466,120641125,33,False,0
120218475,120641125,33,False,0
120218491,120641125,33,False,0
120218520,120641125,33,False,0
120220166,120641125,33,False,0
120221816,120641125,33,False,0
120221873,120641125,33,False,0
120223473,120641125,33,False,0
120223518,120641125,33,False,0
120223536,120641125,33,False,0
120223537,120641125,33,False,0
120225200,120641125,33,False,0
120226787,120641125,33,False,0
120226830,120641125,33,False,0
120228449,120641125,33,False,0
120228456,120641125,33,False,0
120228473,120641125,33,False,0
120228494,120641125,33,False,0
120230144,120641125,33,False,0
120230158,120641125,33,False,0
120233529,120641125,33,False,0
120236771,120641125,33,False,0
120238504,120641125,33,False,0
120240121,120641125,33,False,0
120240128,120641125,33,False,0
120240167,120641125,33,False,0
120240168,120641125,33,False,0
120245133,120641125,33,False,0
120245157,120641125,33,False,0
120246758,120641125,33,False,0
120250125,120641125,33,False,0
120255094,120641125,33,False,0
120256758,120641125,33,False,0
120256781,120641125,33,False,0
120261734,120641125,33,False,0
120343266,120641125,33,False,0
120369947,120641125,33,False,0
120374915,120641125,33,False,0
120378210,120641125,33,False,0
120379872,120641125,33,False,0
120381597,120641125,33,False,0
120384868,120641125,33,False,0
120384897,120641125,33,False,0
120386605,120641125,33,False,0
120386619,120641125,33,False,0
120393206,120641125,33,False,0
120394850,120641125,33,False,0
120394885,120641125,33,False,0
120399878,120641125,33,False,0
120401532,120641125,33,False,0
120418229,120641125,33,False,0
120421522,120641125,33,False,0
120423186,120641125,33,False,0
120424834,120641125,33,False,0
120424872,120641125,33,False,0
120426478,120641125,33,False,0
120426562,120641125,33,False,0
120428182,120641125,33,False,0
120428190,120641125,33,False,0
120434812,120641125,33,False,0
120443170,120641125,33,False,0
120444808,120641125,33,False,0
120444854,120641125,33,False,0
120448126,120641125,33,False,0
120448178,120641125,33,False,0
120449782,120641125,33,False,0
120464755,120641125,33,False,0
120464809,120641125,33,False,0
120469745,120641125,33,False,0
120473087,120641125,33,False,0
120478076,120641125,33,False,0
120478117,120641125,33,False,0
120479731,120641125,33,False,0
120483068,120641125,33,False,0
120494720,120641125,33,False,0
120494756,120641125,33,False,0
120496451,120641125,33,False,0
120498019,120641125,33,False,0
120501349,120641125,33,False,0
120501354,120641125,33,False,0
120516351,120641125,33,False,0
120516367,120641125,33,False,0
120526395,120641125,33,False,0
120534639,120641125,33,False,0
120544660,120641125,33,False,1
120544673,120641125,33,False,0
120548021,120641125,33,False,0
120564620,120641125,33,False,0
120574634,120641125,33,False,0
120576270,120641125,33,False,0
120577971,120641125,33,False,0
120577981,120641125,33,False,0
120587880,120641125,33,False,1
120591231,120641125,33,False,1
120591277,120641125,33,False,0
120594550,120641125,33,False,1
120606231,120641125,33,False,1
120609521,120641125,33,False,1
120609550,120641125,33,False,0
120611207,120641125,33,False,0
120614502,120641125,33,False,1
120616250,120641125,33,False,0
120634467,120641125,33,False,1
120634530,120641125,33,False,1
120642819,120641125,33,False,1
120656117,120641125,33,False,1
120664504,120641125,33,False,0
120667816,120641125,33,False,1
120691133,120641125,33,False,1
120722755,120641125,33,False,1
120739340,120641125,33,False,1
120740992,120641125,33,False,1
120787649,120641125,33,False,1
640139244,640449086,45,False,0
640142711,640449086,45,False,0
640142732,640449086,45,False,0
640143868,640449086,45,False,0
640153089,640449086,45,False,0
640153091,640449086,45,False,0
640154243,640449086,45,False,0
640156551,640449086,45,False,0
640164619,640449086,45,False,0
640165738,640449086,45,False,0
640165741,640449086,45,False,0
640166918,640449086,45,False,0
640172658,640449086,45,False,0
640172660,640449086,45,False,0
640178409,640449086,45,False,0
640187600,640449086,45,False,0
640187613,640449086,45,False,0
640188774,640449086,45,False,0
640189904,640449086,45,False,0
640191106,640449086,45,False,0
640194519,640449086,45,False,0
640201432,640449086,45,False,0
640201451,640449086,45,False,0
640201454,640449086,45,False,0
640206066,640449086,45,False,0
640207181,640449086,45,False,0
640212926,640449086,45,False,0
640212974,640449086,45,False,0
640215249,640449086,45,False,0
640215297,640449086,45,False,0
640217542,640449086,45,False,0
640217550,640449086,45,False,0
640218702,640449086,45,False,0
640223299,640449086,45,False,0
640226764,640449086,45,False,0
640232566,640449086,45,False,0
640238335,640449086,45,False,0
640240633,640449086,45,False,0
640248660,640449086,45,False,0
640256765,640449086,45,False,0
640257853,640449086,45,False,0
640259085,640449086,45,False,0
640264845,640449086,45,False,1
640267112,640449086,45,False,0
640268262,640449086,45,False,0
640272881,640449086,45,False,0
640278665,640449086,45,False,1
640284355,640449086,45,False,0
640286667,640449086,45,False,0
640286708,640449086,45,False,1
640291332,640449086,45,False,1
640301637,640449086,45,False,0
640310860,640449086,45,False,0
640318930,640449086,45,False,0
640321232,640449086,45,False,0
640328131,640449086,45,False,0
640332767,640449086,45,False,0
640356923,640449086,45,False,0
640358078,640449086,45,False,0
640359256,640449086,45,False,1
640359269,640449086,45,False,1
640362710,640449086,45,False,0
640363840,640449086,45,False,0
640373099,640449086,45,False,0
640375365,640449086,45,False,1
640388057,640449086,45,False,1
640431818,640449086,45,False,1
640434143,640449086,45,False,1
420016600,420812251,46,True,0
420017624,420812251,46,True,0
420017625,420812251,46,True,0
420017629,420812251,46,True,0
420017638,420812251,46,True,0
420018638,420812251,46,True,0
420018653,420812251,46,True,0
420020696,420812251,46,True,0
420021712,420812251,46,True,0
420021720,420812251,46,True,0
420021727,420812251,46,True,0
420022741,420812251,46,True,0
420022751,420812251,46,True,0
420022758,420812251,46,True,0
420023760,420812251,46,True,0
420023762,420812251,46,True,0
420023763,420812251,46,True,0
420023777,420812251,46,True,0
420023784,420812251,46,True,0
420024782,420812251,46,True,0
420024801,420812251,46,True,0
420024809,420812251,46,True,0
420025821,420812251,46,True,0
420025833,420812251,46,True,0
420026845,420812251,46,True,0
420026854,420812251,46,True,0
420027878,420812251,46,True,0
420028904,420812251,46,True,0
420028905,420812251,46,True,0
420029927,420812251,46,True,0
420030952,420812251,46,True,0
420031949,420812251,46,True,0
420032996,420812251,46,True,0
420035047,420812251,46,True,0
420036071,420812251,46,True,0
420036074,420812251,46,True,0
420039147,420812251,46,True,0
420040171,420812251,46,True,0
420043239,420812251,46,True,0
420044263,420812251,46,True,0
420047335,420812251,46,True,0
420414930,420812251,46,True,0
420419029,420812251,46,True,0
420422120,420812251,46,True,0
420423144,420812251,46,True,0
420445674,420812251,46,True,0
420449762,420812251,46,True,0
420451800,420812251,46,True,0
420458985,420812251,46,True,0
420483540,420812251,46,True,0
420500949,420812251,46,True,0
420500965,420812251,46,True,0
420504018,420812251,46,True,0
420505060,420812251,46,True,0
420508138,420812251,46,True,0
420521448,420812251,46,True,0
420524508,420812251,46,True,0
420532707,420812251,46,True,0
420533734,420812251,46,True,0
420534755,420812251,46,True,0
420536807,420812251,46,True,0
420538855,420812251,46,True,0
420543950,420812251,46,True,0
420546024,420812251,46,True,0
420554188,420812251,46,True,0
420559325,420812251,46,True,0
420561376,420812251,46,True,0
420570600,420812251,46,True,0
420578791,420812251,46,True,0
420584928,420812251,46,True,0
420598223,420812251,46,True,0
420599271,420812251,46,True,0
420605414,420812251,46,True,0
420607462,420812251,46,True,0
420609498,420812251,46,True,0
420631013,420812251,46,True,0
420662760,420812251,46,True,1
420675024,420812251,46,True,0
420676043,420812251,46,True,0
420692428,420812251,46,True,0
420695502,420812251,46,True,0
420697560,420812251,46,True,1
420701651,420812251,46,True,0
420708816,420812251,46,True,0
420710871,420812251,46,True,1
420713933,420812251,46,True,0
420713935,420812251,46,True,0
420717010,420812251,46,True,0
420717013,420812251,46,True,1
420732367,420812251,46,True,0
420743631,420812251,46,True,0
420760019,420812251,46,True,1
420773335,420812251,46,True,0
420793806,420812251,46,True,1
420806092,420812251,46,True,1
420847063,420812251,46,True,1
740002097,740460455,47,False,0
740003441,740460455,47,False,0
740007470,740460455,47,False,0
740008826,740460455,47,False,0
740008841,740460455,47,False,0
740010156,740460455,47,False,0
740010178,740460455,47,False,0
740010202,740460455,47,False,0
740011501,740460455,47,False,0
740011522,740460455,47,False,0
740011540,740460455,47,False,0
740011545,740460455,47,False,0
740011546,740460455,47,False,0
740012852,740460455,47,False,0
740014225,740460455,47,False,0
740014230,740460455,47,False,0
740014232,740460455,47,False,0
740015546,740460455,47,False,0
740015550,740460455,47,False,0
740015556,740460455,47,False,0
740015570,740460455,47,False,0
740016890,740460455,47,False,0
740016900,740460455,47,False,0
740016904,740460455,47,False,0
740016934,740460455,47,False,0
740019589,740460455,47,False,0
740022305,740460455,47,False,0
740023620,740460455,47,False,0
740023635,740460455,47,False,0
740023646,740460455,47,False,0
740026340,740460455,47,False,0
740027684,740460455,47,False,0
740217149,740460455,47,False,0
740225210,740460455,47,False,0
740226589,740460455,47,False,0
740264229,740460455,47,False,0
740266857,740460455,47,False,0
740270926,740460455,47,False,0
740291053,740460455,47,False,0
740292401,740460455,47,False,0
740292436,740460455,47,False,0
740303168,740460455,47,False,1
740305854,740460455,47,False,0
740309903,740460455,47,False,0
740319278,740460455,47,False,0
740325992,740460455,47,False,0
740330028,740460455,47,False,0
740336774,740460455,47,False,0
740347557,740460455,47,False,0
740351588,740460455,47,False,0
740358256,740460455,47,False,0
740362344,740460455,47,False,0
740375762,740460455,47,False,1
740379767,740460455,47,False,1
740381137,740460455,47,False,1
740381152,740460455,47,False,0
740389171,740460455,47,False,0
740391855,740460455,47,False,0
740406665,740460455,47,False,1
740409382,740460455,47,False,0
740434860,740460455,47,False,1
740444314,740460455,47,False,1
740448302,740460455,47,False,1
740455071,740460455,47,False,1
470219101,470332203,49,True,0
470065681,470332203,49,True,0
470067930,470332203,49,True,0
470069044,470332203,49,True,0
470072397,470332203,49,True,0
470080236,470332203,49,True,0
470081356,470332203,49,True,0
470082489,470332203,49,True,0
470170972,470332203,49,True,0
470177683,470332203,49,True,0
470183280,470332203,49,True,0
470213526,470332203,49,True,0
470230318,470332203,49,True,1
470259439,470332203,49,True,0
470293043,470332203,49,True,0
470296410,470332203,49,True,1
470302004,470332203,49,True,1
470304250,470332203,49,True,1
470310964,470332203,49,True,0
470042135,470332203,49,True,0
470044385,470332203,49,True,0
470049984,470332203,49,True,0
470049987,470332203,49,True,0
470051107,470332203,49,True,0
470052227,470332203,49,True,0
470053349,470332203,49,True,0
470055597,470332203,49,True,0
470056687,470332203,49,True,0
470058946,470332203,49,True,0
470060080,470332203,49,True,0
470061191,470332203,49,True,0
470062307,470332203,49,True,0
470062308,470332203,49,True,0
470063426,470332203,49,True,0
470065650,470332203,49,True,0
470065660,470332203,49,True,0
470066782,470332203,49,True,0
470067890,470332203,49,True,0
470067902,470332203,49,True,0
470070151,470332203,49,True,0
470075752,470332203,49,True,0
470079112,470332203,49,True,0
470088043,470332203,49,True,0
470091406,470332203,49,True,0
470157510,470332203,49,True,0
470164227,470332203,49,True,0
470166470,470332203,49,True,0
470174296,470332203,49,True,0
470174300,470332203,49,True,0
470176546,470332203,49,True,0
470178769,470332203,49,True,0
470179898,470332203,49,True,0
470181024,470332203,49,True,0
470181029,470332203,49,True,0
470183253,470332203,49,True,0
470184389,470332203,49,True,0
470185505,470332203,49,True,0
470191099,470332203,49,True,0
470192212,470332203,49,True,0
470193351,470332203,49,True,0
470196715,470332203,49,True,0
470201186,470332203,49,True,0
470202309,470332203,49,True,0
470213507,470332203,49,True,0
470213515,470332203,49,True,0
470214610,470332203,49,True,0
470214636,470332203,49,True,0
470215727,470332203,49,True,0
470219113,470332203,49,True,0
470220203,470332203,49,True,0
470222468,470332203,49,True,0
470223602,470332203,49,True,0
470225825,470332203,49,True,0
470225829,470332203,49,True,0
470233670,470332203,49,True,0
470235907,470332203,49,True,0
470235909,470332203,49,True,0
470237027,470332203,49,True,0
470238149,470332203,49,True,0
470247104,470332203,49,True,0
470248227,470332203,49,True,0
470249329,470332203,49,True,0
470251586,470332203,49,True,0
470254938,470332203,49,True,0
470256067,470332203,49,True,0
470258306,470332203,49,True,0
470259419,470332203,49,True,0
470262787,470332203,49,True,0
470263896,470332203,49,True,0
470266129,470332203,49,True,0
470266147,470332203,49,True,1
470267256,470332203,49,True,0
470267277,470332203,49,True,0
470267279,470332203,49,True,0
470268381,470332203,49,True,0
470269508,470332203,49,True,0
470271730,470332203,49,True,0
470271751,470332203,49,True,0
470272864,470332203,49,True,1
470276233,470332203,49,True,1
470277342,470332203,49,True,0
470280711,470332203,49,True,0
470288539,470332203,49,True,1
470289660,470332203,49,True,0
470293009,470332203,49,True,0
470297495,470332203,49,True,1
470298617,470332203,49,True,1
470299753,470332203,49,True,1
470306451,470332203,49,True,1
470306459,470332203,49,True,0
470309811,470332203,49,True,1
470310925,470332203,49,True,0
470310930,470332203,49,True,1
470317656,470332203,49,True,1
470318769,470332203,49,True,0
470324362,470332203,49,True,1
470329966,470332203,49,True,1
280114845,280317616,52,True,0
280129824,280317616,52,True,0
280133276,280317616,52,True,0
280135583,280317616,52,True,0
280135589,280317616,52,True,0
280137886,280317616,52,True,0
280144798,280317616,52,True,0
280147105,280317616,52,True,0
280155170,280317616,52,True,0
280158626,280317616,52,True,0
280173605,280317616,52,True,0
280200096,280317616,52,True,0
280215071,280317616,52,True,0
280223133,280317616,52,True,0
280224288,280317616,52,True,0
280231197,280317616,52,True,1
280234660,280317616,52,True,0
280242716,280317616,52,True,0
280257697,280317616,52,True,0
280132136,280326833,52,True,0
280135600,280326833,52,True,0
280136752,280326833,52,True,0
280145964,280326833,52,True,0
280157499,280326833,52,True,0
280164417,280326833,52,True,0
280165545,280326833,52,True,0
280179375,280326833,52,True,0
280182845,280326833,52,True,0
280220857,280326833,52,True,0
280228927,280326833,52,True,0
280238132,280326833,52,True,0
280247360,280326833,52,True,0
280263477,280326833,52,True,0
280271530,280326833,52,True,0
280281904,280326833,52,True,0
280281917,280326833,52,True,0
280285371,280326833,52,True,0
280287663,280326833,52,True,0
280288817,280326833,52,True,1
280291135,280326833,52,True,0
280293433,280326833,52,True,0
280300352,280326833,52,True,0
280303805,280326833,52,True,0
280304954,280326833,52,True,0
280318779,280326833,52,True,0
280319935,280326833,52,True,0
280341803,280326833,52,True,0
280355648,280326833,52,True,0
280356775,280326833,52,True,1
280357951,280326833,52,True,0
280367157,280326833,52,True,1
280367163,280326833,52,True,1
280384438,280326833,52,True,0
280397117,280326833,52,True,1
360032696,360038095,55,True,0
360033945,360038095,55,True,0
360011274,360042255,55,True,0
360011483,360042255,55,True,0
360033530,360042255,55,True,0
360033946,360042255,55,True,0
360039353,360042255,55,True,1
360039978,360042255,55,True,0
360039979,360042255,55,True,1
360041434,360042255,55,True,1
360041850,360042255,55,True,1
360042057,360042255,55,True,1
360042890,360042255,55,True,1
360043306,360042255,55,True,0
360044762,360042255,55,True,0
360002305,360048079,55,True,0
360002510,360048079,55,True,0
360002513,360048079,55,True,0
360003552,360048079,55,True,0
360003760,360048079,55,True,0
360003762,360048079,55,True,0
360003766,360048079,55,True,0
360003966,360048079,55,True,0
360003968,360048079,55,True,0
360003973,360048079,55,True,0
360004174,360048079,55,True,0
360004384,360048079,55,True,0
360004390,360048079,55,True,0
360004592,360048079,55,True,0
360004593,360048079,55,True,0
360004596,360048079,55,True,0
360005016,360048079,55,True,0
360005220,360048079,55,True,0
360005225,360048079,55,True,0
360005433,360048079,55,True,0
360005634,360048079,55,True,0
360005842,360048079,55,True,0
360005848,360048079,55,True,0
360006050,360048079,55,True,0
360006053,360048079,55,True,0
360006252,360048079,55,True,0
360006887,360048079,55,True,0
360007084,360048079,55,True,0
360007524,360048079,55,True,0
360008559,360048079,55,True,0
360008766,360048079,55,True,0
360008775,360048079,55,True,0
360008982,360048079,55,True,0
360008984,360048079,55,True,0
360009387,360048079,55,True,0
360009606,360048079,55,True,0
360009998,360048079,55,True,0
360010022,360048079,55,True,0
360012078,360048079,55,True,0
360014998,360048079,55,True,0
360015618,360048079,55,True,0
360018108,360048079,55,True,0
360018948,360048079,55,True,0
360019775,360048079,55,True,1
360020611,360048079,55,True,0
360020613,360048079,55,True,0
360020819,360048079,55,True,0
360021861,360048079,55,True,0
360022489,360048079,55,True,0
360023331,360048079,55,True,0
360023332,360048079,55,True,0
360023731,360048079,55,True,0
360023939,360048079,55,True,0
360024359,360048079,55,True,0
360024374,360048079,55,True,0
360024775,360048079,55,True,0
360025395,360048079,55,True,1
360025830,360048079,55,True,0
360026230,360048079,55,True,1
360026661,360048079,55,True,0
360027058,360048079,55,True,1
360027276,360048079,55,True,1
360028117,360048079,55,True,0
360029137,360048079,55,True,1
360029368,360048079,55,True,0
360030395,360048079,55,True,0
360030598,360048079,55,True,1
360030609,360048079,55,True,0
360032475,360048079,55,True,0
360032693,360048079,55,True,0
360032884,360048079,55,True,1
360035183,360048079,55,True,1
360035191,360048079,55,True,0
360035391,360048079,55,True,0
360035396,360048079,55,True,0
360038723,360048079,55,True,1
360039338,360048079,55,True,1
360040801,360048079,55,True,1
360041007,360048079,55,True,1
360041629,360048079,55,True,1
360042258,360048079,55,True,0
360042264,360048079,55,True,1
360043090,360048079,55,True,0
290079901,290210614,56,True,0
290081277,290210614,56,True,0
290136326,290210614,56,True,0
290151462,290210614,56,True,0
290172099,290210614,56,True,0
290198245,290210614,56,True,0
290279426,290210614,56,True,1
290104651,290225745,56,True,0
290111530,290225745,56,True,0
290148683,290225745,56,True,0
290089532,290249140,56,True,0
290089534,290249140,56,True,0
290095036,290249140,56,True,0
290097771,290249140,56,True,0
290099148,290249140,56,True,0
290099164,290249140,56,True,0
290100523,290249140,56,True,0
290101899,290249140,56,True,0
290104660,290249140,56,True,0
290106026,290249140,56,True,0
290108777,290249140,56,True,0
290108794,290249140,56,True,0
290118421,290249140,56,True,0
290119795,290249140,56,True,0
290125305,290249140,56,True,0
290128049,290249140,56,True,0
290156956,290249140,56,True,0
290159690,290249140,56,True,0
290161086,290249140,56,True,0
290183086,290249140,56,True,0
290188591,290249140,56,True,0
290206481,290249140,56,True,0
290217486,290249140,56,True,1
290085405,290256020,56,True,0
290099166,290256020,56,True,0
290110167,290256020,56,True,0
290117034,290256020,56,True,0
290125281,290256020,56,True,0
290130786,290256020,56,True,0
290141792,290256020,56,True,0
290141814,290256020,56,True,0
290141818,290256020,56,True,0
290141819,290256020,56,True,0
290143179,290256020,56,True,0
290144555,290256020,56,True,0
290151455,290256020,56,True,0
290162458,290256020,56,True,0
290163812,290256020,56,True,0
290166570,290256020,56,True,0
290170711,290256020,56,True,0
290172095,290256020,56,True,0
290174818,290256020,56,True,0
290176191,290256020,56,True,0
290176194,290256020,56,True,0
290188597,290256020,56,True,1
290189960,290256020,56,True,0
290205096,290256020,56,True,0
290211972,290256020,56,True,0
290231231,290256020,56,True,0
290231238,290256020,56,True,0
290236737,290256020,56,True,1
290236743,290256020,56,True,0
290242245,290256020,56,True,1
290255998,290256020,56,True,1
290512312,291182421,62,True,0
290517806,291182421,62,True,0
290519182,291182421,62,True,0
290706320,291182421,62,True,0
290707702,291182421,62,True,0
290781999,291182421,62,True,0
290951246,291182421,62,True,0
290984269,291182421,62,True,0
291000787,291182421,62,True,0
291157649,291182421,62,True,1
291267724,291182421,62,True,1
291251214,291198933,62,True,1
290461391,291201685,62,True,0
290487559,291201685,62,True,0
290506815,291201685,62,True,0
290517835,291201685,62,True,0
290532944,291201685,62,True,0
290535710,291201685,62,True,0
290537086,291201685,62,True,0
290539838,291201685,62,True,0
290543954,291201685,62,True,0
290545330,291201685,62,True,0
290545335,291201685,62,True,0
290546706,291201685,62,True,0
290548089,291201685,62,True,0
290559118,291201685,62,True,0
290567353,291201685,62,True,0
290748989,291201685,62,True,0
290870065,291201685,62,True,0
290981531,291201685,62,True,0
291009046,291201685,62,True,1
291044819,291201685,62,True,0
291058597,291201685,62,True,1
291081977,291201685,62,True,1
291088846,291201685,62,True,0
291106758,291201685,62,True,1
291120512,291201685,62,True,0
291153537,291201685,62,True,0
291156273,291201685,62,True,0
291161798,291201685,62,True,1
291238862,291201685,62,True,1
470240039,470543563,67,True,0
470240048,470543563,67,True,0
470250121,470543563,67,True,0
470263569,470543563,67,True,0
470272524,470543563,67,True,0
470347566,470543563,67,True,0
470387896,470543563,67,True,0
470420366,470543563,67,True,0
470442773,470543563,67,True,1
470460691,470543563,67,True,1
470467413,470543563,67,True,0
470532363,470543563,67,True,1
470247908,470554763,67,True,0
470250141,470554763,67,True,0
470252388,470554763,67,True,0
470255740,470554763,67,True,0
470255747,470554763,67,True,0
470256856,470554763,67,True,0
470257976,470554763,67,True,0
470257989,470554763,67,True,0
470262457,470554763,67,True,0
470263572,470554763,67,True,0
470263582,470554763,67,True,0
470264711,470554763,67,True,0
470265817,470554763,67,True,0
470270294,470554763,67,True,0
470272546,470554763,67,True,0
470281493,470554763,67,True,0
470297188,470554763,67,True,0
470309512,470554763,67,True,0
470316217,470554763,67,True,0
470316219,470554763,67,True,0
470318454,470554763,67,True,0
470321810,470554763,67,True,0
470334152,470554763,67,True,0
470340871,470554763,67,True,0
470344221,470554763,67,True,0
470345348,470554763,67,True,0
470375588,470554763,67,True,0
470376707,470554763,67,True,0
470377822,470554763,67,True,0
470380049,470554763,67,True,0
470405815,470554763,67,True,0
470408065,470554763,67,True,0
470409182,470554763,67,True,0
470412547,470554763,67,True,0
470413666,470554763,67,True,0
470425986,470554763,67,True,0
470430465,470554763,67,True,1
470451750,470554763,67,True,0
470476391,470554763,67,True,1
470512213,470554763,67,True,1
470219864,470573803,67,True,0
470229940,470573803,67,True,0
470231060,470573803,67,True,0
470246768,470573803,67,True,0
470252352,470573803,67,True,0
470254582,470573803,67,True,0
470256826,470573803,67,True,0
470263551,470573803,67,True,0
470264667,470573803,67,True,0
470269147,470573803,67,True,0
470270267,470573803,67,True,0
470282584,470573803,67,True,0
470365481,470573803,67,True,0
470382264,470573803,67,True,0
470383390,470573803,67,True,0
470383406,470573803,67,True,0
470420348,470573803,67,True,0
470422603,470573803,67,True,0
470424836,470573803,67,True,0
470477479,470573803,67,True,1
470486427,470573803,67,True,0
470502120,470573803,67,True,0
470507703,470573803,67,True,1
470520021,470573803,67,True,1
470523385,470573803,67,True,1
470535710,470573803,67,True,1
160036021,160177351,71,False,0
160037187,160177351,71,False,0
160038355,160177351,71,False,0
160039523,160177351,71,False,0
160043029,160177351,71,False,0
160043030,160177351,71,False,0
160044192,160177351,71,False,0
160044196,160177351,71,False,0
160046531,160177351,71,False,0
160046532,160177351,71,False,0
160046533,160177351,71,False,0
160046535,160177351,71,False,0
160047703,160177351,71,False,0
160050041,160177351,71,False,0
160051205,160177351,71,False,0
160052371,160177351,71,False,0
160053533,160177351,71,False,0
160054721,160177351,71,False,0
160055871,160177351,71,False,0
160055881,160177351,71,False,0
160055884,160177351,71,False,0
160057047,160177351,71,False,0
160057048,160177351,71,False,0
160057057,160177351,71,False,0
160059392,160177351,71,False,0
160060539,160177351,71,False,0
160060548,160177351,71,False,0
160060560,160177351,71,False,0
160060561,160177351,71,False,0
160061712,160177351,71,False,0
160061729,160177351,71,False,0
160064043,160177351,71,False,0
160064064,160177351,71,False,0
160064066,160177351,71,False,0
160065229,160177351,71,False,0
160066393,160177351,71,False,0
160067570,160177351,71,False,0
160068732,160177351,71,False,0
160068737,160177351,71,False,0
160068738,160177351,71,False,0
160068740,160177351,71,False,0
160069900,160177351,71,False,0
160071058,160177351,71,False,0
160071064,160177351,71,False,0
160071074,160177351,71,False,0
160074578,160177351,71,False,0
160075738,160177351,71,False,0
160076894,160177351,71,False,0
160076914,160177351,71,False,0
160078083,160177351,71,False,0
160079230,160177351,71,False,0
160079251,160177351,71,False,0
160080402,160177351,71,False,0
160080419,160177351,71,False,0
160101422,160177351,71,False,0
160101431,160177351,71,False,0
160102590,160177351,71,False,0
160104946,160177351,71,False,0
160106096,160177351,71,False,0
160106099,160177351,71,False,0
160110773,160177351,71,False,0
160111933,160177351,71,False,0
160113107,160177351,71,False,0
160113111,160177351,71,False,0
160114276,160177351,71,False,0
160115447,160177351,71,False,0
160118949,160177351,71,False,0
160120111,160177351,71,False,0
160121284,160177351,71,False,0
160122451,160177351,71,False,0
160122463,160177351,71,False,0
160125958,160177351,71,False,0
160127122,160177351,71,False,0
160128295,160177351,71,False,0
160130631,160177351,71,False,0
160131789,160177351,71,False,0
160131792,160177351,71,False,0
160131795,160177351,71,False,0
160132966,160177351,71,False,0
160134148,160177351,71,False,0
160136476,160177351,71,False,0
160138809,160177351,71,False,0
160139967,160177351,71,False,0
160141140,160177351,71,False,0
160142306,160177351,71,False,0
160142307,160177351,71,False,0
160142317,160177351,71,False,0
160144644,160177351,71,False,0
160144654,160177351,71,False,0
160148148,160177351,71,False,0
160149314,160177351,71,False,0
160149328,160177351,71,False,0
160149329,160177351,71,False,0
160150476,160177351,71,False,0
160153986,160177351,71,False,0
160164511,160177351,71,False,1
160167996,160177351,71,False,0
160172667,160177351,71,False,1
160172672,160177351,71,False,1
160186698,160177351,71,False,0
160190213,160177351,71,False,0
160193713,160177351,71,False,1
160203050,160177351,71,False,0
160203057,160177351,71,False,1
320053968,320305108,73,False,0
320070086,320305108,73,False,0
320074695,320305108,73,False,0
320080455,320305108,73,False,0
320081607,320305108,73,False,0
320083908,320305108,73,False,0
320102332,320305108,73,False,0
320109218,320305108,73,False,0
320112699,320305108,73,False,0
320113835,320305108,73,False,0
320118441,320305108,73,False,0
320118442,320305108,73,False,0
320119616,320305108,73,False,0
320120745,320305108,73,False,0
320121895,320305108,73,False,0
320123047,320305108,73,False,0
320123049,320305108,73,False,0
320124195,320305108,73,False,0
320124199,320305108,73,False,0
320127674,320305108,73,False,0
320128818,320305108,73,False,0
320129964,320305108,73,False,0
320133416,320305108,73,False,0
320133423,320305108,73,False,0
320135725,320305108,73,False,0
320135733,320305108,73,False,0
320138037,320305108,73,False,0
320139189,320305108,73,False,0
320141476,320305108,73,False,0
320143780,320305108,73,False,0
320143801,320305108,73,False,0
320144933,320305108,73,False,0
320159923,320305108,73,False,0
320201412,320305108,73,False,0
320230222,320305108,73,False,0
320235979,320305108,73,False,0
320239441,320305108,73,False,0
320265905,320305108,73,False,0
320267049,320305108,73,False,0
320273960,320305108,73,False,0
320280877,320305108,73,False,0
320284347,320305108,73,False,0
320288947,320305108,73,False,0
320300461,320305108,73,False,0
320306238,320305108,73,False,0
320318902,320305108,73,False,0
320324649,320305108,73,False,0
320328101,320305108,73,False,0
320333871,320305108,73,False,0
320337313,320305108,73,False,0
320340781,320305108,73,False,0
320344249,320305108,73,False,0
320351138,320305108,73,False,0
320400674,320305108,73,False,1
320430631,320305108,73,False,1
810032918,810197561,74,False,0
810037942,810197561,74,False,0
810041301,810197561,74,False,0
810041319,810197561,74,False,0
810042976,810197561,74,False,0
810044665,810197561,74,False,0
810044668,810197561,74,False,0
810046338,810197561,74,False,0
810048004,810197561,74,False,0
810049716,810197561,74,False,0
810051364,810197561,74,False,0
810051400,810197561,74,False,0
810053043,810197561,74,False,0
810053064,810197561,74,False,0
810056408,810197561,74,False,0
810056414,810197561,74,False,0
810058081,810197561,74,False,0
810058088,810197561,74,False,0
810061441,810197561,74,False,0
810063121,810197561,74,False,0
810088322,810197561,74,False,0
810090002,810197561,74,False,0
810091715,810197561,74,False,0
810098438,810197561,74,False,0
810103476,810197561,74,False,0
810111860,810197561,74,False,0
810137056,810197561,74,False,0
810145450,810197561,74,False,0
810147127,810197561,74,False,0
810148805,810197561,74,False,0
810148841,810197561,74,False,0
810152163,810197561,74,False,0
810157216,810197561,74,False,0
810158916,810197561,74,False,0
810163962,810197561,74,False,0
810177376,810197561,74,False,0
810185777,810197561,74,False,0
810195868,810197561,74,False,0
810197519,810197561,74,False,0
810199203,810197561,74,False,0
810200892,810197561,74,False,0
810205959,810197561,74,False,0
810219375,810197561,74,False,0
810241202,810197561,74,False,0
810252968,810197561,74,False,0
810266408,810197561,74,False,1
810273120,810197561,74,False,0
810276478,810197561,74,False,0
120228404,120594472,78,False,0
120238390,120594472,78,False,0
120241714,120594472,78,False,0
120243378,120594472,78,False,0
120248363,120594472,78,False,0
120250023,120594472,78,False,0
120250040,120594472,78,False,0
120251690,120594472,78,False,0
120251699,120594472,78,False,0
120253359,120594472,78,False,0
120256678,120594472,78,False,0
120260000,120594472,78,False,0
120260007,120594472,78,False,0
120261671,120594472,78,False,0
120265013,120594472,78,False,0
120269997,120594472,78,False,0
120273317,120594472,78,False,0
120273318,120594472,78,False,0
120273333,120594472,78,False,0
120273337,120594472,78,False,0
120274985,120594472,78,False,0
120276644,120594472,78,False,0
120278318,120594472,78,False,0
120279969,120594472,78,False,0
120279977,120594472,78,False,0
120279982,120594472,78,False,0
120281641,120594472,78,False,0
120281644,120594472,78,False,0
120281653,120594472,78,False,0
120281655,120594472,78,False,0
120288300,120594472,78,False,0
120298295,120594472,78,False,0
120299959,120594472,78,False,0
120308264,120594472,78,False,0
120308272,120594472,78,False,0
120309923,120594472,78,False,0
120318243,120594472,78,False,0
120318251,120594472,78,False,0
120324903,120594472,78,False,0
120324906,120594472,78,False,0
120326570,120594472,78,False,0
120326580,120594472,78,False,0
120328244,120594472,78,False,0
120344886,120594472,78,False,0
120351527,120594472,78,False,0
120353191,120594472,78,False,0
120361509,120594472,78,False,0
120363173,120594472,78,False,0
120366511,120594472,78,False,0
120369831,120594472,78,False,0
120369842,120594472,78,False,0
120374818,120594472,78,False,0
120384803,120594472,78,False,0
120384809,120594472,78,False,0
120391476,120594472,78,False,0
120393147,120594472,78,False,0
120409790,120594472,78,False,0
120411433,120594472,78,False,0
120419751,120594472,78,False,0
120421417,120594472,78,False,0
120423088,120594472,78,False,0
120424754,120594472,78,False,0
120426418,120594472,78,False,0
120431410,120594472,78,False,0
120436392,120594472,78,False,0
120438054,120594472,78,False,0
120441397,120594472,78,False,0
120443044,120594472,78,False,0
120446385,120594472,78,False,0
120449708,120594472,78,False,0
120449710,120594472,78,False,0
120451372,120594472,78,False,0
120458039,120594472,78,False,0
120461370,120594472,78,False,0
120464697,120594472,78,False,0
120466346,120594472,78,False,0
120468026,120594472,78,False,0
120476321,120594472,78,False,0
120478007,120594472,78,False,0
120481324,120594472,78,False,0
120484639,120594472,78,False,0
120486312,120594472,78,False,0
120489650,120594472,78,False,0
120492960,120594472,78,False,0
120492967,120594472,78,False,0
120502964,120594472,78,False,0
120507957,120594472,78,False,0
120509613,120594472,78,False,1
120512952,120594472,78,False,0
120516277,120594472,78,False,1
120517921,120594472,78,False,0
120521264,120594472,78,False,0
120526265,120594472,78,False,0
120527931,120594472,78,False,0
120531233,120594472,78,False,1
120541219,120594472,78,False,0
120541224,120594472,78,False,1
120542885,120594472,78,False,0
120544562,120594472,78,False,0
120546230,120594472,78,False,0
120547882,120594472,78,False,1
120549538,120594472,78,False,0
120551222,120594472,78,False,1
120552886,120594472,78,False,0
120572842,120594472,78,False,0
120579520,120594472,78,False,0
120581156,120594472,78,False,0
120584486,120594472,78,False,1
120587814,120594472,78,False,1
120607812,120594472,78,False,1
120626112,120594472,78,False,1
120629424,120594472,78,False,1
120661034,120594472,78,False,1
120661049,120594472,78,False,1
120676035,120594472,78,False,1
120473215,120734463,79,True,0
120489862,120734463,79,True,0
120621311,120734463,79,True,0
120674563,120734463,79,True,1
120063849,120772729,79,True,0
120063873,120772729,79,True,0
120063875,120772729,79,True,0
120067179,120772729,79,True,0
120070521,120772729,79,True,0
120072186,120772729,79,True,0
120075508,120772729,79,True,0
120080488,120772729,79,True,0
120088801,120772729,79,True,0
120088828,120772729,79,True,0
120090492,120772729,79,True,0
120092147,120772729,79,True,0
120385028,120772729,79,True,0
120411633,120772729,79,True,0
120424956,120772729,79,True,0
120444927,120772729,79,True,0
120446562,120772729,79,True,0
120494817,120772729,79,True,0
120499812,120772729,79,True,0
120501476,120772729,79,True,0
120516469,120772729,79,True,0
120523114,120772729,79,True,0
120531426,120772729,79,True,0
120541405,120772729,79,True,0
120561380,120772729,79,True,0
120566379,120772729,79,True,1
120571382,120772729,79,True,0
120573059,120772729,79,True,0
120657890,120772729,79,True,0
120661241,120772729,79,True,1
120676215,120772729,79,True,1
120676227,120772729,79,True,1
120701168,120772729,79,True,0
120717823,120772729,79,True,1
120729471,120772729,79,True,1
120731115,120772729,79,True,1
120744444,120772729,79,True,1
120747765,120772729,79,True,1
120761080,120772729,79,True,1
120771045,120772729,79,True,1
120772705,120772729,79,True,1
120776039,120772729,79,True,1
220322587,220734010,87,False,0
220329424,220734010,87,False,0
220330800,220734010,87,False,0
220332191,220734010,87,False,0
220332206,220734010,87,False,0
220333582,220734010,87,False,0
220333594,220734010,87,False,0
220334921,220734010,87,False,0
220334970,220734010,87,False,0
220336288,220734010,87,False,0
220336351,220734010,87,False,0
220337711,220734010,87,False,0
220340416,220734010,87,False,0
220343213,220734010,87,False,0
220345965,220734010,87,False,0
220345975,220734010,87,False,0
220347351,220734010,87,False,0
220351477,220734010,87,False,0
220352838,220734010,87,False,0
220354220,220734010,87,False,0
220358341,220734010,87,False,0
220358355,220734010,87,False,0
220359673,220734010,87,False,0
220361090,220734010,87,False,0
220366551,220734010,87,False,0
220369303,220734010,87,False,0
220369353,220734010,87,False,0
220373443,220734010,87,False,0
220374806,220734010,87,False,0
220376182,220734010,87,False,0
220376246,220734010,87,False,0
220377546,220734010,87,False,0
220378945,220734010,87,False,0
220383108,220734010,87,False,0
220383112,220734010,87,False,0
220384473,220734010,87,False,0
220384495,220734010,87,False,0
220385849,220734010,87,False,0
220389969,220734010,87,False,0
220391373,220734010,87,False,0
220392715,220734010,87,False,0
220394111,220734010,87,False,0
220395490,220734010,87,False,0
220401002,220734010,87,False,0
220403731,220734010,87,False,0
220410614,220734010,87,False,0
220417481,220734010,87,False,0
220417506,220734010,87,False,0
220421632,220734010,87,False,0
220421633,220734010,87,False,0
220425764,220734010,87,False,0
220446414,220734010,87,False,0
220451898,220734010,87,False,0
220458760,220734010,87,False,0
220465650,220734010,87,False,0
220467019,220734010,87,False,0
220472499,220734010,87,False,0
220476681,220734010,87,False,0
220478019,220734010,87,False,0
220483553,220734010,87,False,0
220497261,220734010,87,False,0
220498694,220734010,87,False,0
220502781,220734010,87,False,0
220502840,220734010,87,False,0
220509654,220734010,87,False,0
220515197,220734010,87,False,0
220516600,220734010,87,False,0
220516605,220734010,87,False,0
220522034,220734010,87,False,0
220522087,220734010,87,False,0
220527553,220734010,87,False,0
220530332,220734010,87,False,0
220531671,220734010,87,False,0
220567506,220734010,87,False,0
220567507,220734010,87,False,0
220568880,220734010,87,False,0
220571620,220734010,87,False,0
220579904,220734010,87,False,0
220586742,220734010,87,False,0
220592262,220734010,87,False,0
220597750,220734010,87,False,0
220601914,220734010,87,False,0
220617021,220734010,87,False,1
220622509,220734010,87,False,0
220634920,220734010,87,False,0
220636280,220734010,87,False,0
220654164,220734010,87,False,0
220658300,220734010,87,False,0
220666555,220734010,87,False,0
220667954,220734010,87,False,1
220676150,220734010,87,False,1
220685782,220734010,87,False,1
220691306,220734010,87,False,0
220705082,220734010,87,False,1
220713327,220734010,87,False,1
220716068,220734010,87,False,1
220717418,220734010,87,False,1
220731254,220734010,87,False,0
220744985,220734010,87,False,1
220794485,220734010,87,False,1
130319146,130718063,88,False,0
130326009,130718063,88,False,0
130327721,130718063,88,False,0
130334529,130718063,88,False,0
130337947,130718063,88,False,0
130337996,130718063,88,False,0
130339708,130718063,88,False,0
130346509,130718063,88,False,0
130351678,130718063,88,False,0
130353374,130718063,88,False,0
130353390,130718063,88,False,0
130355091,130718063,88,False,0
130356778,130718063,88,False,0
130358490,130718063,88,False,0
130363670,130718063,88,False,0
130363674,130718063,88,False,0
130365375,130718063,88,False,0
130365384,130718063,88,False,0
130367073,130718063,88,False,0
130367103,130718063,88,False,0
130368797,130718063,88,False,0
130370473,130718063,88,False,0
130372212,130718063,88,False,0
130372230,130718063,88,False,0
130380742,130718063,88,False,0
130380751,130718063,88,False,0
130380798,130718063,88,False,0
130382473,130718063,88,False,0
130387593,130718063,88,False,0
130389356,130718063,88,False,0
130391021,130718063,88,False,0
130396205,130718063,88,False,0
130404751,130718063,88,False,0
130413287,130718063,88,False,0
130416745,130718063,88,False,0
130416748,130718063,88,False,0
130425280,130718063,88,False,0
130427002,130718063,88,False,0
130444109,130718063,88,False,0
130450976,130718063,88,False,0
130456101,130718063,88,False,0
130462968,130718063,88,False,0
130468050,130718063,88,False,0
130468059,130718063,88,False,0
130471532,130718063,88,False,0
130474935,130718063,88,False,0
130474942,130718063,88,False,0
130474956,130718063,88,False,0
130497202,130718063,88,False,0
130500587,130718063,88,False,0
130502345,130718063,88,False,0
130507454,130718063,88,False,0
130509145,130718063,88,False,0
130509156,130718063,88,False,0
130514335,130718063,88,False,0
130517704,130718063,88,False,0
130517731,130718063,88,False,0
130517735,130718063,88,False,0
130531399,130718063,88,False,0
130579383,130718063,88,False,0
130584478,130718063,88,False,1
130610150,130718063,88,False,0
130198175,130425872,89,False,0
130215281,130425872,89,False,0
130215288,130425872,89,False,0
130217004,130425872,89,False,0
130220427,130425872,89,False,0
130222133,130425872,89,False,0
130228985,130425872,89,False,0
130230697,130425872,89,False,0
130232406,130425872,89,False,0
130242679,130425872,89,False,0
130246092,130425872,89,False,0
130256363,130425872,89,False,0
130259803,130425872,89,False,0
130261486,130425872,89,False,0
130268352,130425872,89,False,0
130271761,130425872,89,False,0
130285450,130425872,89,False,0
130287162,130425872,89,False,0
130292302,130425872,89,False,0
130307707,130425872,89,False,0
130309423,130425872,89,False,0
130319720,130425872,89,False,0
130326544,130425872,89,False,0
130345388,130425872,89,False,0
130347121,130425872,89,False,0
130384749,130425872,89,False,0
130389891,130425872,89,False,0
130410443,130425872,89,False,0
130419001,130425872,89,False,0
130422434,130425872,89,False,0
130429271,130425872,89,False,0
130470366,130425872,89,False,1
130475488,130425872,89,False,0
130514859,130425872,89,False,0
130533689,130425872,89,False,1
130627850,130425872,89,False,1
220226291,220657013,91,False,0
220227667,220657013,91,False,0
220227685,220657013,91,False,0
220229033,220657013,91,False,0
220230409,220657013,91,False,0
220245569,220657013,91,False,0
220246942,220657013,91,False,0
220246955,220657013,91,False,0
220248276,220657013,91,False,0
220251015,220657013,91,False,0
220251053,220657013,91,False,0
220251071,220657013,91,False,0
220252368,220657013,91,False,0
220252414,220657013,91,False,0
220252415,220657013,91,False,0
220255166,220657013,91,False,0
220256538,220657013,91,False,0
220263425,220657013,91,False,0
220266143,220657013,91,False,0
220266182,220657013,91,False,0
220267566,220657013,91,False,0
220273005,220657013,91,False,0
220274416,220657013,91,False,0
220274437,220657013,91,False,0
220274456,220657013,91,False,0
220275813,220657013,91,False,0
220277192,220657013,91,False,0
220277207,220657013,91,False,0
220278589,220657013,91,False,0
220279936,220657013,91,False,0
220281309,220657013,91,False,0
220284056,220657013,91,False,0
220286764,220657013,91,False,0
220292312,220657013,91,False,0
220293665,220657013,91,False,0
220295005,220657013,91,False,0
220295062,220657013,91,False,0
220303290,220657013,91,False,0
220315647,220657013,91,False,0
220337781,220657013,91,False,0
220355659,220657013,91,False,0
220381754,220657013,91,False,0
220395565,220657013,91,False,0
220399639,220657013,91,False,0
220402407,220657013,91,False,0
220422986,220657013,91,False,0
220424379,220657013,91,False,0
220424456,220657013,91,False,0
220431267,220657013,91,False,0
220435379,220657013,91,False,0
220438132,220657013,91,False,0
220439558,220657013,91,False,0
220442312,220657013,91,False,0
220445084,220657013,91,False,0
220445098,220657013,91,False,0
220450534,220657013,91,False,0
220451920,220657013,91,False,0
220453264,220657013,91,False,0
220458809,220657013,91,False,0
220467099,220657013,91,False,0
220468458,220657013,91,False,0
220471216,220657013,91,False,0
220471230,220657013,91,False,0
220475279,220657013,91,False,0
220475281,220657013,91,False,0
220476636,220657013,91,False,0
220478096,220657013,91,False,0
220486325,220657013,91,False,0
220486342,220657013,91,False,0
220487727,220657013,91,False,0
220497319,220657013,91,False,0
220505634,220657013,91,False,0
220508374,220657013,91,False,0
220512521,220657013,91,False,0
220519350,220657013,91,False,0
220522068,220657013,91,False,0
220522114,220657013,91,False,0
220537183,220657013,91,False,0
220538640,220657013,91,False,0
220542730,220657013,91,False,0
220542743,220657013,91,False,0
220544069,220657013,91,False,0
220551002,220657013,91,False,0
220552401,220657013,91,False,0
220557842,220657013,91,False,0
220566085,220657013,91,False,0
220573015,220657013,91,False,0
220577132,220657013,91,False,0
220577152,220657013,91,False,0
220578533,220657013,91,False,0
220582606,220657013,91,False,0
220597780,220657013,91,False,0
220601897,220657013,91,False,0
220618425,220657013,91,False,0
220618436,220657013,91,False,0
220621215,220657013,91,False,1
220626678,220657013,91,False,0
220644581,220657013,91,False,0
220656926,220657013,91,False,0
220656946,220657013,91,False,1
220659709,220657013,91,False,0
220707862,220657013,91,False,1
220718818,220657013,91,False,1
220724377,220657013,91,False,1
220786237,220657013,91,False,1
290453233,291185255,93,True,0
290493135,291185255,93,True,0
290512402,291185255,93,True,0
290517887,291185255,93,True,0
290522020,291185255,93,True,0
290522025,291185255,93,True,0
290524771,291185255,93,True,0
290528899,291185255,93,True,0
290539911,291185255,93,True,0
290542664,291185255,93,True,0
290544052,291185255,93,True,0
290545411,291185255,93,True,0
290550918,291185255,93,True,0
290552294,291185255,93,True,0
290553675,291185255,93,True,0
290579805,291185255,93,True,0
290611452,291185255,93,True,0
290648625,291185255,93,True,0
290651377,291185255,93,True,0
290685756,291185255,93,True,0
290707782,291185255,93,True,0
290724296,291185255,93,True,0
290725672,291185255,93,True,0
290736689,291185255,93,True,0
290753197,291185255,93,True,0
290758685,291185255,93,True,0
290760081,291185255,93,True,0
290775200,291185255,93,True,0
290793095,291185255,93,True,0
290799976,291185255,93,True,0
290801341,291185255,93,True,0
290801346,291185255,93,True,0
290801355,291185255,93,True,0
290802717,291185255,93,True,0
290828862,291185255,93,True,0
290831615,291185255,93,True,0
290832994,291185255,93,True,0
290842624,291185255,93,True,0
290846771,291185255,93,True,0
290848147,291185255,93,True,0
290849497,291185255,93,True,0
290853649,291185255,93,True,0
290868778,291185255,93,True,0
290886672,291185255,93,True,0
290888037,291185255,93,True,0
290896306,291185255,93,True,0
290897682,291185255,93,True,0
290905937,291185255,93,True,0
290911419,291185255,93,True,0
290921060,291185255,93,True,0
290927954,291185255,93,True,0
290930704,291185255,93,True,0
290943077,291185255,93,True,0
290959584,291185255,93,True,1
290970607,291185255,93,True,0
290971977,291185255,93,True,0
290992621,291185255,93,True,0
290995375,291185255,93,True,0
291013252,291185255,93,True,0
291020146,291185255,93,True,0
291024260,291185255,93,True,0
291038017,291185255,93,True,0
291047650,291185255,93,True,1
291065543,291185255,93,True,1
291086189,291185255,93,True,1
291091691,291185255,93,True,0
291108191,291185255,93,True,1
291120589,291185255,93,True,1
291124699,291185255,93,True,0
291139842,291185255,93,True,1
291148101,291185255,93,True,0
291179756,291185255,93,True,1
291210019,291185255,93,True,1
320038273,320224875,95,False,0
320041730,320224875,95,False,0
320042873,320224875,95,False,0
320045171,320224875,95,False,0
320046323,320224875,95,False,0
320046335,320224875,95,False,0
320047478,320224875,95,False,0
320047484,320224875,95,False,0
320048631,320224875,95,False,0
320048632,320224875,95,False,0
320049790,320224875,95,False,0
320050940,320224875,95,False,0
320050943,320224875,95,False,0
320055532,320224875,95,False,0
320055555,320224875,95,False,0
320057851,320224875,95,False,0
320058972,320224875,95,False,0
320060124,320224875,95,False,0
320060136,320224875,95,False,0
320061284,320224875,95,False,0
320062440,320224875,95,False,0
320063593,320224875,95,False,0
320063597,320224875,95,False,0
320063604,320224875,95,False,0
320064745,320224875,95,False,0
320065886,320224875,95,False,0
320065891,320224875,95,False,0
320065902,320224875,95,False,0
320065915,320224875,95,False,0
320067031,320224875,95,False,0
320067034,320224875,95,False,0
320067051,320224875,95,False,0
320070487,320224875,95,False,0
320071663,320224875,95,False,0
320075092,320224875,95,False,0
320075119,320224875,95,False,0
320107362,320224875,95,False,0
320124634,320224875,95,False,0
320128083,320224875,95,False,0
320129245,320224875,95,False,0
320129246,320224875,95,False,0
320131550,320224875,95,False,0
320135000,320224875,95,False,0
320137311,320224875,95,False,0
320140772,320224875,95,False,0
320144232,320224875,95,False,0
320146530,320224875,95,False,0
320148823,320224875,95,False,0
320152326,320224875,95,False,0
320154603,320224875,95,False,0
320156884,320224875,95,False,1
320162682,320224875,95,False,0
320168421,320224875,95,False,0
320175329,320224875,95,False,0
320175359,320224875,95,False,0
320176493,320224875,95,False,0
320176506,320224875,95,False,0
320177627,320224875,95,False,0
320184544,320224875,95,False,0
320184573,320224875,95,False,0
320185711,320224875,95,False,0
320185728,320224875,95,False,0
320186857,320224875,95,False,0
320186884,320224875,95,False,0
320187997,320224875,95,False,0
320196057,320224875,95,False,0
320197207,320224875,95,False,0
320197226,320224875,95,False,0
320200665,320224875,95,False,0
320204131,320224875,95,False,0
320205279,320224875,95,False,1
320205301,320224875,95,False,0
320206441,320224875,95,False,0
320207573,320224875,95,False,0
320224868,320224875,95,False,0
320224882,320224875,95,False,0
320227189,320224875,95,False,0
320230621,320224875,95,False,1
320232934,320224875,95,False,0
320243334,320224875,95,False,0
320247917,320224875,95,False,1
320249076,320224875,95,False,1
320280188,320224875,95,False,1
320310147,320224875,95,False,1
660048667,660176789,100,True,0
660049365,660176789,100,True,0
660051477,660176789,100,True,0
660052181,660176789,100,True,0
660052184,660176789,100,True,0
660053589,660176789,100,True,0
660055709,660176789,100,True,0
660058523,660176789,100,True,0
660059229,660176789,100,True,0
660064851,660176789,100,True,0
660066260,660176789,100,True,0
660066972,660176789,100,True,0
660067668,660176789,100,True,0
660067676,660176789,100,True,0
660078236,660176789,100,True,0
660078934,660176789,100,True,0
660079644,660176789,100,True,0
660081756,660176789,100,True,0
660085270,660176789,100,True,0
660125397,660176789,100,True,0
660130331,660176789,100,True,0
660131031,660176789,100,True,0
660131035,660176789,100,True,0
660131735,660176789,100,True,0
660132439,660176789,100,True,0
660142996,660176789,100,True,0
660143000,660176789,100,True,1
660144404,660176789,100,True,0
660151452,660176789,100,True,0
660152856,660176789,100,True,1
660155668,660176789,100,True,0
660159197,660176789,100,True,0
660161304,660176789,100,True,1
660165524,660176789,100,True,1
660168341,660176789,100,True,1
660168347,660176789,100,True,1
660171866,660176789,100,True,1
660171867,660176789,100,True,1
660172571,660176789,100,True,0
660183830,660176789,100,True,1
660195806,660176789,100,True,1
660205663,660176789,100,True,1
660207763,660176789,100,True,1
240011018,240273631,106,False,0
240016753,240273631,106,False,0
240016762,240273631,106,False,0
240017914,240273631,106,False,0
240017920,240273631,106,False,0
240019022,240273631,106,False,0
240020230,240273631,106,False,0
240020232,240273631,106,False,0
240021368,240273631,106,False,0
240022482,240273631,106,False,0
240022501,240273631,106,False,0
240022507,240273631,106,False,0
240023634,240273631,106,False,0
240025944,240273631,106,False,0
240027107,240273631,106,False,0
240028247,240273631,106,False,0
240029411,240273631,106,False,0
240030553,240273631,106,False,0
240030563,240273631,106,False,0
240034007,240273631,106,False,0
240114685,240273631,106,False,0
240116991,240273631,106,False,0
240131932,240273631,106,False,0
240131973,240273631,106,False,0
240135410,240273631,106,False,0
240141196,240273631,106,False,0
240142348,240273631,106,False,0
240145781,240273631,106,False,0
240157264,240273631,106,False,0
240158473,240273631,106,False,0
240172276,240273631,106,False,0
240176901,240273631,106,False,0
240178003,240273631,106,False,0
240180333,240273631,106,False,0
240197582,240273631,106,False,0
240197633,240273631,106,False,0
240202252,240273631,106,False,0
240205707,240273631,106,False,1
240209101,240273631,106,False,0
240227558,240273631,106,False,1
660060389,660108968,108,False,0
660061093,660108968,108,False,0
660063205,660108968,108,False,0
660063206,660108968,108,False,0
660064614,660108968,108,False,0
660065307,660108968,108,False,0
660065315,660108968,108,False,0
660066015,660108968,108,False,0
660066719,660108968,108,False,0
660068127,660108968,108,False,0
660068831,660108968,108,False,0
660068835,660108968,108,False,0
660069536,660108968,108,False,0
660069539,660108968,108,False,0
660071643,660108968,108,False,0
660074459,660108968,108,False,0
660075163,660108968,108,False,0
660075876,660108968,108,False,0
660077283,660108968,108,False,0
660077980,660108968,108,False,0
660078684,660108968,108,False,0
660082205,660108968,108,False,0
660084317,660108968,108,False,0
660085024,660108968,108,False,0
660085724,660108968,108,False,0
660087138,660108968,108,False,0
660088539,660108968,108,False,0
660091356,660108968,108,False,0
660093469,660108968,108,False,0
660095580,660108968,108,False,0
660096289,660108968,108,False,0
660101920,660108968,108,False,0
660105441,660108968,108,False,0
660106140,660108968,108,False,0
660106147,660108968,108,False,0
660106852,660108968,108,False,0
660110364,660108968,108,False,0
660111074,660108968,108,False,0
660112478,660108968,108,False,0
660114594,660108968,108,False,0
660116002,660108968,108,False,0
660116705,660108968,108,False,0
660116706,660108968,108,False,0
660119520,660108968,108,False,0
660120229,660108968,108,False,0
660120929,660108968,108,False,0
660121633,660108968,108,False,0
660121634,660108968,108,False,0
660123042,660108968,108,False,0
660124450,660108968,108,False,0
660125152,660108968,108,False,0
660125858,660108968,108,False,0
660127966,660108968,108,False,0
660128678,660108968,108,False,0
660130079,660108968,108,False,0
660132893,660108968,108,False,0
660135006,660108968,108,False,0
660135717,660108968,108,False,0
660136415,660108968,108,False,0
660137119,660108968,108,False,0
660137829,660108968,108,False,0
660140640,660108968,108,False,0
660141344,660108968,108,False,0
660143456,660108968,108,False,0
660144865,660108968,108,False,0
660145569,660108968,108,False,0
660145571,660108968,108,False,0
660148382,660108968,108,False,1
660149089,660108968,108,False,0
660149788,660108968,108,False,1
660153313,660108968,108,False,0
660154724,660108968,108,False,0
660160354,660108968,108,False,0
660161058,660108968,108,False,0
660163170,660108968,108,False,0
660165985,660108968,108,False,0
660166689,660108968,108,False,0
660167396,660108968,108,False,1
660172321,660108968,108,False,0
660175137,660108968,108,False,0
660175842,660108968,108,False,1
660175843,660108968,108,False,0
660176547,660108968,108,False,0
660177954,660108968,108,False,0
660183585,660108968,108,False,0
120228731,120681345,116,True,0
120413440,120681345,116,True,0
120455034,120681345,116,True,0
120463366,120681345,116,True,0
120556560,120681345,116,True,0
120561553,120681345,116,True,0
120574851,120681345,116,True,0
120608143,120681345,116,True,0
120614780,120681345,116,True,0
120633101,120681345,116,True,1
120676348,120681345,116,True,1
120691337,120681345,116,True,1
120766219,120681345,116,True,1
120205410,120692991,116,True,0
120208760,120692991,116,True,0
120222061,120692991,116,True,0
120225389,120692991,116,True,0
120227065,120692991,116,True,0
120228715,120692991,116,True,0
120228722,120692991,116,True,0
120353516,120692991,116,True,0
120391794,120692991,116,True,0
120400102,120692991,116,True,0
120406775,120692991,116,True,0
120415090,120692991,116,True,0
120453359,120692991,116,True,0
120509926,120692991,116,True,0
120529893,120692991,116,True,0
120546547,120692991,116,True,0
120563184,120692991,116,True,0
120651379,120692991,116,True,0
120656366,120692991,116,True,1
120722913,120692991,116,True,1
120217094,120712960,116,True,0
120390150,120712960,116,True,0
120699647,120712960,116,True,1
310017518,310501619,119,True,0
310025447,310501619,119,True,0
310027419,310501619,119,True,0
310029419,310501619,119,True,0
310047260,310501619,119,True,0
310245658,310501619,119,True,0
310247637,310501619,119,True,0
310247642,310501619,119,True,0
310289310,310501619,119,True,0
310315104,310501619,119,True,0
310327003,310501619,119,True,0
310354780,310501619,119,True,0
310394476,310501619,119,True,0
310406373,310501619,119,True,0
310412318,310501619,119,True,0
310471847,310501619,119,True,1
310015536,310527411,119,True,0
310021490,310527411,119,True,0
310275462,310527411,119,True,0
310289337,310527411,119,True,0
310330995,310527411,119,True,0
310331006,310527411,119,True,0
310372669,310527411,119,True,0
310394498,310527411,119,True,0
310461942,310527411,119,True,1
360014625,360070795,121,True,0
360014833,360070795,121,True,0
360015039,360070795,121,True,0
360015040,360070795,121,True,0
360015664,360070795,121,True,0
360018794,360070795,121,True,0
360019002,360070795,121,True,0
360019411,360070795,121,True,0
360019419,360070795,121,True,0
360019619,360070795,121,True,0
360020251,360070795,121,True,0
360038961,360070795,121,True,0
360041673,360070795,121,True,0
360041874,360070795,121,True,0
360041883,360070795,121,True,0
360043536,360070795,121,True,0
360044787,360070795,121,True,0
360047071,360070795,121,True,0
360049778,360070795,121,True,0
360051236,360070795,121,True,0
360053934,360070795,121,True,0
360054572,360070795,121,True,0
360058104,360070795,121,True,0
360058306,360070795,121,True,0
360059762,360070795,121,True,0
360060386,360070795,121,True,1
360061215,360070795,121,True,0
360062879,360070795,121,True,1
360066423,360070795,121,True,0
360019209,360074747,121,True,0
360020456,360074747,121,True,0
360020664,360074747,121,True,0
360021286,360074747,121,True,0
360021291,360074747,121,True,0
360021292,360074747,121,True,0
360022125,360074747,121,True,0
360022333,360074747,121,True,0
360022534,360074747,121,True,0
360022743,360074747,121,True,0
360023583,360074747,121,True,0
360041253,360074747,121,True,0
360041670,360074747,121,True,0
360042294,360074747,121,True,0
360048959,360074747,121,True,0
360050405,360074747,121,True,0
360052486,360074747,121,True,0
360052492,360074747,121,True,0
360054780,360074747,121,True,0
360058318,360074747,121,True,0
360059144,360074747,121,True,0
360059350,360074747,121,True,0
360060179,360074747,121,True,1
360061217,360074747,121,True,0
360062886,360074747,121,True,0
360066207,360074747,121,True,0
360066218,360074747,121,True,1
360076616,360074747,121,True,0
360016519,360078283,121,True,0
360016727,360078283,121,True,0
360019635,360078283,121,True,0
360021296,360078283,121,True,0
360021305,360078283,121,True,0
360021504,360078283,121,True,0
360021920,360078283,121,True,0
360022132,360078283,121,True,0
360022340,360078283,121,True,0
360022548,360078283,121,True,0
360023167,360078283,121,True,0
360037319,360078283,121,True,0
360039607,360078283,121,True,0
360043763,360078283,121,True,0
360045846,360078283,121,True,0
360047298,360078283,121,True,0
360047927,360078283,121,True,0
360048132,360078283,121,True,0
360053756,360078283,121,True,1
360055622,360078283,121,True,1
360060195,360078283,121,True,1
360061862,360078283,121,True,1
470185303,470563868,148,True,0
470186428,470563868,148,True,0
470187548,470563868,148,True,0
470188663,470563868,148,True,0
470189788,470563868,148,True,0
470189804,470563868,148,True,0
470193164,470563868,148,True,0
470195388,470563868,148,True,0
470196508,470563868,148,True,0
470197628,470563868,148,True,0
470197644,470563868,148,True,0
470198740,470563868,148,True,0
470198748,470563868,148,True,0
470198750,470563868,148,True,0
470200988,470563868,148,True,0
470202114,470563868,148,True,0
470205470,470563868,148,True,0
470205474,470563868,148,True,0
470206590,470563868,148,True,0
470206594,470563868,148,True,0
470208830,470563868,148,True,0
470208835,470563868,148,True,0
470209957,470563868,148,True,0
470212199,470563868,148,True,0
470213321,470563868,148,True,0
470214441,470563868,148,True,0
470216664,470563868,148,True,0
470216681,470563868,148,True,0
470218904,470563868,148,True,0
470218907,470563868,148,True,0
470220021,470563868,148,True,0
470220041,470563868,148,True,0
470221144,470563868,148,True,0
470221160,470563868,148,True,0
470221162,470563868,148,True,0
470222282,470563868,148,True,0
470224525,470563868,148,True,0
470225642,470563868,148,True,0
470225645,470563868,148,True,0
470226751,470563868,148,True,0
470226765,470563868,148,True,0
470227869,470563868,148,True,0
470227885,470563868,148,True,0
470230109,470563868,148,True,0
470231232,470563868,148,True,0
470231250,470563868,148,True,0
470233486,470563868,148,True,0
470234606,470563868,148,True,0
470274910,470563868,148,True,0
470279394,470563868,148,True,0
470293963,470563868,148,True,0
470298424,470563868,148,True,0
470299544,470563868,148,True,0
470300664,470563868,148,True,0
470301786,470563868,148,True,0
470314107,470563868,148,True,0
470315227,470563868,148,True,0
470318602,470563868,148,True,0
470323065,470563868,148,True,0
470323066,470563868,148,True,0
470324185,470563868,148,True,0
470324188,470563868,148,True,0
470325308,470563868,148,True,0
470329802,470563868,148,True,0
470334293,470563868,148,True,0
470341003,470563868,148,True,0
470345481,470563868,148,True,0
470356683,470563868,148,True,0
470364509,470563868,148,True,0
470379068,470563868,148,True,0
470380204,470563868,148,True,0
470381315,470563868,148,True,0
470389153,470563868,148,True,0
470394770,470563868,148,True,0
470401481,470563868,148,True,0
470404830,470563868,148,True,0
470404838,470563868,148,True,0
470416036,470563868,148,True,0
470423867,470563868,148,True,0
470431723,470563868,148,True,0
470432841,470563868,148,True,0
470433969,470563868,148,True,0
470436207,470563868,148,True,0
470438440,470563868,148,True,0
470438443,470563868,148,True,0
470439562,470563868,148,True,0
470456359,470563868,148,True,0
470464184,470563868,148,True,0
470474281,470563868,148,True,1
470483231,470563868,148,True,0
470486605,470563868,148,True,0
470492197,470563868,148,True,0
470492207,470563868,148,True,0
470494425,470563868,148,True,1
470495562,470563868,148,True,1
470510123,470563868,148,True,1
470513465,470563868,148,True,1
470521322,470563868,148,True,1
470523558,470563868,148,True,0
470552670,470563868,148,True,1
470552676,470563868,148,True,1
470581798,470563868,148,True,1
540356521,541095724,168,True,0
541136042,541095724,168,True,1
540344418,541101100,168,True,0
540348450,541101100,168,True,0
540364584,541101100,168,True,0
540372644,541101100,168,True,0
540379377,541101100,168,True,0
540379380,541101100,168,True,0
540390115,541101100,168,True,0
540390128,541101100,168,True,0
540392816,541101100,168,True,0
540629346,541101100,168,True,0
540641443,541101100,168,True,0
540711344,541101100,168,True,0
540716708,541101100,168,True,0
540716721,541101100,168,True,0
540754355,541101100,168,True,0
540787943,541101100,168,True,0
540801391,541101100,168,True,0
540830964,541101100,168,True,0
540873954,541101100,168,True,0
540920998,541101100,168,True,0
540921004,541101100,168,True,0
540925032,541101100,168,True,0
540925037,541101100,168,True,0
540934449,541101100,168,True,0
540938479,541101100,168,True,1
540958643,541101100,168,True,1
541001650,541101100,168,True,1
541005666,541101100,168,True,1
541088995,541101100,168,True,1
541121267,541101100,168,True,1
541161586,541101100,168,True,1
220037007,220144344,201,True,0
220041118,220144344,201,True,0
220041124,220144344,201,True,0
220043873,220144344,201,True,0
220052144,220144344,201,True,0
220056267,220144344,201,True,0
220057643,220144344,201,True,0
220090661,220144344,201,True,0
220098909,220144344,201,True,0
220100284,220144344,201,True,0
220103047,220144344,201,True,0
220115420,220144344,201,True,0
220131946,220144344,201,True,1
220030150,220147096,201,True,0
220032899,220147096,201,True,0
220035634,220147096,201,True,0
220037025,220147096,201,True,0
220037026,220147096,201,True,0
220038401,220147096,201,True,0
220038406,220147096,201,True,0
220068678,220147096,201,True,0
220075554,220147096,201,True,0
220081036,220147096,201,True,0
220083817,220147096,201,True,0
220085183,220147096,201,True,0
220097575,220147096,201,True,0
220100313,220147096,201,True,0
220103052,220147096,201,True,0
220108552,220147096,201,True,0
220108579,220147096,201,True,1
220116820,220147096,201,True,0
220120967,220147096,201,True,1
220123703,220147096,201,True,1
220125095,220147096,201,True,1
220136084,220147096,201,True,1
240059196,240264260,204,False,0
240061510,240264260,204,False,0
240068421,240264260,204,False,0
240070707,240264260,204,False,0
240071865,240264260,204,False,0
240074164,240264260,204,False,0
240074183,240264260,204,False,0
240075296,240264260,204,False,0
240075321,240264260,204,False,0
240075335,240264260,204,False,0
240081085,240264260,204,False,0
240089117,240264260,204,False,0
240092571,240264260,204,False,0
240093723,240264260,204,False,0
240097179,240264260,204,False,0
240164017,240264260,204,False,0
240166297,240264260,204,False,0
240166340,240264260,204,False,0
240169762,240264260,204,False,0
240176670,240264260,204,False,0
240176694,240264260,204,False,0
240182419,240264260,204,False,0
240182463,240264260,204,False,0
240187032,240264260,204,False,0
240189358,240264260,204,False,0
240192820,240264260,204,False,0
240193977,240264260,204,False,0
240196257,240264260,204,False,0
240197429,240264260,204,False,0
240200862,240264260,204,False,0
240203161,240264260,204,False,0
240204360,240264260,204,False,0
240205477,240264260,204,False,0
240217002,240264260,204,False,0
240225066,240264260,204,False,0
240242342,240264260,204,False,0
240245793,240264260,204,False,0
240248093,240264260,204,False,0
240258460,240264260,204,False,0
240280334,240264260,204,False,1
240286115,240264260,204,False,1
240288429,240264260,204,False,0
240093770,240266565,204,False,0
240164043,240266565,204,False,0
360005323,360062504,206,True,0
360007817,360062504,206,True,0
360008025,360062504,206,True,0
360008434,360062504,206,True,0
360009684,360062504,206,True,0
360009892,360062504,206,True,0
360010093,360062504,206,True,0
360010304,360062504,206,True,0
360010929,360062504,206,True,0
360010938,360062504,206,True,0
360011759,360062504,206,True,0
360012375,360062504,206,True,0
360012580,360062504,206,True,0
360012582,360062504,206,True,0
360012583,360062504,206,True,0
360012998,360062504,206,True,0
360013205,360062504,206,True,0
360013432,360062504,206,True,0
360013835,360062504,206,True,0
360014043,360062504,206,True,0
360015077,360062504,206,True,0
360016329,360062504,206,True,0
360026102,360062504,206,True,0
360031108,360062504,206,True,0
360033402,360062504,206,True,0
360033810,360062504,206,True,0
360034421,360062504,206,True,0
360035060,360062504,206,True,0
360036924,360062504,206,True,0
360036925,360062504,206,True,0
360037961,360062504,206,True,0
360038581,360062504,206,True,0
360038997,360062504,206,True,0
360039006,360062504,206,True,0
360039205,360062504,206,True,0
360040453,360062504,206,True,0
360040464,360062504,206,True,0
360040465,360062504,206,True,0
360041306,360062504,206,True,0
360042756,360062504,206,True,0
360042964,360062504,206,True,0
360043171,360062504,206,True,0
360045251,360062504,206,True,0
360047318,360062504,206,True,1
360048162,360062504,206,True,1
360048786,360062504,206,True,0
360049419,360062504,206,True,1
360052122,360062504,206,True,1
360053770,360062504,206,True,1
360054818,360062504,206,True,1
360055244,360062504,206,True,0
310049498,310172498,219,True,0
310073301,310172498,219,True,0
310120924,310172498,219,True,0
310134808,310172498,219,True,0
310138773,310172498,219,True,0
310140762,310172498,219,True,0
310196305,310172498,219,True,1
310021724,310186386,219,True,0
310023708,310186386,219,True,0
310035615,310186386,219,True,0
310037599,310186386,219,True,0
310039583,310186386,219,True,0
310051482,310186386,219,True,0
310051483,310186386,219,True,0
310089181,310186386,219,True,0
310112994,310186386,219,True,0
310124897,310186386,219,True,0
310152672,310186386,219,True,0
310049496,310212177,219,True,0
310055447,310212177,219,True,0
310085208,310212177,219,True,0
310152652,310212177,219,True,0
310152657,310212177,219,True,0
310154636,310212177,219,True,0
310160601,310212177,219,True,0
310224085,310212177,219,True,1
110191128,110292150,236,True,0
110227865,110292150,236,True,0
110269849,110292150,236,True,0
110023192,110317079,236,True,0
110260663,110317079,236,True,0
110289529,110317079,236,True,0
110298713,110317079,236,True,0
110313145,110317079,236,True,1
110012681,110335446,236,True,0
110015307,110335446,236,True,0
110187181,110335446,236,True,0
110191124,110335446,236,True,0
110208171,110335446,236,True,0
110219985,110335446,236,True,0
110234410,110335446,236,True,0
110251466,110335446,236,True,0
110296073,110335446,236,True,0
110300016,110335446,236,True,1
110301322,110335446,236,True,0
110332810,110335446,236,True,1
110343317,110335446,236,True,1
650037172,650299563,243,False,0
650038777,650299563,243,False,0
650039570,650299563,243,False,0
650040370,650299563,243,False,0
650045175,650299563,243,False,0
650046767,650299563,243,False,0
650047567,650299563,243,False,0
650048370,650299563,243,False,0
650048373,650299563,243,False,0
650049181,650299563,243,False,0
650049981,650299563,243,False,0
650051581,650299563,243,False,0
650053174,650299563,243,False,0
650151568,650299563,243,False,0
650154771,650299563,243,False,0
650163572,650299563,243,False,0
650166779,650299563,243,False,0
650173971,650299563,243,False,0
650180375,650299563,243,False,0
650182775,650299563,243,False,0
650198774,650299563,243,False,0
650199573,650299563,243,False,0
650201171,650299563,243,False,0
650202774,650299563,243,False,0
650204375,650299563,243,False,0
650205174,650299563,243,False,0
650205973,650299563,243,False,1
650208369,650299563,243,False,0
650218780,650299563,243,False,0
650220372,650299563,243,False,0
650225179,650299563,243,False,0
650229981,650299563,243,False,0
650239572,650299563,243,False,0
650248376,650299563,243,False,1
650254776,650299563,243,False,1
650263574,650299563,243,False,1
650269980,650299563,243,False,0
650273977,650299563,243,False,1
650276377,650299563,243,False,1
650294781,650299563,243,False,1
290000207,290708858,293,False,0
290000212,290708858,293,False,0
290001589,290708858,293,False,0
290002952,290708858,293,False,0
290002955,290708858,293,False,0
290002970,290708858,293,False,0
290004343,290708858,293,False,0
290004346,290708858,293,False,0
290004352,290708858,293,False,0
290005701,290708858,293,False,0
290005705,290708858,293,False,0
290005725,290708858,293,False,0
290007077,290708858,293,False,0
290007105,290708858,293,False,0
290008481,290708858,293,False,0
290009839,290708858,293,False,0
290013962,290708858,293,False,0
290018090,290708858,293,False,0
290264388,290708858,293,False,0
290276777,290708858,293,False,0
290291915,290708858,293,False,0
290312559,290708858,293,False,0
290318056,290708858,293,False,0
290322188,290708858,293,False,0
290326310,290708858,293,False,0
290327691,290708858,293,False,0
290341459,290708858,293,False,0
290348343,290708858,293,False,0
290366224,290708858,293,False,0
290375863,290708858,293,False,0
290399261,290708858,293,False,0
290410248,290708858,293,False,0
290421256,290708858,293,False,0
290425404,290708858,293,False,0
290448788,290708858,293,False,0
290448802,290708858,293,False,0
290481812,290708858,293,False,0
290483183,290708858,293,False,0
290485930,290708858,293,False,0
290517600,290708858,293,False,0
290598788,290708858,293,False,0
290600166,290708858,293,False,1
290602904,290708858,293,False,0
290668961,290708858,293,False,1
250026341,250190994,306,False,0
250027332,250190994,306,False,0
250028325,250190994,306,False,0
250028329,250190994,306,False,0
250035266,250190994,306,False,0
250039234,250190994,306,False,0
250046177,250190994,306,False,0
250047169,250190994,306,False,0
250051127,250190994,306,False,0
250053117,250190994,306,False,0
250062034,250190994,306,False,0
250063022,250190994,306,False,0
250063024,250190994,306,False,0
250066990,250190994,306,False,0
250080877,250190994,306,False,0
250080883,250190994,306,False,0
250091789,250190994,306,False,0
250092804,250190994,306,False,0
250098757,250190994,306,False,0
250098765,250190994,306,False,0
250108669,250190994,306,False,0
250108683,250190994,306,False,0
250112640,250190994,306,False,0
250115608,250190994,306,False,0
250117592,250190994,306,False,0
250124526,250190994,306,False,0
250125526,250190994,306,False,0
250125532,250190994,306,False,0
250126536,250190994,306,False,1
250132466,250190994,306,False,0
250132492,250190994,306,False,1
250133467,250190994,306,False,0
250135465,250190994,306,False,0
250136427,250190994,306,False,0
250138414,250190994,306,False,0
250141404,250190994,306,False,0
250155285,250190994,306,False,0
250155302,250190994,306,False,1
250160237,250190994,306,False,0
250165214,250190994,306,False,1
250172145,250190994,306,False,0
250175125,250190994,306,False,0
250179088,250190994,306,False,0
250181070,250190994,306,False,1
250185039,250190994,306,False,1
250188013,250190994,306,False,0
250210829,250190994,306,False,0
250212812,250190994,306,False,1
740214524,740516911,375,False,0
740215862,740516911,375,False,0
740221223,740516911,375,False,0
740223947,740516911,375,False,0
740225283,740516911,375,False,0
740229329,740516911,375,False,0
740234670,740516911,375,False,0
740237377,740516911,375,False,0
740238691,740516911,375,False,0
740241399,740516911,375,False,0
740242730,740516911,375,False,0
740244076,740516911,375,False,0
740244095,740516911,375,False,0
740260199,740516911,375,False,0
740272317,740516911,375,False,0
740289804,740516911,375,False,0
740305926,740516911,375,False,0
740308583,740516911,375,False,0
740308588,740516911,375,False,0
740316664,740516911,375,False,0
740319357,740516911,375,False,0
740319361,740516911,375,False,0
740328782,740516911,375,False,0
740334130,740516911,375,False,0
740358352,740516911,375,False,0
740369059,740516911,375,False,0
740373136,740516911,375,False,0
740383856,740516911,375,False,0
740410765,740516911,375,False,0
740428205,740516911,375,False,1
740429586,740516911,375,False,1
740442980,740516911,375,False,0
740453751,740516911,375,False,0
740453770,740516911,375,False,0
620354065,621013168,402,False,0
620356812,621013168,402,False,0
620362333,621013168,402,False,0
620587984,621013168,402,False,0
620605887,621013168,402,False,0
620744852,621013168,402,False,0
620834284,621013168,402,False,0
620848046,621013168,402,False,0
621128761,621013168,402,False,1
760193282,760437891,476,False,0
760206605,760437891,476,False,0
760209925,760437891,476,False,0
760216592,760437891,476,False,0
760219910,760437891,476,False,0
760243219,760437891,476,False,0
760249868,760437891,476,False,0
760253188,760437891,476,False,0
760258176,760437891,476,False,0
760274836,760437891,476,False,0
760283138,760437891,476,False,0
760291475,760437891,476,False,0
760314767,760437891,476,False,0
760326418,760437891,476,False,0
760346365,760437891,476,False,1
760348052,760437891,476,False,0
760366355,760437891,476,False,0
760381310,760437891,476,False,0
760394626,760437891,476,False,1
760419596,760437891,476,False,0
760439561,760437891,476,False,1
730050753,730474374,483,False,0
730052021,730474374,483,False,0
730053306,730474374,483,False,0
730054585,730474374,483,False,0
730057142,730474374,483,False,0
730058426,730474374,483,False,0
730059704,730474374,483,False,0
730059708,730474374,483,False,0
730062267,730474374,483,False,0
730064827,730474374,483,False,0
730066107,730474374,483,False,0
730067379,730474374,483,False,0
730067387,730474374,483,False,0
730068658,730474374,483,False,0
730077629,730474374,483,False,0
730082708,730474374,483,False,0
730083988,730474374,483,False,0
730086548,730474374,483,False,0
730242753,730474374,483,False,0
730251702,730474374,483,False,0
730265785,730474374,483,False,0
730267067,730474374,483,False,0
730268293,730474374,483,False,0
730268355,730474374,483,False,0
730272189,730474374,483,False,0
730274699,730474374,483,False,0
730279865,730474374,483,False,0
730284944,730474374,483,False,0
730287554,730474374,483,False,0
730290083,730474374,483,False,0
730291384,730474374,483,False,0
730291385,730474374,483,False,0
730291388,730474374,483,False,0
730292668,730474374,483,False,0
730297760,730474374,483,False,0
730306700,730474374,483,False,0
730309272,730474374,483,False,0
730314424,730474374,483,False,0
730316976,730474374,483,False,0
730323376,730474374,483,False,0
730323392,730474374,483,False,0
730324638,730474374,483,False,0
730336192,730474374,483,False,0
730352813,730474374,483,False,0
730377143,730474374,483,False,0
730379713,730474374,483,False,1
730396320,730474374,483,False,0
730402712,730474374,483,False,0
730407856,730474374,483,False,0
730456455,730474374,483,False,1
730506427,730474374,483,False,1
820087908,820297703,513,False,0
820087911,820297703,513,False,0
820091948,820297703,513,False,0
820093294,820297703,513,False,0
820094641,820297703,513,False,0
820097320,820297703,513,False,0
820097329,820297703,513,False,0
820097330,820297703,513,False,0
820108062,820297703,513,False,0
820144359,820297703,513,False,0
820159151,820297703,513,False,0
820169903,820297703,513,False,0
820216928,820297703,513,False,0
820216956,820297703,513,False,0
820218303,820297703,513,False,0
820220988,820297703,513,False,0
820233076,820297703,513,False,0
820243833,820297703,513,False,1
820270686,820297703,513,False,1
820278751,820297703,513,False,1
820281445,820297703,513,False,1
820288165,820297703,513,False,1
620249520,621036600,521,False,0
620264659,621036600,521,False,0
620268787,621036600,521,False,0
620268798,621036600,521,False,0
620270174,621036600,521,False,0
620274299,621036600,521,False,0
620279794,621036600,521,False,0
620281170,621036600,521,False,0
620281173,621036600,521,False,0
620283925,621036600,521,False,0
620286676,621036600,521,False,0
620289425,621036600,521,False,0
620307311,621036600,521,False,0
620557746,621036600,521,False,0
620618298,621036600,521,False,0
620627917,621036600,521,False,0
620640297,621036600,521,False,0
620645810,621036600,521,False,0
620655436,621036600,521,False,0
620655454,621036600,521,False,0
620685725,621036600,521,False,0
620780669,621036600,521,False,0
620788918,621036600,521,False,0
620794420,621036600,521,False,0
620832943,621036600,521,False,0
620838454,621036600,521,False,0
620841195,621036600,521,False,0
620852216,621036600,521,False,0
620901746,621036600,521,False,0
620907253,621036600,521,False,0
620921004,621036600,521,False,0
620958153,621036600,521,False,1
710022441,710478754,528,True,0
710026409,710478754,528,True,0
710030367,710478754,528,True,0
710036328,710478754,528,True,0
710038312,710478754,528,True,0
710042267,710478754,528,True,0
710044251,710478754,528,True,0
710228769,710478754,528,True,0
710260506,710478754,528,True,0
710272419,710478754,528,True,0
710294237,710478754,528,True,0
710318053,710478754,528,True,0
710320024,710478754,528,True,0
710363681,710478754,528,True,0
710377562,710478754,528,True,0
710389482,710478754,528,True,0
710427167,710478754,528,True,1
710454935,710478754,528,True,0
710460902,710478754,528,True,0
710522412,710478754,528,True,1
710284326,710504546,528,True,0
710405353,710504546,528,True,0
710411305,710504546,528,True,1
710437094,710504546,528,True,0
710484714,710504546,528,True,1
720068424,720233086,660,False,0
720068429,720233086,660,False,0
720070372,720233086,660,False,0
720070413,720233086,660,False,0
720072350,720233086,660,False,0
720072385,720233086,660,False,0
720074343,720233086,660,False,0
720076336,720233086,660,False,0
720080322,720233086,660,False,0
720084297,720233086,660,False,0
720100159,720233086,660,False,0
720106075,720233086,660,False,0
720118011,720233086,660,False,0
720120011,720233086,660,False,0
720125932,720233086,660,False,0
720129909,720233086,660,False,0
720137821,720233086,660,False,0
720141838,720233086,660,False,0
720149744,720233086,660,False,0
720157648,720233086,660,False,0
720159676,720233086,660,False,1
720167618,720233086,660,False,0
720173533,720233086,660,False,0
720175536,720233086,660,False,1
720183486,720233086,660,False,0
720189393,720233086,660,False,1
720191415,720233086,660,False,1
720193421,720233086,660,False,1
120544890,120618109,675,True,0
120554877,120618109,675,True,1
120752898,120694655,675,True,1
540707375,541494964,779,False,0
540716780,541494964,779,False,0
540722163,541494964,779,False,0
540728896,541494964,779,False,0
540730224,541494964,779,False,0
540730225,541494964,779,False,0
540731568,541494964,779,False,0
540734261,541494964,779,False,0
540735605,541494964,779,False,0
540735606,541494964,779,False,0
540736960,541494964,779,False,0
540759809,541494964,779,False,0
540766510,541494964,779,False,0
540771897,541494964,779,False,0
540817594,541494964,779,False,0
540861943,541494964,779,False,0
540934518,541494964,779,False,0
540960061,541494964,779,False,0
540978867,541494964,779,False,0
541110591,541494964,779,False,0
541226173,541494964,779,False,0
541398188,541494964,779,False,1
541407612,541494964,779,False,1
541533953,541494964,779,False,1
541558139,541494964,779,False,1
620259152,620973297,837,False,0
620260528,620973297,837,False,0
620290796,620973297,837,False,0
620304555,620973297,837,False,0
620311435,620973297,837,False,0
620524713,620973297,837,False,0
620561866,620973297,837,False,0
620581123,620973297,837,False,0
620590768,620973297,837,False,0
620611395,620973297,837,False,0
620612778,620973297,837,False,0
620619663,620973297,837,False,0
620632044,620973297,837,False,0
620641672,620973297,837,False,0
620656812,620973297,837,False,0
620659557,620973297,837,False,0
620762754,620973297,837,False,0
620776518,620973297,837,False,0
620779273,620973297,837,False,0
620801292,620973297,837,False,0
620859084,620973297,837,False,0
620874218,620973297,837,False,0
620894850,620973297,837,False,1
620971921,620973297,837,False,1
620989797,620973297,837,False,1
621017312,620973297,837,False,1
440100570,440534020,858,False,0
440101946,440534020,858,False,0
440103322,440534020,858,False,0
440103324,440534020,858,False,0
440104705,440534020,858,False,0
440106076,440534020,858,False,0
440107452,440534020,858,False,0
440108831,440534020,858,False,0
440108837,440534020,858,False,0
440114331,440534020,858,False,0
440115714,440534020,858,False,0
440115716,440534020,858,False,0
440121198,440534020,858,False,0
440125335,440534020,858,False,0
440126718,440534020,858,False,0
440128094,440534020,858,False,0
440129470,440534020,858,False,0
440220273,440534020,858,False,0
440243672,440534020,858,False,0
440271182,440534020,858,False,0
440312460,440534020,858,False,0
440342746,440534020,858,False,0
440348236,440534020,858,False,1
440348261,440534020,858,False,0
440349639,440534020,858,False,0
440408790,440534020,858,False,0
440408802,440534020,858,False,0
440412937,440534020,858,False,0
440430822,440534020,858,False,0
440440437,440534020,858,False,1
440461067,440534020,858,False,1
440484489,440534020,858,False,1
440520256,440534020,858,False,1
310061424,310186386,1019,True,0
310071339,310186386,1019,True,0
310087213,310186386,1019,True,0
310109039,310186386,1019,True,1
310124893,310186386,1019,True,0
310164571,310186386,1019,True,0
310180451,310186386,1019,True,1
820269406,820297703,1048,False,1
240019017,240278249,1412,False,0
240022463,240278249,1412,False,0
240164172,240278249,1412,False,0
240168778,240278249,1412,False,0
240192973,240278249,1412,False,0
240260928,240278249,1412,False,1
470177338,470582748,1431,True,0
470405817,470582748,1431,True,0
720062422,720197360,1434,False,0
720066392,720197360,1434,False,0
720068389,720197360,1434,False,0
720080261,720197360,1434,False,0
720086220,720197360,1434,False,0
720092192,720197360,1434,False,0
720096123,720197360,1434,False,0
720116000,720197360,1434,False,0
720119948,720197360,1434,False,0
720151682,720197360,1434,False,0
720155682,720197360,1434,False,0
720169547,720197360,1434,False,1
720171547,720197360,1434,False,0
720240959,720197360,1434,False,1
470168380,470582748,1763,True,0
470178462,470582748,1763,True,0
470554779,470582748,1763,True,1
240066130,240266565,1849,False,0
240076494,240266565,1849,False,0
240086858,240266565,1849,False,0
240086861,240266565,1849,False,0
240088010,240266565,1849,False,0
240090324,240266565,1849,False,0
240197456,240266565,1849,False,0
240212433,240266565,1849,False,0
240010958,240273631,2010,False,0
240012110,240273631,2010,False,0
240175698,240273631,2010,False,0
820101414,820297703,2222,False,0
820105447,820297703,2222,False,0
820126951,820297703,2222,False,0
820133885,820315364,2339,False,0
820143296,820315364,2339,False,0
820171518,820315364,2339,False,0
820202442,820315364,2339,False,0
820210496,820315364,2339,False,0
820236038,820315364,2339,False,0
820281733,820315364,2339,False,0
820320703,820315364,2339,False,1
290007073,290708858,2391,False,0
290016706,290708858,2391,False,0
290020826,290708858,2391,False,0
290279518,290708858,2391,False,0
290351071,290708858,2391,False,0
290355193,290708858,2391,False,1
290389598,290708858,2391,False,0
290452897,290708858,2391,False,1
290481785,290708858,2391,False,1
740330351,740275361,2453,False,0
240086875,240247056,2533,False,0
240112214,240247056,2533,False,0
240124889,240247056,2533,False,0
240127188,240247056,2533,False,0
240128340,240247056,2533,False,0
240175569,240247056,2533,False,0
240179030,240247056,2533,False,0
240182485,240247056,2533,False,0
240191695,240247056,2533,False,0
240250450,240247056,2533,False,0
240274640,240247056,2533,False,1
240283865,240247056,2533,False,1
240291926,240247056,2533,False,1
240012068,240278249,2632,False,0
240128419,240278249,2632,False,0
240129569,240278249,2632,False,0
240146862,240278249,2632,False,0
240152616,240278249,2632,False,0
240166431,240278249,2632,False,0
240175660,240278249,2632,False,0
240229801,240278249,2632,False,0
660031723,660108460,2681,True,0
660032427,660108460,2681,True,0
660033132,660108460,2681,True,0
660036652,660108460,2681,True,0
660039467,660108460,2681,True,0
660040171,660108460,2681,True,0
660043691,660108460,2681,True,0
660064811,660108460,2681,True,0
660082412,660108460,2681,True,0
660085228,660108460,2681,True,0
660101420,660108460,2681,True,1
740019869,740275361,2723,False,0
740026593,740275361,2723,False,0
740232222,740275361,2723,False,0
740236247,740275361,2723,False,0
740244319,740275361,2723,False,0
740304802,740275361,2723,False,0
740314207,740275361,2723,False,0
660031528,660108968,2804,False,0
660088552,660108968,2804,False,0
660091368,660108968,2804,False,0
660092776,660108968,2804,False,1
660095591,660108968,2804,False,0
660111782,660108968,2804,False,0
660113894,660108968,2804,False,0
820124237,820297703,3035,False,0
820222348,820297703,3035,False,0
240074122,240264260,3083,False,0
240087947,240264260,3083,False,0
240185879,240264260,3083,False,0
240214680,240264260,3083,False,0
240230789,240264260,3083,False,0
240263061,240264260,3083,False,0
240369028,240264260,3083,False,1
320156366,320464008,3195,False,0
320172495,320464008,3195,False,0
320174800,320464008,3195,False,0
320247374,320464008,3195,False,0
320304975,320464008,3195,False,0
820117752,820315364,3291,False,0
820136568,820315364,3291,False,0
820170166,820315364,3291,False,0
820230645,820315364,3291,False,0
820307259,820315364,3291,False,1
360011341,360050233,3853,True,0
360014036,360050233,3853,True,0
360014868,360050233,3853,True,0
360030470,360050233,3853,True,0
360033798,360050233,3853,True,0
360034216,360050233,3853,True,0
360046282,360050233,3853,True,0
360049193,360050233,3853,True,1
360049608,360050233,3853,True,0
360052106,360050233,3853,True,1
240024791,240273631,4141,False,0
240179161,240273631,4141,False,0
240199893,240273631,4141,False,0
740038712,740275361,4173,False,0
740333046,740275361,4173,False,0
640519237,640447865,4177,True,1
820102689,820297703,4210,False,0
820104033,820297703,4210,False,0
820105374,820297703,4210,False,0
820157795,820297703,4210,False,0
820219620,820297703,4210,False,0
240213540,240264260,4292,False,0
160065233,160177351,4312,False,0
160066402,160177351,4312,False,0
160071075,160177351,4312,False,0
160072243,160177351,4312,False,0
160075749,160177351,4312,False,0
160163350,160177351,4312,False,0
160204228,160177351,4312,False,0
160207731,160177351,4312,False,1
650044368,650299563,4451,False,0
650045968,650299563,4451,False,0
650049967,650299563,4451,False,0
650050767,650299563,4451,False,0
650052367,650299563,4451,False,0
650165967,650299563,4451,False,0
650181165,650299563,4451,False,0
650203567,650299563,4451,False,0
820132088,820391506,4487,False,0
820133432,820391506,4487,False,0
820196599,820391506,4487,False,0
820234230,820391506,4487,False,0
710482261,710938579,4495,True,0
710595351,710938579,4495,True,0
710720342,710938579,4495,True,0
820322054,820315364,4559,False,1
820069103,820261289,4566,False,0
820074477,820261289,4566,False,0
820075820,820261289,4566,False,0
820081202,820261289,4566,False,0
820212910,820261289,4566,False,0
820233074,820261289,4566,False,0
820239791,820261289,4566,False,1
820125581,820297703,4869,False,0
820175304,820297703,4869,False,0
820246541,820297703,4869,False,0
740029234,740275361,5130,False,0
740033268,740275361,5130,False,0
740034605,740275361,5130,False,0
740035947,740275361,5130,False,0
740435113,740275361,5130,False,0
740464685,740275361,5130,False,1
820216985,820297703,5440,False,0
160075799,160290686,5540,False,0
160179751,160290686,5540,False,0
470063417,470332203,5548,True,0
470074626,470332203,5548,True,0
470080219,470332203,5548,True,0
470172068,470332203,5548,True,0
470185504,470332203,5548,True,0
470240381,470332203,5548,True,0
470248228,470332203,5548,True,0
470300869,470332203,5548,True,1
470310951,470332203,5548,True,1
220334894,220734010,5867,False,0
220355533,220734010,5867,False,0
220363788,220734010,5867,False,0
220363793,220734010,5867,False,0
220365164,220734010,5867,False,0
220391305,220734010,5867,False,0
220450478,220734010,5867,False,0
220491751,220734010,5867,False,0
220549547,220734010,5867,False,0
220683018,220734010,5867,False,1
820118681,820391506,6059,False,0
820120025,820391506,6059,False,0
240075280,240264260,6121,False,0
240079893,240264260,6121,False,0
240159376,240264260,6121,False,0
240192789,240264260,6121,False,0
240273422,240264260,6121,False,0
240282642,240264260,6121,False,0
470200826,470582748,6558,True,0
470531227,470582748,6558,True,1
240154977,240273631,6628,False,0
820118871,820297703,6709,False,0
820273431,820297703,6709,False,0
290338718,290708858,7056,False,0
290417150,290708858,7056,False,0
290488699,290708858,7056,False,0
290550618,290708858,7056,False,0
290684089,290708858,7056,False,1
290722623,290708858,7056,False,1
820261117,820391506,7281,False,0
740258852,740516911,7385,False,0
740277669,740516911,7385,False,0
740358314,740516911,7385,False,0
740404008,740516911,7385,False,0
820117532,820297703,7710,False,0
820129635,820297703,7710,False,0
820233117,820297703,7710,False,0
740201307,740275361,7809,False,0
740257751,740275361,7809,False,0
740029295,740275361,7818,False,0
740030639,740275361,7818,False,0
740244340,740275361,7818,False,0
740281973,740275361,7818,False,0
470196317,470582748,7881,True,0
470513278,470582748,7881,True,0
740336992,740275361,8889,False,0
810118595,810197561,9167,False,0
810123630,810197561,9167,False,0
810175705,810197561,9167,False,0
470234415,470573803,9466,True,0
470252333,470573803,9466,True,0
470255696,470573803,9466,True,0
470300495,470573803,9466,True,0
470405774,470573803,9466,True,0
470481934,470573803,9466,True,1
820132093,820391506,9760,False,0
820141502,820391506,9760,False,0
820206018,820391506,9760,False,0
820207361,820391506,9760,False,0
820228864,820391506,9760,False,0
820285306,820391506,9760,False,0
820078481,820297703,9763,False,0
820140310,820297703,9763,False,0
820169874,820297703,9763,False,0
740030691,740275361,9956,False,0
740034724,740275361,9956,False,0
740037410,740275361,9956,False,0
740327712,740275361,9956,False,0
720064458,720233086,9965,False,0
720112074,720233086,9965,False,0
720116033,720233086,9965,False,0
720125961,720233086,9965,False,0
720167621,720233086,9965,False,0
720199373,720233086,9965,False,1
720157694,720233086,10084,False,0
740277620,740460455,10229,False,0
740342136,740460455,10229,False,0
740364988,740460455,10229,False,1
820157801,820297703,10466,False,0
820167208,820297703,10466,False,0
820167211,820297703,10466,False,0
820085230,820297703,10475,False,0
820086574,820297703,10475,False,0
820257262,820297703,10475,False,0
820262634,820297703,10475,False,1
130314573,130425872,10505,False,0
130352246,130425872,10505,False,0
130449827,130425872,10505,False,1
310021746,310186386,10987,True,0
310023730,310186386,10987,True,0
820087893,820297703,10998,False,0
820289490,820297703,10998,False,1
740373107,740666258,11211,False,0
740428211,740666258,11211,False,0
740457782,740666258,11211,False,1
120253189,120665949,11261,False,0
120256524,120665949,11261,False,0
120261515,120665949,11261,False,0
120299791,120665949,11261,False,0
120449545,120665949,11261,False,1
120464519,120665949,11261,False,0
120471183,120665949,11261,False,0
240205642,240278249,11591,False,0
740012967,740666258,11897,False,0
240009782,240278249,12265,False,0
240176827,240278249,12265,False,0
240301238,240278249,12265,False,1
220256548,220657013,12310,False,0
220257924,220657013,12310,False,0
220511108,220657013,12310,False,0
220645958,220657013,12310,False,1
470191838,470582748,12392,True,0
470567037,470582748,12392,True,1
290112905,290256020,12419,True,0
290114281,290256020,12419,True,0
290178954,290256020,12419,True,0
240173244,240264260,14315,False,0
240278074,240264260,14315,False,1
740074928,740275361,15062,False,0
740076271,740275361,15062,False,0
740091051,740275361,15062,False,0
740093737,740275361,15062,False,0
740312813,740275361,15062,False,0
740326254,740275361,15062,False,0
740354476,740275361,15062,False,0
740451241,740275361,15062,False,0
740468718,740275361,15062,False,1
740519789,740275361,15062,False,1
740535914,740275361,15062,False,1
240199731,240264260,15099,False,0
130307716,130425872,15149,False,0
130338535,130425872,15149,False,0
740033318,740275361,15394,False,0
740033319,740275361,15394,False,0
740026308,740460455,15417,False,0
740230598,740460455,15417,False,0
740331403,740460455,15417,False,0
240015582,240273631,15505,False,0
240016734,240273631,15505,False,0
740285685,740460455,15972,False,1
